shipment_id,source_hub,destination_hub,intermediate_hub,corridor,route_id,route_type,vehicle_type,route_distance,traffic_level,weather_condition,congestion_score,num_stops,hub_load,hub_capacity,shipment_priority,time_of_day,day_of_week,actual_delivery_time,promised_delivery_time,delivery_time_hrs,delay_minutes,sla_breach,shipment_datetime
SHP00001,Chennai,Mumbai,Surat,General Network,Chennai_Mumbai,Rural,Carting Vehicle,473,0.76,Cloudy,0.752,4,0.74,3500,Express,Evening Rush,Thursday,24.574,19.325,24.574,633.6,0,2024-04-11 19:00:00
SHP00002,Mumbai,Pune,,Mumbai-Pune Expressway,Mumbai_Pune,Expressway,Carting Vehicle,483,0.29,Rain,0.498,0,0.81,5000,Same-Day,Evening Rush,Tuesday,11.379,12.228,11.379,276.0,0,2024-01-23 20:00:00
SHP00003,Indore,Bangalore,Ahmedabad,General Network,Indore_Bangalore,Mixed,Container,1031,0.27,Rain,0.266,5,0.26,1400,Same-Day,Midday,Friday,32.279,24.0,32.279,723.8,1,2024-07-05 11:00:00
SHP00004,Jaipur,Bangalore,,General Network,Jaipur_Bangalore,Mixed,Container,1225,0.76,Storm,0.588,3,0.33,2200,Express,Midday,Monday,79.413,33.523,79.413,3323.6,1,2024-01-29 13:00:00
SHP00005,Surat,Bhopal,,General Network,Surat_Bhopal,Rural,Container,2149,0.89,Clear,0.714,5,0.45,1800,Express,Afternoon,Wednesday,91.434,48.0,91.434,2115.1,1,2024-10-02 14:00:00
SHP00006,Bhopal,Vadodara,Chandigarh,General Network,Bhopal_Vadodara,Expressway,Carting Vehicle,538,0.56,Rain,0.444,0,0.27,1200,Express,Evening Rush,Friday,14.56,12.505,14.56,420.6,0,2024-02-02 18:00:00
SHP00007,Coimbatore,Jaipur,,General Network,Coimbatore_Jaipur,Mixed,Container,554,0.78,Clear,0.792,2,0.81,900,Standard,Midday,Friday,19.662,16.175,19.662,527.9,0,2024-09-13 11:00:00
SHP00008,Chennai,Surat,Jaipur,General Network,Chennai_Surat,Mixed,Carting Vehicle,2252,0.44,Fog,0.396,6,0.33,3500,Express,Afternoon,Thursday,95.8,48.0,95.8,2745.3,1,2024-07-04 15:00:00
SHP00009,Kochi,Bangalore,,General Network,Kochi_Bangalore,Highway,FTL Truck,635,0.98,Storm,0.84,1,0.63,800,Economy,Midday,Thursday,35.391,15.176,35.391,1647.2,0,2024-10-03 12:00:00
SHP00010,Indore,Nagpur,Delhi,General Network,Indore_Nagpur,Expressway,FTL Truck,2362,0.32,Fog,0.292,0,0.25,1400,Economy,Midday,Wednesday,52.519,36.153,52.519,1659.4,0,2024-01-31 13:00:00
SHP00011,Surat,Bangalore,,General Network,Surat_Bangalore,Mixed,Mini Truck,2470,0.29,Cloudy,0.298,4,0.31,1800,Same-Day,Evening Rush,Sunday,53.971,24.0,53.971,493.8,1,2024-06-30 19:00:00
SHP00012,Delhi,Hyderabad,,General Network,Delhi_Hyderabad,Highway,FTL Truck,681,0.32,Heavy Rain,0.332,3,0.35,4800,Same-Day,Evening Rush,Thursday,17.534,15.564,17.534,541.3,0,2024-02-08 20:00:00
SHP00013,Vizag,Chennai,,General Network,Vizag_Chennai,Highway,FTL Truck,1775,0.93,Storm,0.91,1,0.88,850,Standard,Afternoon,Thursday,86.821,29.852,86.821,3878.0,1,2024-07-18 14:00:00
SHP00014,Patna,Lucknow,,General Network,Patna_Lucknow,Expressway,Carting Vehicle,2486,0.27,Storm,0.31,0,0.37,1100,Economy,Night,Sunday,104.739,46.559,104.739,4190.9,0,2024-09-01 22:00:00
SHP00015,Coimbatore,Kolkata,Lucknow,General Network,Coimbatore_Kolkata,Highway,Carting Vehicle,1068,0.16,Fog,0.196,6,0.25,900,Standard,Night,Friday,31.891,26.618,31.891,845.4,0,2024-08-02 22:00:00
SHP00016,Pune,Nagpur,,General Network,Pune_Nagpur,City Road,Carting Vehicle,377,0.7,Rain,0.596,2,0.44,2800,Economy,Midday,Wednesday,36.868,23.655,36.868,1350.3,0,2024-02-07 12:00:00
SHP00017,Hyderabad,Indore,,General Network,Hyderabad_Indore,Highway,Express Van,1358,0.24,Cloudy,0.492,5,0.87,3800,Same-Day,Morning Rush,Thursday,19.626,22.408,19.626,291.9,0,2024-12-05 09:00:00
SHP00018,Hyderabad,Lucknow,,General Network,Hyderabad_Lucknow,Highway,Express Van,953,0.35,Clear,0.358,2,0.37,3800,Express,Morning Rush,Saturday,13.402,15.471,13.402,182.6,0,2024-01-27 08:00:00
SHP00019,Jaipur,Delhi,,NCR-Rajasthan Corridor,Jaipur_Delhi,Highway,Express Van,1866,0.25,Rain,0.37,5,0.55,2200,Express,Midday,Monday,33.162,29.55,33.162,772.7,0,2024-07-08 10:00:00
SHP00020,Delhi,Surat,,General Network,Delhi_Surat,Rural,Carting Vehicle,2399,0.71,Clear,0.718,2,0.73,4800,Same-Day,Midday,Wednesday,96.199,24.0,96.199,1507.0,1,2024-05-01 11:00:00
SHP00021,Kolkata,Patna,Jaipur,Eastern Corridor,Kolkata_Patna,Highway,Mini Truck,1113,0.82,Cloudy,0.848,6,0.89,3200,Same-Day,Evening Rush,Friday,26.428,22.979,26.428,658.2,1,2024-04-12 20:00:00
SHP00022,Ahmedabad,Mumbai,,Gujarat-Maharashtra Corridor,Ahmedabad_Mumbai,City Road,Express Van,1550,0.88,Heavy Rain,0.916,2,0.97,2600,Same-Day,Morning Rush,Monday,102.532,24.0,102.532,3841.3,1,2024-01-15 09:00:00
SHP00023,Jaipur,Kolkata,Vadodara,General Network,Jaipur_Kolkata,Mixed,FTL Truck,1391,0.64,Rain,0.576,6,0.48,2200,Standard,Evening Rush,Saturday,51.556,32.157,51.556,1702.3,0,2024-12-28 19:00:00
SHP00024,Pune,Indore,Patna,General Network,Pune_Indore,Expressway,Container,1342,,Clear,0.58,5,0.88,2800,Same-Day,Midday,Friday,20.944,24.0,20.944,259.5,0,2024-05-31 10:00:00
SHP00025,Kolkata,Vadodara,Nagpur,General Network,Kolkata_Vadodara,Rural,Express Van,1428,0.36,Heavy Rain,0.432,4,0.54,3200,Standard,Morning Rush,Wednesday,65.408,40.712,65.408,2268.8,0,2024-03-27 08:00:00
SHP00026,Bangalore,Jaipur,,General Network,Bangalore_Jaipur,Rural,Carting Vehicle,407,0.12,Cloudy,0.232,3,0.4,4200,Express,Evening Rush,Sunday,14.763,17.455,14.763,162.2,0,2024-12-22 18:00:00
SHP00027,Ahmedabad,Hyderabad,,General Network,Ahmedabad_Hyderabad,Highway,Carting Vehicle,1985,0.26,Clear,0.544,4,0.97,2600,Economy,Afternoon,Saturday,47.72,45.867,47.72,878.2,0,2024-09-28 16:00:00
SHP00028,Patna,Vizag,,General Network,Patna_Vizag,Expressway,Carting Vehicle,1132,0.77,Fog,0.694,2,0.58,1100,Economy,Afternoon,Thursday,44.552,23.592,44.552,1719.8,0,2024-05-02 14:00:00
SHP00029,Lucknow,Ahmedabad,,General Network,Lucknow_Ahmedabad,Rural,Container,718,0.17,Rain,0.23,3,0.32,2000,Same-Day,Evening Rush,Saturday,26.024,24.0,26.024,435.2,1,2024-08-03 18:00:00
SHP00030,Kochi,Mumbai,Patna,General Network,Kochi_Mumbai,Mixed,FTL Truck,1830,,Heavy Rain,0.746,3,0.44,800,Economy,Evening Rush,Monday,109.87,43.063,109.87,4762.2,0,2024-04-22 21:00:00
SHP00031,Chandigarh,Mumbai,Bhopal,General Network,Chandigarh_Mumbai,Expressway,Carting Vehicle,2268,0.86,Rain,0.892,4,0.94,1000,Economy,Midday,Saturday,87.101,44.096,87.101,3316.1,0,2024-08-24 11:00:00
SHP00032,Surat,Pune,,General Network,Surat_Pune,Expressway,Mini Truck,1118,0.35,Rain,0.594,3,0.96,1800,Same-Day,Midday,Friday,22.032,18.207,22.032,537.4,0,2024-06-28 13:00:00
SHP00033,Delhi,Mumbai,,Western Corridor,Delhi_Mumbai,City Road,Container,584,0.24,Cloudy,0.264,5,0.3,4800,Standard,Midday,Wednesday,28.439,28.943,28.439,528.5,0,2024-02-28 11:00:00
SHP00034,Chennai,Vadodara,Patna,General Network,Chennai_Vadodara,Highway,Mini Truck,1080,0.95,Rain,0.714,4,0.36,3500,Economy,Morning Rush,Saturday,43.608,23.237,43.608,1716.5,0,2024-03-02 07:00:00
SHP00035,Nagpur,Bangalore,,General Network,Nagpur_Bangalore,Mixed,FTL Truck,1878,0.86,Storm,0.86,0,0.86,1600,Same-Day,Afternoon,Friday,99.858,24.0,99.858,4113.5,1,2024-11-29 14:00:00
SHP00036,Vizag,Chandigarh,Surat,General Network,Vizag_Chandigarh,Expressway,Express Van,1250,0.87,Heavy Rain,0.866,0,,850,Same-Day,Afternoon,Saturday,30.21,18.315,30.21,1126.1,1,2024-07-13 16:00:00
SHP00037,Kolkata,Coimbatore,,General Network,Kolkata_Coimbatore,City Road,Express Van,2356,0.35,Rain,0.482,2,0.68,3200,Same-Day,Evening Rush,Friday,90.356,24.0,90.356,1909.3,1,2024-05-03 21:00:00
SHP00038,Chandigarh,Patna,Coimbatore,General Network,Chandigarh_Patna,Highway,Carting Vehicle,2485,0.46,Clear,0.432,5,0.39,1000,Same-Day,Afternoon,Tuesday,50.577,24.0,50.577,549.6,1,2024-10-08 16:00:00
SHP00039,Jaipur,Surat,,General Network,Jaipur_Surat,Rural,Carting Vehicle,850,0.38,Cloudy,0.544,6,0.79,2200,Standard,Morning Rush,Friday,38.362,35.839,38.362,790.6,0,2024-05-24 09:00:00
SHP00040,Lucknow,Ahmedabad,,General Network,Lucknow_Ahmedabad,Rural,FTL Truck,338,0.74,Cloudy,0.564,0,0.3,2000,Same-Day,Morning Rush,Sunday,10.802,13.316,10.802,197.5,0,2024-09-08 09:00:00
SHP00041,Kochi,Lucknow,Ahmedabad,General Network,Kochi_Lucknow,Expressway,Express Van,2043,0.27,Heavy Rain,0.258,6,0.24,800,Economy,Afternoon,Sunday,49.117,25.525,49.117,1825.0,0,2024-03-17 15:00:00
SHP00042,Chennai,Kochi,,General Network,Chennai_Kochi,Expressway,Container,1855,0.44,Fog,0.636,2,0.93,3500,Express,Midday,Tuesday,44.312,34.704,44.312,1280.4,0,2024-02-20 12:00:00
SHP00043,Jaipur,Bangalore,,General Network,Jaipur_Bangalore,City Road,Container,2022,0.17,Cloudy,0.182,3,0.2,2200,Express,Afternoon,Monday,78.802,48.0,78.802,650.1,1,2024-04-29 14:00:00
SHP00044,Kochi,Pune,Surat,General Network,Kochi_Pune,Expressway,Carting Vehicle,334,0.92,Clear,0.896,0,0.86,800,Express,Evening Rush,Monday,9.011,10.391,9.011,259.4,0,2024-05-27 20:00:00
SHP00045,Indore,Jaipur,,General Network,Indore_Jaipur,Mixed,Mini Truck,1438,0.17,Fog,0.194,3,0.23,1400,Economy,Afternoon,Thursday,52.338,37.919,52.338,1542.5,0,2024-01-11 14:00:00
SHP00046,Kolkata,Coimbatore,Vizag,General Network,Kolkata_Coimbatore,Mixed,Express Van,2099,0.26,Storm,0.424,5,0.67,3200,Economy,Midday,Friday,92.725,41.831,92.725,3738.3,0,2024-02-23 11:00:00
SHP00047,Lucknow,Bhopal,,General Network,Lucknow_Bhopal,Mixed,FTL Truck,1767,0.38,Clear,0.412,6,0.46,2000,Economy,Afternoon,Sunday,46.154,39.502,46.154,1002.3,0,2024-09-22 17:00:00
SHP00048,Chandigarh,Patna,Mumbai,General Network,Chandigarh_Patna,Highway,Container,2072,0.22,Cloudy,0.304,5,0.43,1000,Same-Day,Midday,Sunday,34.789,24.0,34.789,259.1,1,2024-12-29 11:00:00
SHP00049,Vizag,Bhopal,Kochi,General Network,Vizag_Bhopal,Highway,Mini Truck,2139,0.95,Cloudy,0.858,1,0.72,850,Standard,Midday,Wednesday,58.851,40.596,58.851,1748.6,0,2024-10-09 10:00:00
SHP00050,Hyderabad,Bangalore,Vadodara,General Network,Hyderabad_Bangalore,Rural,Container,1339,0.34,Heavy Rain,0.284,5,,3800,Same-Day,Evening Rush,Friday,69.506,24.0,69.506,2070.0,1,2024-08-16 21:00:00
SHP00051,Vizag,Indore,,General Network,Vizag_Indore,Expressway,Carting Vehicle,1764,0.61,Rain,0.522,6,0.39,850,Express,Midday,Friday,49.853,37.139,49.853,1505.7,1,2024-11-29 10:00:00
SHP00052,Delhi,Kolkata,,Northern-Eastern Corridor,Delhi_Kolkata,Mixed,FTL Truck,1951,0.89,Fog,0.754,4,0.55,4800,Same-Day,Morning Rush,Wednesday,72.993,24.0,72.993,2428.6,1,2024-03-20 08:00:00
SHP00053,Jaipur,Nagpur,Surat,General Network,Jaipur_Nagpur,Mixed,FTL Truck,2289,0.87,Storm,0.874,6,0.88,2200,Economy,Morning Rush,Tuesday,163.6,52.759,163.6,7527.0,1,2024-11-12 08:00:00
SHP00054,Ahmedabad,Bangalore,,General Network,Ahmedabad_Bangalore,Expressway,Mini Truck,288,0.25,Clear,0.326,0,0.44,2600,Standard,Midday,Friday,4.166,6.878,4.166,47.8,0,2024-03-15 13:00:00
SHP00055,Kochi,Kolkata,,General Network,Kochi_Kolkata,City Road,Container,2155,0.88,Cloudy,0.808,1,0.7,800,Standard,Afternoon,Monday,136.686,72.0,136.686,3854.9,1,2024-08-26 15:00:00
SHP00056,Kolkata,Bangalore,,General Network,Kolkata_Bangalore,Expressway,Mini Truck,919,0.72,Rain,0.66,2,0.57,3200,Same-Day,Afternoon,Tuesday,21.646,16.499,21.646,653.9,0,2024-07-02 15:00:00
SHP00057,Lucknow,Mumbai,,General Network,Lucknow_Mumbai,Expressway,Container,2132,0.88,Rain,0.856,0,0.82,2000,Standard,Midday,Wednesday,63.652,36.084,63.652,2235.0,0,2024-05-08 10:00:00
SHP00058,Delhi,Surat,,General Network,Delhi_Surat,Expressway,Carting Vehicle,1792,0.18,Clear,0.284,5,0.44,4800,Same-Day,Night,Saturday,26.124,24.0,26.124,58.4,1,2024-07-06 22:00:00
SHP00059,Jaipur,Kolkata,,General Network,Jaipur_Kolkata,Rural,Express Van,670,0.82,Heavy Rain,0.72,0,0.57,2200,Same-Day,Morning Rush,Saturday,34.279,21.049,34.279,1279.9,1,2024-07-06 08:00:00
SHP00060,Mumbai,Lucknow,,General Network,Mumbai_Lucknow,Mixed,Express Van,1680,0.71,Clear,0.722,4,0.74,5000,Economy,Afternoon,Saturday,45.039,33.587,45.039,1241.4,0,2024-01-13 16:00:00
SHP00061,Ahmedabad,Bangalore,,General Network,Ahmedabad_Bangalore,Expressway,Mini Truck,1357,0.21,Storm,0.222,0,0.24,2600,Same-Day,Evening Rush,Sunday,34.553,23.117,34.553,1120.9,1,2024-12-22 19:00:00
SHP00062,Hyderabad,Patna,Lucknow,General Network,Hyderabad_Patna,Highway,Express Van,1916,0.13,Heavy Rain,0.278,3,0.5,3800,Economy,Afternoon,Saturday,47.952,30.817,47.952,1627.5,0,2024-10-05 17:00:00
SHP00063,Pune,Chennai,,General Network,Pune_Chennai,Expressway,Container,1085,0.97,Clear,0.678,2,0.24,2800,Express,Afternoon,Monday,23.179,20.813,23.179,584.5,0,2024-04-29 16:00:00
SHP00064,Vadodara,Mumbai,Bangalore,General Network,Vadodara_Mumbai,Rural,Container,193,0.33,Cloudy,0.334,5,0.34,750,Express,Morning Rush,Friday,7.581,8.511,7.581,152.1,0,2024-06-14 06:00:00
SHP00065,Hyderabad,Patna,,General Network,Hyderabad_Patna,Mixed,Mini Truck,554,0.5,Clear,0.496,4,0.49,3800,Standard,Afternoon,Monday,16.981,17.805,16.981,403.3,0,2024-09-23 15:00:00
SHP00066,Mumbai,Bangalore,Kochi,Western-Southern Corridor,Mumbai_Bangalore,Expressway,FTL Truck,430,,Heavy Rain,0.696,0,0.93,5000,Economy,Afternoon,Wednesday,13.734,7.984,13.734,552.5,0,2024-11-20 16:00:00
SHP00067,Lucknow,Chandigarh,,General Network,Lucknow_Chandigarh,Mixed,FTL Truck,2351,0.81,Fog,0.602,5,0.29,2000,Economy,Afternoon,Sunday,110.05,53.533,110.05,4252.0,0,2024-02-18 16:00:00
SHP00068,Jaipur,Indore,,General Network,Jaipur_Indore,City Road,FTL Truck,498,0.18,Storm,0.216,3,0.27,2200,Economy,Afternoon,Monday,42.013,21.843,42.013,1667.1,0,2024-10-14 16:00:00
SHP00069,Bhopal,Nagpur,,General Network,Bhopal_Nagpur,Expressway,Express Van,2171,0.64,Storm,0.576,4,0.48,1200,Standard,Afternoon,Wednesday,67.719,29.058,67.719,2870.8,0,2024-02-28 14:00:00
SHP00070,Bhopal,Kochi,Hyderabad,General Network,Bhopal_Kochi,Mixed,Container,209,0.94,Fog,0.908,2,0.86,1200,Standard,Morning Rush,Friday,12.191,10.014,12.191,485.6,0,2024-06-28 06:00:00
SHP00071,Kochi,Indore,Delhi,General Network,Kochi_Indore,Highway,FTL Truck,1959,0.77,Cloudy,0.61,3,0.37,800,Standard,Midday,Saturday,44.249,35.219,44.249,1185.7,0,2024-01-27 10:00:00
SHP00072,Bangalore,Lucknow,,General Network,Bangalore_Lucknow,Expressway,Mini Truck,2185,0.65,Storm,0.602,1,0.53,4200,Economy,Evening Rush,Wednesday,96.978,36.935,96.978,4285.3,0,2024-10-30 21:00:00
SHP00073,Lucknow,Delhi,,UP Corridor,Lucknow_Delhi,City Road,FTL Truck,658,0.28,Heavy Rain,0.552,6,0.96,2000,Standard,Midday,Sunday,43.418,25.957,43.418,1477.1,0,2024-09-29 13:00:00
SHP00074,Nagpur,Bangalore,,General Network,Nagpur_Bangalore,Expressway,Mini Truck,1398,0.12,Storm,0.448,6,0.94,1600,Standard,Morning Rush,Tuesday,42.253,24.817,42.253,1554.1,0,2024-05-28 09:00:00
SHP00075,Surat,Kolkata,,General Network,Surat_Kolkata,Mixed,FTL Truck,1753,0.49,Heavy Rain,0.406,3,0.28,1800,Same-Day,Night,Friday,63.273,24.0,63.273,2043.4,1,2024-02-09 22:00:00
SHP00076,Coimbatore,Vizag,,General Network,Coimbatore_Vizag,City Road,Carting Vehicle,828,0.31,Rain,0.314,1,0.32,900,Same-Day,Evening Rush,Sunday,47.281,24.0,47.281,944.3,1,2024-11-17 21:00:00
SHP00077,Kochi,Vadodara,Bangalore,General Network,Kochi_Vadodara,Expressway,Express Van,1337,0.24,Storm,0.244,3,0.25,800,Same-Day,Afternoon,Sunday,28.923,17.06,28.923,1001.1,1,2024-07-07 15:00:00
SHP00078,Vadodara,Coimbatore,,General Network,Vadodara_Coimbatore,Expressway,Mini Truck,1434,0.92,Heavy Rain,0.816,1,0.66,750,Standard,Afternoon,Thursday,53.331,23.051,53.331,2193.6,0,2024-02-22 16:00:00
SHP00079,Bangalore,Vizag,Hyderabad,General Network,Bangalore_Vizag,City Road,Mini Truck,753,0.99,Clear,0.842,4,0.62,4200,Express,Afternoon,Tuesday,40.914,34.468,40.914,1020.6,0,2024-11-19 16:00:00
SHP00080,Vizag,Indore,,General Network,Vizag_Indore,Rural,Express Van,1375,,Rain,0.394,2,0.73,850,Express,Evening Rush,Sunday,40.384,35.88,40.384,828.8,0,2024-10-13 18:00:00
SHP00081,Surat,Hyderabad,,General Network,Surat_Hyderabad,Mixed,Container,978,0.43,Clear,0.454,1,,1800,Economy,Night,Wednesday,29.857,26.238,29.857,640.9,0,2024-02-21 22:00:00
SHP00082,Coimbatore,Delhi,,General Network,Coimbatore_Delhi,Rural,Container,786,0.44,Fog,0.396,6,0.33,900,Express,Afternoon,Thursday,40.065,30.592,40.065,1170.9,0,2024-08-15 15:00:00
SHP00083,Patna,Ahmedabad,,General Network,Patna_Ahmedabad,Mixed,Mini Truck,2444,0.91,Cloudy,0.69,5,0.36,1100,Same-Day,Midday,Friday,74.828,24.0,74.828,1774.1,1,2024-04-12 10:00:00
SHP00084,Delhi,Coimbatore,,General Network,Delhi_Coimbatore,Rural,Container,753,0.87,Fog,0.694,6,0.43,4800,Standard,Midday,Friday,52.775,29.916,52.775,1985.3,0,2024-02-16 13:00:00
SHP00085,Nagpur,Mumbai,Vizag,General Network,Nagpur_Mumbai,Expressway,Container,1629,,Clear,0.468,0,0.51,1600,Economy,Morning Rush,Monday,31.508,30.391,31.508,680.1,0,2024-03-11 07:00:00
SHP00086,Hyderabad,Coimbatore,Patna,General Network,Hyderabad_Coimbatore,Expressway,FTL Truck,2365,0.12,Fog,0.22,1,0.37,3800,Standard,Morning Rush,Monday,41.143,34.516,41.143,974.9,0,2024-06-03 09:00:00
SHP00087,Vadodara,Patna,,General Network,Vadodara_Patna,Highway,Container,1079,0.58,Clear,0.632,4,0.71,750,Economy,Morning Rush,Sunday,27.289,22.377,27.289,685.3,0,2024-12-08 08:00:00
SHP00088,Nagpur,Bangalore,,General Network,Nagpur_Bangalore,Mixed,Mini Truck,1625,0.89,Fog,0.626,3,0.23,1600,Standard,Morning Rush,Friday,79.059,40.391,79.059,2938.0,1,2024-05-03 09:00:00
SHP00089,Surat,Hyderabad,,General Network,Surat_Hyderabad,Highway,Carting Vehicle,2080,0.85,,0.81,5,0.75,1800,Same-Day,Morning Rush,Saturday,70.903,24.0,70.903,2174.2,1,2024-04-13 07:00:00
SHP00090,Delhi,Nagpur,Bhopal,General Network,Delhi_Nagpur,Rural,Container,880,0.53,Fog,0.41,5,0.23,4800,Economy,Afternoon,Tuesday,56.166,34.372,56.166,1989.6,0,2024-06-18 14:00:00
SHP00091,Bhopal,Indore,Bangalore,General Network,Bhopal_Indore,Expressway,Carting Vehicle,2223,0.55,Heavy Rain,0.57,6,0.6,1200,Same-Day,Afternoon,Sunday,72.477,24.0,72.477,2476.6,1,2024-10-06 15:00:00
SHP00092,Surat,Lucknow,,General Network,Surat_Lucknow,Rural,Carting Vehicle,1563,0.72,Heavy Rain,0.624,0,0.48,1800,Economy,Morning Rush,Tuesday,147.706,65.125,147.706,6083.7,1,2024-01-30 08:00:00
SHP00093,Indore,Nagpur,,General Network,Indore_Nagpur,Mixed,FTL Truck,1876,0.23,Storm,0.414,6,0.69,1400,Express,Midday,Wednesday,76.689,45.445,76.689,2725.3,1,2024-01-17 10:00:00
SHP00094,Nagpur,Indore,Jaipur,General Network,Nagpur_Indore,Expressway,Container,1109,0.43,Clear,0.438,2,0.45,1600,Express,Morning Rush,Monday,17.481,20.925,17.481,224.8,0,2024-10-14 09:00:00
SHP00095,Patna,Pune,,General Network,Patna_Pune,Mixed,Carting Vehicle,815,0.21,Rain,0.478,3,0.88,1100,Economy,Morning Rush,Sunday,36.683,27.216,36.683,1114.3,0,2024-12-29 08:00:00
SHP00096,Lucknow,Surat,,General Network,Lucknow_Surat,City Road,Express Van,663,0.56,Storm,0.456,1,0.3,2000,Express,Evening Rush,Sunday,48.692,24.63,48.692,1933.2,1,2024-07-07 20:00:00
SHP00097,Vizag,Hyderabad,,General Network,Vizag_Hyderabad,Mixed,Express Van,2259,0.46,Clear,0.584,3,0.77,850,Standard,Evening Rush,Sunday,47.817,46.13,47.817,904.7,0,2024-08-18 20:00:00
SHP00098,Nagpur,Hyderabad,Kochi,General Network,Nagpur_Hyderabad,Mixed,Carting Vehicle,621,0.49,Storm,0.666,0,0.93,1600,Express,Midday,Sunday,39.858,20.231,39.858,1563.5,0,2024-12-29 13:00:00
SHP00099,Lucknow,Bangalore,,General Network,Lucknow_Bangalore,Rural,Carting Vehicle,2148,0.66,Cloudy,0.672,0,0.69,2000,Same-Day,Morning Rush,Friday,91.873,24.0,91.873,1693.7,1,2024-06-21 07:00:00
SHP00100,Mumbai,Chennai,Patna,General Network,Mumbai_Chennai,Highway,Carting Vehicle,235,0.79,,0.686,5,0.53,5000,Same-Day,Evening Rush,Monday,15.21,8.659,15.21,677.6,0,2024-06-03 21:00:00
SHP00101,Lucknow,Chandigarh,,General Network,Lucknow_Chandigarh,Highway,Carting Vehicle,1511,0.5,Storm,0.536,1,0.59,2000,Standard,Midday,Tuesday,78.235,35.12,78.235,3183.1,1,2024-07-23 10:00:00
SHP00102,Coimbatore,Kochi,,General Network,Coimbatore_Kochi,Highway,Mini Truck,479,0.21,Rain,0.35,1,0.56,900,Express,Midday,Tuesday,11.6,12.11,11.6,296.8,0,2024-05-07 11:00:00
SHP00103,Kochi,Surat,,General Network,Kochi_Surat,City Road,Container,179,0.52,Cloudy,0.672,3,0.9,800,Economy,Afternoon,Friday,13.056,10.233,13.056,422.4,0,2024-01-26 15:00:00
SHP00104,Chandigarh,Lucknow,Kochi,General Network,Chandigarh_Lucknow,Mixed,Mini Truck,1754,0.22,Clear,0.296,2,0.41,1000,Standard,Afternoon,Thursday,38.808,45.473,38.808,379.6,0,2024-07-04 15:00:00
SHP00105,Patna,Kochi,Surat,General Network,Patna_Kochi,Rural,Carting Vehicle,1503,0.98,Fog,0.796,6,0.52,1100,Standard,Morning Rush,Wednesday,122.826,60.894,122.826,4697.6,1,2024-01-24 07:00:00
SHP00106,Chandigarh,Vizag,,General Network,Chandigarh_Vizag,Expressway,Express Van,1342,0.94,Cloudy,0.744,3,0.45,1000,Express,Afternoon,Saturday,23.62,19.098,23.62,680.1,0,2024-12-28 15:00:00
SHP00107,Mumbai,Indore,Patna,General Network,Mumbai_Indore,Rural,Mini Truck,227,,Storm,0.714,5,0.84,5000,Standard,Evening Rush,Saturday,21.596,10.597,21.596,959.5,0,2024-01-27 21:00:00
SHP00108,Hyderabad,Jaipur,,General Network,Hyderabad_Jaipur,Highway,Carting Vehicle,1784,0.12,Fog,0.252,1,,3800,Standard,Midday,Thursday,49.27,43.335,49.27,1172.2,0,2024-02-01 10:00:00
SHP00109,Vizag,Surat,Ahmedabad,General Network,Vizag_Surat,Expressway,Express Van,1516,0.96,Fog,0.804,4,0.57,850,Economy,Evening Rush,Friday,43.088,21.813,43.088,1752.7,0,2024-11-08 21:00:00
SHP00110,Jaipur,Kochi,Vadodara,General Network,Jaipur_Kochi,Rural,Express Van,1408,0.73,Cloudy,0.738,3,0.75,2200,Same-Day,Afternoon,Monday,41.861,24.0,41.861,879.2,1,2024-05-20 15:00:00
SHP00111,Indore,Bhopal,Ahmedabad,General Network,Indore_Bhopal,Rural,FTL Truck,1907,0.36,Cloudy,0.524,2,0.77,1400,Same-Day,Midday,Sunday,52.545,24.0,52.545,610.0,1,2024-05-19 10:00:00
SHP00112,Ahmedabad,Delhi,,General Network,Ahmedabad_Delhi,Mixed,FTL Truck,499,0.19,Cloudy,0.298,3,0.46,2600,Express,Evening Rush,Saturday,10.573,15.528,10.573,135.4,0,2024-07-27 21:00:00
SHP00113,Pune,Surat,,General Network,Pune_Surat,Rural,FTL Truck,243,0.69,Rain,0.57,5,0.39,2800,Standard,Midday,Tuesday,13.956,11.365,13.956,513.4,0,2024-09-10 11:00:00
SHP00114,Lucknow,Delhi,,UP Corridor,Lucknow_Delhi,Highway,Express Van,2258,0.36,Rain,0.612,4,0.99,2000,Standard,Midday,Sunday,46.719,34.923,46.719,1330.5,0,2024-05-19 12:00:00
SHP00115,Surat,Kolkata,,General Network,Surat_Kolkata,Expressway,Carting Vehicle,2417,0.11,Storm,0.254,2,0.47,1800,Same-Day,Evening Rush,Wednesday,70.609,24.0,70.609,2201.2,1,2024-02-14 18:00:00
SHP00116,Kolkata,Hyderabad,,General Network,Kolkata_Hyderabad,Expressway,FTL Truck,1194,0.33,Rain,0.354,6,0.39,3200,Express,Afternoon,Saturday,22.344,17.385,22.344,586.5,0,2024-11-30 17:00:00
SHP00117,Delhi,Hyderabad,,General Network,Delhi_Hyderabad,Expressway,Mini Truck,1360,0.72,Rain,0.808,5,0.94,4800,Express,Midday,Sunday,35.458,25.508,35.458,1173.1,0,2024-09-01 10:00:00
SHP00118,Vadodara,Nagpur,Chennai,General Network,Vadodara_Nagpur,Expressway,Container,1131,0.82,Storm,0.836,6,0.86,750,Economy,Afternoon,Thursday,60.579,20.995,60.579,2794.4,0,2024-12-26 17:00:00
SHP00119,Delhi,Kochi,,General Network,Delhi_Kochi,Mixed,Carting Vehicle,958,0.4,Cloudy,0.488,0,0.62,4800,Express,Evening Rush,Wednesday,29.21,29.203,29.21,475.3,0,2024-07-31 20:00:00
SHP00120,Vizag,Patna,,General Network,Vizag_Patna,Rural,Mini Truck,2452,0.33,Storm,0.278,1,0.2,850,Standard,Morning Rush,Wednesday,168.775,72.0,168.775,6493.9,1,2024-01-31 08:00:00
SHP00121,Chandigarh,Delhi,,General Network,Chandigarh_Delhi,Rural,Carting Vehicle,1824,0.79,Heavy Rain,0.866,5,0.98,1000,Express,Midday,Sunday,149.86,48.0,149.86,5749.0,1,2024-12-15 10:00:00
SHP00122,Nagpur,Chennai,,General Network,Nagpur_Chennai,City Road,Container,95,0.21,Fog,0.518,6,0.98,1600,Economy,Evening Rush,Monday,9.694,8.028,9.694,390.0,0,2024-08-05 18:00:00
SHP00123,Ahmedabad,Chandigarh,,General Network,Ahmedabad_Chandigarh,Rural,Carting Vehicle,237,0.94,Cloudy,0.876,0,0.78,2600,Same-Day,Morning Rush,Thursday,12.794,10.398,12.794,346.3,0,2024-10-31 07:00:00
SHP00124,Delhi,Jaipur,,NCR-Rajasthan Corridor,Delhi_Jaipur,Highway,Carting Vehicle,319,0.59,Heavy Rain,0.674,6,,4800,Economy,Afternoon,Monday,18.373,11.175,18.373,783.4,0,2024-10-21 16:00:00
SHP00125,Surat,Ahmedabad,Chandigarh,General Network,Surat_Ahmedabad,Rural,Mini Truck,837,0.37,Cloudy,0.322,4,0.25,1800,Express,Night,Sunday,29.248,30.44,29.248,514.9,0,2024-07-14 22:00:00
SHP00126,Bhopal,Hyderabad,Jaipur,General Network,Bhopal_Hyderabad,Rural,Container,700,0.53,Heavy Rain,0.67,2,0.88,1200,Express,Night,Saturday,45.119,28.662,45.119,1609.1,0,2024-10-12 22:00:00
SHP00127,Jaipur,Pune,,General Network,Jaipur_Pune,Rural,Mini Truck,863,0.86,Storm,0.624,5,0.27,2200,Standard,Midday,Sunday,80.364,29.454,80.364,3543.3,1,2024-10-27 12:00:00
SHP00128,Surat,Lucknow,,General Network,Surat_Lucknow,Highway,FTL Truck,942,0.77,,0.782,1,0.8,1800,Express,Evening Rush,Saturday,20.205,19.41,20.205,505.8,0,2024-07-13 20:00:00
SHP00129,Nagpur,Lucknow,Pune,General Network,Nagpur_Lucknow,Rural,Mini Truck,1404,0.19,Rain,0.51,3,0.99,1600,Economy,Evening Rush,Monday,64.262,46.65,64.262,1775.7,0,2024-05-13 19:00:00
SHP00130,Surat,Ahmedabad,Vadodara,General Network,Surat_Ahmedabad,Expressway,Mini Truck,1165,0.6,Fog,0.74,2,0.95,1800,Express,Afternoon,Wednesday,29.812,20.676,29.812,971.2,0,2024-03-27 17:00:00
SHP00131,Chandigarh,Kolkata,Vizag,General Network,Chandigarh_Kolkata,Mixed,Container,278,0.13,Storm,0.43,6,0.88,1000,Standard,Evening Rush,Sunday,16.418,8.123,16.418,658.0,0,2024-09-15 20:00:00
SHP00132,Chandigarh,Mumbai,,General Network,Chandigarh_Mumbai,Highway,FTL Truck,1255,0.12,Fog,0.384,4,0.78,1000,Economy,Morning Rush,Monday,31.689,23.116,31.689,960.1,0,2024-04-01 09:00:00
SHP00133,Coimbatore,Hyderabad,Bhopal,General Network,Coimbatore_Hyderabad,City Road,Express Van,1772,0.34,Cloudy,0.412,2,0.52,900,Same-Day,Morning Rush,Saturday,53.942,24.0,53.942,595.1,1,2024-11-30 07:00:00
SHP00134,Indore,Kochi,Coimbatore,General Network,Indore_Kochi,Expressway,Carting Vehicle,1472,0.17,Clear,0.454,5,0.88,1400,Standard,Midday,Monday,27.683,31.437,27.683,421.4,0,2024-01-22 13:00:00
SHP00135,Jaipur,Delhi,Lucknow,NCR-Rajasthan Corridor,Jaipur_Delhi,Highway,Container,1369,0.61,Storm,0.458,6,0.23,2200,Same-Day,Afternoon,Friday,59.207,24.0,59.207,2344.5,1,2024-02-09 15:00:00
SHP00136,Kochi,Indore,,General Network,Kochi_Indore,Mixed,Carting Vehicle,2153,0.81,Rain,0.786,0,0.75,800,Economy,Evening Rush,Sunday,123.862,66.552,123.862,4561.1,1,2024-06-23 18:00:00
SHP00137,Surat,Mumbai,Kolkata,General Network,Surat_Mumbai,Rural,Carting Vehicle,877,0.42,Heavy Rain,0.632,3,0.95,1800,Economy,Afternoon,Monday,71.345,37.633,71.345,2721.6,0,2024-02-12 14:00:00
SHP00138,Indore,Surat,,General Network,Indore_Surat,Rural,FTL Truck,1190,0.95,Clear,0.794,6,0.56,1400,Standard,Night,Friday,48.002,37.173,48.002,1293.4,0,2024-10-11 22:00:00
SHP00139,Mumbai,Chennai,Patna,General Network,Mumbai_Chennai,Rural,Container,148,0.64,Fog,0.568,3,0.46,5000,Standard,Night,Saturday,10.276,10.001,10.276,384.4,0,2024-05-04 22:00:00
SHP00140,Kolkata,Hyderabad,,General Network,Kolkata_Hyderabad,Rural,Mini Truck,1823,0.23,,0.27,2,0.33,3200,Same-Day,Evening Rush,Monday,63.922,24.0,63.922,1134.6,1,2024-05-06 21:00:00
SHP00141,Pune,Chandigarh,,General Network,Pune_Chandigarh,Highway,FTL Truck,1657,0.95,Cloudy,0.758,4,0.47,2800,Same-Day,Afternoon,Sunday,36.044,24.0,36.044,919.9,1,2024-06-02 16:00:00
SHP00142,Pune,Coimbatore,,General Network,Pune_Coimbatore,Rural,Express Van,2453,0.36,Cloudy,0.52,3,0.76,2800,Economy,Morning Rush,Friday,76.313,65.765,76.313,1734.7,0,2024-07-05 09:00:00
SHP00143,Pune,Vadodara,,General Network,Pune_Vadodara,Mixed,Mini Truck,1277,0.95,Cloudy,0.718,6,0.37,2800,Standard,Afternoon,Friday,48.639,34.276,48.639,1499.5,0,2024-05-03 14:00:00
SHP00144,Bhopal,Indore,Ahmedabad,General Network,Bhopal_Indore,Highway,Container,1827,0.46,Heavy Rain,0.52,6,0.61,1200,Economy,Morning Rush,Tuesday,76.451,38.734,76.451,2975.0,0,2024-10-01 08:00:00
SHP00145,Nagpur,Kolkata,,General Network,Nagpur_Kolkata,Mixed,Express Van,499,0.97,Clear,0.798,0,0.54,1600,Economy,Evening Rush,Wednesday,14.631,11.286,14.631,443.9,0,2024-07-10 18:00:00
SHP00146,Kochi,Coimbatore,Chennai,General Network,Kochi_Coimbatore,City Road,Mini Truck,564,0.19,Rain,0.326,0,0.53,800,Standard,Evening Rush,Monday,29.161,27.413,29.161,675.3,0,2024-09-23 21:00:00
SHP00147,Patna,Chandigarh,,General Network,Patna_Chandigarh,Rural,FTL Truck,1491,0.83,Clear,0.614,6,0.29,1100,Same-Day,Afternoon,Friday,49.698,24.0,49.698,993.9,1,2024-03-22 16:00:00
SHP00148,Patna,Ahmedabad,,General Network,Patna_Ahmedabad,Expressway,Carting Vehicle,916,0.68,Storm,0.628,0,0.55,1100,Express,Afternoon,Monday,40.642,20.532,40.642,1667.2,0,2024-04-15 14:00:00
SHP00149,Bangalore,Vadodara,,General Network,Bangalore_Vadodara,Highway,Express Van,2117,0.39,Fog,0.462,2,0.57,4200,Express,Evening Rush,Saturday,42.877,31.371,42.877,1191.9,0,2024-06-29 20:00:00
SHP00150,Lucknow,Vadodara,Kochi,General Network,Lucknow_Vadodara,Highway,Express Van,1618,0.21,Storm,0.302,1,0.44,2000,Express,Evening Rush,Monday,42.526,24.415,42.526,1496.4,0,2024-07-15 19:00:00
SHP00151,Kolkata,Kochi,,General Network,Kolkata_Kochi,City Road,Carting Vehicle,321,0.27,Heavy Rain,0.51,4,0.87,3200,Same-Day,Evening Rush,Saturday,25.65,19.143,25.65,805.3,1,2024-11-30 21:00:00
SHP00152,Chandigarh,Bhopal,,General Network,Chandigarh_Bhopal,Expressway,FTL Truck,1278,0.61,Heavy Rain,0.702,1,0.84,1000,Express,Evening Rush,Thursday,34.581,19.161,34.581,1267.7,0,2024-08-22 21:00:00
SHP00153,Chennai,Vadodara,Bangalore,General Network,Chennai_Vadodara,Highway,Container,1921,0.84,Rain,0.596,5,0.23,3500,Same-Day,Evening Rush,Wednesday,57.711,24.0,57.711,1767.6,1,2024-01-17 20:00:00
SHP00154,Patna,Chennai,Surat,General Network,Patna_Chennai,City Road,Container,939,0.67,Cloudy,0.534,1,0.33,1100,Same-Day,Midday,Friday,45.689,24.0,45.689,847.6,1,2024-11-01 11:00:00
SHP00155,Lucknow,Vadodara,,General Network,Lucknow_Vadodara,Rural,Carting Vehicle,1223,0.97,Fog,0.914,0,0.83,2000,Standard,Evening Rush,Thursday,97.221,49.098,97.221,3659.0,1,2024-12-12 18:00:00
SHP00156,Kochi,Jaipur,Mumbai,General Network,Kochi_Jaipur,Expressway,FTL Truck,1762,0.67,Heavy Rain,0.762,0,0.9,800,Economy,Evening Rush,Tuesday,58.719,28.621,58.719,2410.3,0,2024-08-20 21:00:00
SHP00157,Bangalore,Chandigarh,Coimbatore,General Network,Bangalore_Chandigarh,Rural,Carting Vehicle,1199,0.97,Clear,0.926,3,0.86,4200,Economy,Morning Rush,Monday,72.389,49.125,72.389,2211.8,0,2024-06-24 07:00:00
SHP00158,Mumbai,Hyderabad,Bhopal,General Network,Mumbai_Hyderabad,City Road,FTL Truck,639,,Heavy Rain,0.81,5,0.54,5000,Economy,Afternoon,Sunday,67.787,25.83,67.787,2971.8,0,2024-12-01 17:00:00
SHP00159,Kolkata,Delhi,,Northern-Eastern Corridor,Kolkata_Delhi,Expressway,Carting Vehicle,97,0.49,Storm,0.402,0,0.27,3200,Same-Day,Afternoon,Sunday,3.782,2.807,3.782,145.2,0,2024-12-22 16:00:00
SHP00160,Bhopal,Hyderabad,Mumbai,General Network,Bhopal_Hyderabad,Expressway,Mini Truck,1386,0.18,Clear,0.444,0,0.84,1200,Express,Midday,Saturday,18.044,25.168,18.044,110.0,0,2024-03-09 10:00:00
SHP00161,Vadodara,Kolkata,,General Network,Vadodara_Kolkata,Expressway,Carting Vehicle,974,0.93,Rain,0.834,3,0.69,750,Express,Afternoon,Wednesday,32.903,20.177,32.903,1154.0,0,2024-08-07 16:00:00
SHP00162,Ahmedabad,Lucknow,,General Network,Ahmedabad_Lucknow,Highway,FTL Truck,954,0.86,Cloudy,0.808,2,0.73,2600,Same-Day,Morning Rush,Tuesday,20.427,18.07,20.427,510.1,0,2024-11-26 07:00:00
SHP00163,Ahmedabad,Coimbatore,Bangalore,General Network,Ahmedabad_Coimbatore,Expressway,Mini Truck,1579,0.67,Clear,0.506,0,0.26,2600,Express,Morning Rush,Thursday,26.191,27.74,26.191,463.4,0,2024-08-29 08:00:00
SHP00164,Mumbai,Lucknow,Nagpur,General Network,Mumbai_Lucknow,City Road,Mini Truck,1808,0.56,Clear,0.616,4,0.7,5000,Standard,Midday,Monday,85.041,72.0,85.041,1658.7,1,2024-11-11 10:00:00
SHP00165,Bangalore,Vizag,,General Network,Bangalore_Vizag,City Road,Mini Truck,369,0.63,Cloudy,0.702,5,0.81,4200,Same-Day,Morning Rush,Saturday,19.576,16.573,19.576,471.7,0,2024-08-10 09:00:00
SHP00166,Vadodara,Delhi,Lucknow,General Network,Vadodara_Delhi,Rural,FTL Truck,782,0.11,Storm,0.19,0,0.31,750,Express,Midday,Sunday,38.5,26.723,38.5,1267.3,0,2024-05-12 11:00:00
SHP00167,Chennai,Mumbai,,General Network,Chennai_Mumbai,Rural,Container,426,0.16,Heavy Rain,0.404,4,0.77,3500,Same-Day,Morning Rush,Friday,20.842,16.949,20.842,582.3,0,2024-05-10 09:00:00
SHP00168,Chennai,Jaipur,Lucknow,General Network,Chennai_Jaipur,Mixed,FTL Truck,705,0.32,Clear,0.424,3,0.58,3500,Standard,Evening Rush,Sunday,16.984,18.486,16.984,314.1,0,2024-12-01 19:00:00
SHP00169,Bhopal,Surat,Coimbatore,General Network,Bhopal_Surat,Rural,FTL Truck,1027,,Clear,0.698,1,0.92,1200,Same-Day,Afternoon,Saturday,30.071,24.0,30.071,434.9,1,2024-06-08 16:00:00
SHP00170,Mumbai,Indore,Bhopal,General Network,Mumbai_Indore,City Road,Container,914,0.32,Rain,0.388,3,0.49,5000,Same-Day,Morning Rush,Sunday,47.71,24.0,47.71,1019.2,1,2024-07-28 06:00:00
SHP00171,Mumbai,Nagpur,,General Network,Mumbai_Nagpur,Highway,Express Van,1830,0.19,Storm,0.362,1,0.62,5000,Economy,Night,Sunday,58.016,27.034,58.016,2287.5,0,2024-04-28 22:00:00
SHP00172,Nagpur,Chandigarh,,General Network,Nagpur_Chandigarh,Highway,Container,2408,0.22,Fog,0.476,0,0.86,1600,Standard,Afternoon,Monday,63.915,47.982,63.915,1710.2,0,2024-05-13 16:00:00
SHP00173,Indore,Surat,Jaipur,General Network,Indore_Surat,Rural,Carting Vehicle,2480,0.17,Heavy Rain,0.246,6,0.36,1400,Same-Day,Evening Rush,Tuesday,129.136,24.0,129.136,3339.3,1,2024-04-16 20:00:00
SHP00174,Chennai,Bangalore,Ahmedabad,Southern Corridor,Chennai_Bangalore,City Road,Container,692,0.14,Storm,0.432,2,,3500,Same-Day,Afternoon,Friday,50.538,24.0,50.538,1636.6,1,2024-01-26 15:00:00
SHP00175,Mumbai,Bhopal,,General Network,Mumbai_Bhopal,Expressway,FTL Truck,577,0.52,Fog,0.648,1,0.84,5000,Express,Morning Rush,Tuesday,13.198,10.498,13.198,427.4,0,2024-12-17 08:00:00
SHP00176,Jaipur,Bangalore,,General Network,Jaipur_Bangalore,Highway,Mini Truck,1445,0.83,Clear,0.606,6,0.27,2200,Express,Evening Rush,Sunday,32.457,27.762,32.457,743.2,0,2024-10-20 19:00:00
SHP00177,Indore,Coimbatore,Jaipur,General Network,Indore_Coimbatore,Highway,Carting Vehicle,1254,0.42,Heavy Rain,0.624,2,0.93,1400,Economy,Evening Rush,Monday,57.554,29.35,57.554,2199.2,0,2024-07-29 21:00:00
SHP00178,Indore,Hyderabad,Pune,General Network,Indore_Hyderabad,Expressway,Container,1580,0.82,Cloudy,0.888,6,0.99,1400,Express,Afternoon,Saturday,35.793,30.087,35.793,973.6,0,2024-09-14 16:00:00
SHP00179,Mumbai,Nagpur,,General Network,Mumbai_Nagpur,Mixed,Express Van,1581,0.15,Cloudy,0.486,4,0.99,5000,Standard,Midday,Monday,32.042,31.853,32.042,547.8,0,2024-01-29 13:00:00
SHP00180,Indore,Nagpur,,General Network,Indore_Nagpur,City Road,Container,217,0.39,Cloudy,0.55,2,0.79,1400,Express,Evening Rush,Saturday,11.752,12.735,11.752,267.5,0,2024-04-06 21:00:00
SHP00181,Kolkata,Coimbatore,Hyderabad,General Network,Kolkata_Coimbatore,Highway,Carting Vehicle,103,0.64,Clear,0.472,3,0.22,3200,Standard,Morning Rush,Friday,4.501,6.907,4.501,167.1,0,2024-06-14 07:00:00
SHP00182,Chennai,Vizag,Vadodara,General Network,Chennai_Vizag,Rural,Mini Truck,648,0.63,Clear,0.566,2,0.47,3500,Same-Day,Afternoon,Friday,22.083,24.0,22.083,365.0,0,2024-09-06 16:00:00
SHP00183,Vadodara,Nagpur,,General Network,Vadodara_Nagpur,City Road,Mini Truck,807,0.38,Storm,0.528,1,0.75,750,Express,Midday,Wednesday,68.438,38.165,68.438,2569.2,1,2024-01-17 11:00:00
SHP00184,Vadodara,Ahmedabad,,General Network,Vadodara_Ahmedabad,Mixed,Carting Vehicle,1398,0.4,Clear,0.344,2,0.26,750,Economy,Afternoon,Monday,47.698,44.673,47.698,997.9,0,2024-12-09 16:00:00
SHP00185,Jaipur,Pune,Vizag,General Network,Jaipur_Pune,City Road,Express Van,301,0.33,Storm,0.314,0,0.29,2200,Standard,Evening Rush,Friday,21.218,14.249,21.218,824.4,0,2024-06-28 18:00:00
SHP00186,Kochi,Ahmedabad,Coimbatore,General Network,Kochi_Ahmedabad,City Road,FTL Truck,404,0.37,Heavy Rain,0.402,0,0.45,800,Standard,Morning Rush,Monday,27.589,18.934,27.589,962.8,0,2024-10-07 08:00:00
SHP00187,Mumbai,Patna,,General Network,Mumbai_Patna,City Road,Carting Vehicle,1791,0.15,Fog,0.274,1,0.46,5000,Economy,Evening Rush,Friday,129.338,90.647,129.338,3666.6,1,2024-01-26 18:00:00
SHP00188,Chandigarh,Hyderabad,,General Network,Chandigarh_Hyderabad,Highway,Mini Truck,2059,0.18,Rain,0.452,5,0.86,1000,Standard,Evening Rush,Sunday,47.798,40.729,47.798,1152.0,0,2024-02-11 21:00:00
SHP00189,Lucknow,Bhopal,Chennai,General Network,Lucknow_Bhopal,Expressway,FTL Truck,1665,0.68,Heavy Rain,0.612,2,0.51,2000,Same-Day,Morning Rush,Tuesday,41.975,24.0,41.975,1466.9,1,2024-10-15 07:00:00
SHP00190,Bangalore,Indore,Patna,General Network,Bangalore_Indore,Mixed,Container,1828,0.15,Heavy Rain,0.294,4,0.51,4200,Express,Evening Rush,Tuesday,68.923,48.0,68.923,1984.8,1,2024-04-30 21:00:00
SHP00191,Delhi,Vizag,,General Network,Delhi_Vizag,Mixed,FTL Truck,959,0.95,Fog,0.794,1,0.56,4800,Express,Midday,Sunday,39.895,25.767,39.895,1434.7,0,2024-11-17 10:00:00
SHP00192,Jaipur,Nagpur,,General Network,Jaipur_Nagpur,Highway,Container,2237,0.46,Clear,0.46,2,0.46,2200,Economy,Night,Sunday,51.566,46.568,51.566,1120.1,0,2024-10-27 22:00:00
SHP00193,Chennai,Patna,,General Network,Chennai_Patna,City Road,FTL Truck,2295,0.61,Cloudy,0.478,2,0.28,3500,Standard,Afternoon,Friday,108.248,72.0,108.248,2560.6,1,2024-03-29 14:00:00
SHP00194,Vadodara,Indore,,General Network,Vadodara_Indore,Highway,Carting Vehicle,1606,0.14,Heavy Rain,0.316,2,0.58,750,Same-Day,Morning Rush,Sunday,46.57,24.0,46.57,1188.2,1,2024-09-08 09:00:00
SHP00195,Ahmedabad,Hyderabad,,General Network,Ahmedabad_Hyderabad,Rural,Express Van,457,0.34,,0.416,5,0.53,2600,Economy,Morning Rush,Wednesday,29.801,14.546,29.801,1258.2,0,2024-07-10 07:00:00
SHP00196,Kolkata,Bangalore,,General Network,Kolkata_Bangalore,Rural,Carting Vehicle,209,0.8,Storm,0.728,4,0.62,3200,Economy,Morning Rush,Tuesday,27.072,12.398,27.072,1252.8,0,2024-05-07 07:00:00
SHP00197,Nagpur,Pune,Lucknow,General Network,Nagpur_Pune,Rural,Container,220,0.46,Rain,0.652,5,0.94,1600,Economy,Afternoon,Friday,15.191,10.825,15.191,566.4,0,2024-06-28 17:00:00
SHP00198,Bangalore,Surat,,General Network,Bangalore_Surat,Highway,Carting Vehicle,1000,0.87,Heavy Rain,0.85,1,0.82,4200,Standard,Morning Rush,Thursday,52.459,24.305,52.459,2147.5,0,2024-01-11 06:00:00
SHP00199,Hyderabad,Pune,,General Network,Hyderabad_Pune,Mixed,Express Van,1234,0.65,Clear,0.77,5,0.95,3800,Express,Evening Rush,Monday,28.433,25.458,28.433,632.9,0,2024-09-23 18:00:00
SHP00200,Mumbai,Vizag,Kochi,General Network,Mumbai_Vizag,Rural,Express Van,1252,0.72,Fog,0.668,2,0.59,5000,Same-Day,Afternoon,Friday,49.721,24.0,49.721,1531.7,1,2024-11-29 15:00:00
SHP00201,Ahmedabad,Delhi,,General Network,Ahmedabad_Delhi,Mixed,Carting Vehicle,1168,0.75,Heavy Rain,0.738,2,0.72,2600,Same-Day,Midday,Monday,64.23,24.0,64.23,2296.4,1,2024-06-24 13:00:00
SHP00202,Chandigarh,Nagpur,Ahmedabad,General Network,Chandigarh_Nagpur,Mixed,Container,1174,0.26,Rain,0.268,1,0.28,1000,Express,Morning Rush,Thursday,35.952,33.644,35.952,775.9,0,2024-06-20 08:00:00
SHP00203,Lucknow,Patna,,General Network,Lucknow_Patna,Rural,Container,339,0.36,Rain,0.568,3,0.88,2000,Same-Day,Evening Rush,Saturday,16.548,14.523,16.548,461.1,0,2024-12-14 18:00:00
SHP00204,Bhopal,Delhi,Bangalore,General Network,Bhopal_Delhi,City Road,Express Van,686,0.47,Cloudy,0.546,3,0.66,1200,Express,Midday,Wednesday,25.831,23.48,25.831,527.2,0,2024-06-19 11:00:00
SHP00205,Mumbai,Chandigarh,,General Network,Mumbai_Chandigarh,Rural,Container,448,0.79,Cloudy,0.71,6,0.59,5000,Express,Midday,Saturday,21.68,17.759,21.68,598.1,0,2024-01-20 12:00:00
SHP00206,Mumbai,Nagpur,,General Network,Mumbai_Nagpur,Mixed,FTL Truck,1509,0.66,Cloudy,0.556,5,0.4,5000,Standard,Morning Rush,Tuesday,44.263,36.05,44.263,1146.8,0,2024-03-26 08:00:00
SHP00207,Lucknow,Surat,Mumbai,General Network,Lucknow_Surat,Expressway,Mini Truck,2109,0.9,Storm,0.94,2,1.0,2000,Same-Day,Midday,Wednesday,81.31,24.0,81.31,3398.6,1,2024-04-24 10:00:00
SHP00208,Kochi,Coimbatore,Chennai,General Network,Kochi_Coimbatore,City Road,FTL Truck,2309,0.44,Clear,0.548,6,0.71,800,Same-Day,Morning Rush,Saturday,77.86,24.0,77.86,713.3,1,2024-11-30 06:00:00
SHP00209,Bhopal,Chandigarh,,General Network,Bhopal_Chandigarh,Expressway,Mini Truck,137,0.73,Clear,0.582,5,0.36,1200,Same-Day,Morning Rush,Friday,3.59,5.886,3.59,119.2,0,2024-08-02 09:00:00
SHP00210,Vadodara,Chennai,,General Network,Vadodara_Chennai,Rural,Mini Truck,2234,0.28,Clear,0.312,2,0.36,750,Standard,Evening Rush,Monday,68.405,72.0,68.405,794.7,0,2024-10-07 21:00:00
SHP00211,Chandigarh,Surat,,General Network,Chandigarh_Surat,City Road,FTL Truck,2112,0.92,Clear,0.9,5,0.87,1000,Standard,Midday,Monday,108.721,72.0,108.721,2902.7,1,2024-11-25 13:00:00
SHP00212,Lucknow,Jaipur,,General Network,Lucknow_Jaipur,Expressway,Carting Vehicle,1387,0.89,Clear,0.886,2,0.88,2000,Standard,Morning Rush,Wednesday,34.912,29.339,34.912,926.7,0,2024-01-24 06:00:00
SHP00213,Kolkata,Nagpur,Delhi,General Network,Kolkata_Nagpur,Rural,FTL Truck,1746,0.44,Heavy Rain,0.452,0,0.47,3200,Same-Day,Midday,Thursday,80.182,24.0,80.182,2482.9,1,2024-11-28 11:00:00
SHP00214,Kolkata,Chennai,,General Network,Kolkata_Chennai,Expressway,Container,1587,0.71,Fog,0.566,3,0.35,3200,Economy,Evening Rush,Thursday,53.197,29.903,53.197,2012.6,0,2024-03-07 21:00:00
SHP00215,Chennai,Patna,,General Network,Chennai_Patna,Expressway,Express Van,2265,0.69,Clear,0.498,6,0.21,3500,Standard,Morning Rush,Wednesday,35.418,30.028,35.418,881.1,0,2024-12-18 09:00:00
SHP00216,Ahmedabad,Coimbatore,Vizag,General Network,Ahmedabad_Coimbatore,Rural,Carting Vehicle,303,0.86,Storm,0.776,4,0.65,2600,Economy,Midday,Tuesday,39.172,16.066,39.172,1811.7,0,2024-09-10 11:00:00
SHP00217,Surat,Ahmedabad,,General Network,Surat_Ahmedabad,Rural,Container,1047,0.3,Rain,0.464,3,0.71,1800,Standard,Evening Rush,Friday,48.896,38.373,48.896,1291.4,0,2024-03-01 21:00:00
SHP00218,Mumbai,Hyderabad,,General Network,Mumbai_Hyderabad,Expressway,Container,1359,0.59,Heavy Rain,0.698,6,0.86,5000,Standard,Afternoon,Sunday,47.987,24.703,47.987,1869.4,0,2024-06-23 17:00:00
SHP00219,Ahmedabad,Chandigarh,Kolkata,General Network,Ahmedabad_Chandigarh,Rural,Express Van,988,0.74,Fog,0.56,6,0.29,2600,Economy,Morning Rush,Wednesday,53.505,27.907,53.505,2064.8,0,2024-12-25 09:00:00
SHP00220,Chandigarh,Hyderabad,Chennai,General Network,Chandigarh_Hyderabad,Expressway,Container,1702,0.28,Clear,0.288,6,0.3,1000,Same-Day,Evening Rush,Sunday,24.281,24.0,24.281,192.2,1,2024-02-25 19:00:00
SHP00221,Patna,Chandigarh,Surat,General Network,Patna_Chandigarh,Mixed,Mini Truck,1889,0.1,Fog,0.376,4,0.79,1100,Express,Morning Rush,Wednesday,54.477,48.0,54.477,1169.8,1,2024-03-06 09:00:00
SHP00222,Coimbatore,Indore,,General Network,Coimbatore_Indore,Expressway,Express Van,1942,0.46,Fog,0.464,2,0.47,900,Express,Afternoon,Thursday,34.47,27.654,34.47,1001.6,0,2024-09-19 15:00:00
SHP00223,Vizag,Surat,,General Network,Vizag_Surat,Mixed,Carting Vehicle,1502,0.29,Storm,0.482,5,0.77,850,Express,Morning Rush,Friday,86.93,47.168,86.93,3213.2,1,2024-06-14 09:00:00
SHP00224,Vizag,Chandigarh,Kolkata,General Network,Vizag_Chandigarh,Mixed,Container,165,0.36,Fog,0.568,6,0.88,850,Economy,Midday,Monday,9.076,5.418,9.076,350.4,0,2024-01-29 12:00:00
SHP00225,Lucknow,Jaipur,,General Network,Lucknow_Jaipur,City Road,Carting Vehicle,1939,0.78,Clear,0.56,6,0.23,2000,Same-Day,Midday,Thursday,104.347,24.0,104.347,1828.8,1,2024-07-18 13:00:00
SHP00226,Lucknow,Delhi,,UP Corridor,Lucknow_Delhi,Expressway,Express Van,1121,0.97,Heavy Rain,0.678,5,0.24,2000,Economy,Afternoon,Thursday,38.895,17.82,38.895,1718.1,0,2024-04-25 17:00:00
SHP00227,Vizag,Pune,Hyderabad,General Network,Vizag_Pune,City Road,Carting Vehicle,2191,0.99,Rain,0.698,1,0.26,850,Economy,Morning Rush,Friday,234.935,111.843,234.935,9088.1,1,2024-05-10 06:00:00
SHP00228,Delhi,Kolkata,,Northern-Eastern Corridor,Delhi_Kolkata,Rural,Container,2460,,Fog,0.692,6,0.44,4800,Standard,Midday,Monday,165.197,72.0,165.197,6053.0,1,2024-04-22 11:00:00
SHP00229,Coimbatore,Kolkata,Indore,General Network,Coimbatore_Kolkata,Expressway,FTL Truck,1460,,,0.61,5,0.91,900,Economy,Morning Rush,Thursday,36.489,24.965,36.489,1267.2,0,2024-11-28 06:00:00
SHP00230,Patna,Ahmedabad,,General Network,Patna_Ahmedabad,Mixed,FTL Truck,568,0.71,Fog,0.61,6,0.46,1100,Express,Afternoon,Saturday,22.34,13.405,22.34,772.4,0,2024-09-21 17:00:00
SHP00231,Coimbatore,Patna,,General Network,Coimbatore_Patna,Expressway,Carting Vehicle,799,0.39,Clear,0.342,0,0.27,900,Same-Day,Evening Rush,Monday,12.913,16.431,12.913,102.0,0,2024-12-16 19:00:00
SHP00232,Pune,Kochi,,General Network,Pune_Kochi,Expressway,Carting Vehicle,442,0.12,Storm,0.38,0,0.77,2800,Standard,Midday,Monday,16.364,11.297,16.364,609.7,0,2024-10-21 13:00:00
SHP00233,Bhopal,Indore,,General Network,Bhopal_Indore,Expressway,Mini Truck,2270,0.38,Storm,0.432,0,0.51,1200,Economy,Afternoon,Wednesday,85.891,38.318,85.891,3560.5,0,2024-02-07 17:00:00
SHP00234,Chennai,Surat,,General Network,Chennai_Surat,Rural,Express Van,236,0.79,Fog,0.694,3,0.55,3500,Standard,Afternoon,Sunday,11.903,9.916,11.903,440.5,0,2024-10-06 15:00:00
SHP00235,Hyderabad,Surat,Pune,General Network,Hyderabad_Surat,Rural,FTL Truck,2315,0.14,Clear,0.348,3,0.66,3800,Express,Night,Tuesday,54.606,48.0,54.606,189.7,1,2024-07-30 22:00:00
SHP00236,Ahmedabad,Lucknow,,General Network,Ahmedabad_Lucknow,City Road,Container,2004,0.87,Clear,0.874,4,0.88,2600,Express,Evening Rush,Thursday,106.375,48.0,106.375,2340.8,1,2024-04-11 21:00:00
SHP00237,Nagpur,Hyderabad,Indore,General Network,Nagpur_Hyderabad,City Road,Container,1946,0.16,Clear,0.236,3,0.35,1600,Same-Day,Evening Rush,Monday,63.819,24.0,63.819,0.0,1,2024-06-10 19:00:00
SHP00238,Ahmedabad,Jaipur,,General Network,Ahmedabad_Jaipur,Expressway,Carting Vehicle,2003,0.71,,0.614,3,0.47,2600,Same-Day,Morning Rush,Saturday,53.561,24.0,53.561,1526.9,1,2024-03-30 08:00:00
SHP00239,Hyderabad,Kochi,,General Network,Hyderabad_Kochi,City Road,FTL Truck,244,0.9,Rain,0.892,5,0.88,3800,Standard,Evening Rush,Thursday,19.791,11.105,19.791,769.2,0,2024-10-03 21:00:00
SHP00240,Hyderabad,Indore,,General Network,Hyderabad_Indore,Expressway,Carting Vehicle,1602,0.52,Cloudy,0.556,3,0.61,3800,Same-Day,Midday,Sunday,30.908,24.0,30.908,505.4,1,2024-11-10 11:00:00
SHP00241,Hyderabad,Chandigarh,,General Network,Hyderabad_Chandigarh,City Road,Mini Truck,2091,0.95,Cloudy,0.662,6,0.23,3800,Express,Evening Rush,Wednesday,119.942,48.0,119.942,3213.7,1,2024-07-03 18:00:00
SHP00242,Patna,Delhi,,General Network,Patna_Delhi,Highway,FTL Truck,1216,0.73,Storm,0.686,6,0.62,1100,Same-Day,Afternoon,Friday,47.983,22.267,47.983,1967.0,1,2024-07-12 17:00:00
SHP00243,Bangalore,Vizag,Pune,General Network,Bangalore_Vizag,Rural,Container,2104,0.47,Heavy Rain,0.622,2,0.85,4200,Express,Afternoon,Friday,126.942,48.0,126.942,4316.1,1,2024-09-20 14:00:00
SHP00244,Kolkata,Indore,Hyderabad,General Network,Kolkata_Indore,Mixed,Carting Vehicle,2082,0.47,Storm,0.466,0,0.46,3200,Standard,Morning Rush,Monday,140.342,63.736,140.342,5644.5,1,2024-07-29 06:00:00
SHP00245,Kochi,Vadodara,Chandigarh,General Network,Kochi_Vadodara,City Road,Container,2221,0.23,Cloudy,0.27,1,0.33,800,Standard,Morning Rush,Saturday,98.437,72.0,98.437,1426.9,1,2024-05-25 08:00:00
SHP00246,Chandigarh,Kolkata,Bhopal,General Network,Chandigarh_Kolkata,City Road,Container,2188,0.84,Heavy Rain,0.644,5,0.35,1000,Express,Morning Rush,Friday,205.36,48.0,205.36,7908.8,1,2024-11-01 08:00:00
SHP00247,Hyderabad,Chennai,,Deccan-Southern Corridor,Hyderabad_Chennai,Highway,Carting Vehicle,273,0.64,Cloudy,0.52,4,0.34,3800,Economy,Evening Rush,Monday,9.932,9.329,9.932,322.9,0,2024-01-01 19:00:00
SHP00248,Nagpur,Delhi,,General Network,Nagpur_Delhi,Mixed,Mini Truck,2445,0.81,Heavy Rain,0.686,4,0.5,1600,Express,Afternoon,Monday,125.273,48.0,125.273,4799.7,1,2024-02-12 15:00:00
SHP00249,Vizag,Bhopal,,General Network,Vizag_Bhopal,Rural,FTL Truck,1629,0.62,Cloudy,0.488,0,0.29,850,Standard,Afternoon,Thursday,59.695,50.666,59.695,1409.7,0,2024-05-09 14:00:00
SHP00250,Bhopal,Vadodara,,General Network,Bhopal_Vadodara,Rural,Mini Truck,2393,0.78,Fog,0.68,6,0.53,1200,Same-Day,Afternoon,Thursday,124.56,24.0,124.56,3928.4,1,2024-06-06 17:00:00
SHP00251,Indore,Hyderabad,,General Network,Indore_Hyderabad,Highway,Mini Truck,990,0.8,Storm,0.864,0,0.96,1400,Express,Evening Rush,Saturday,46.006,21.702,46.006,1935.3,0,2024-03-23 18:00:00
SHP00252,Mumbai,Chennai,,General Network,Mumbai_Chennai,City Road,FTL Truck,258,0.16,Heavy Rain,0.248,0,0.38,5000,Economy,Morning Rush,Sunday,16.96,13.208,16.96,575.3,0,2024-05-26 07:00:00
SHP00253,Kolkata,Coimbatore,,General Network,Kolkata_Coimbatore,Expressway,Container,2204,0.36,Clear,0.308,4,0.23,3200,Express,Morning Rush,Thursday,34.107,39.102,34.107,408.8,0,2024-03-21 08:00:00
SHP00254,Indore,Nagpur,Pune,General Network,Indore_Nagpur,Expressway,Container,2349,0.11,Heavy Rain,0.37,0,0.76,1400,Express,Afternoon,Wednesday,52.965,41.148,52.965,1432.5,1,2024-06-26 14:00:00
SHP00255,Patna,Indore,,General Network,Patna_Indore,Mixed,Carting Vehicle,2158,0.47,Clear,0.398,0,0.29,1100,Same-Day,Afternoon,Monday,56.037,24.0,56.037,484.9,1,2024-10-21 14:00:00
SHP00256,Indore,Vadodara,,General Network,Indore_Vadodara,Expressway,Mini Truck,222,0.71,Cloudy,0.794,6,0.92,1400,Same-Day,Midday,Monday,5.719,6.91,5.719,187.3,0,2024-04-22 13:00:00
SHP00257,Bhopal,Nagpur,,General Network,Bhopal_Nagpur,Mixed,Express Van,1484,0.32,Fog,0.3,5,0.27,1200,Standard,Midday,Wednesday,42.452,31.254,42.452,1256.7,0,2024-04-03 12:00:00
SHP00258,Pune,Jaipur,,General Network,Pune_Jaipur,City Road,Carting Vehicle,1547,0.28,Rain,0.328,4,0.4,2800,Express,Evening Rush,Thursday,95.086,48.0,95.086,2169.1,1,2024-12-05 21:00:00
SHP00259,Vizag,Delhi,,General Network,Vizag_Delhi,Expressway,Mini Truck,1236,0.91,Rain,0.906,4,0.9,850,Same-Day,Morning Rush,Wednesday,31.582,22.794,31.582,1027.6,1,2024-03-06 07:00:00
SHP00260,Bhopal,Coimbatore,,General Network,Bhopal_Coimbatore,Mixed,Mini Truck,606,0.87,Clear,0.85,3,0.82,1200,Same-Day,Evening Rush,Wednesday,18.146,15.636,18.146,415.4,0,2024-04-17 18:00:00
SHP00261,Surat,Indore,,General Network,Surat_Indore,Mixed,Container,1508,0.34,Rain,0.372,4,0.42,1800,Express,Afternoon,Wednesday,49.414,40.9,49.414,1190.7,1,2024-07-24 14:00:00
SHP00262,Kochi,Hyderabad,Coimbatore,General Network,Kochi_Hyderabad,Mixed,FTL Truck,1874,0.75,Storm,0.786,4,0.84,800,Express,Morning Rush,Friday,103.517,44.558,103.517,4337.0,1,2024-08-30 06:00:00
SHP00263,Hyderabad,Vizag,,General Network,Hyderabad_Vizag,Mixed,Mini Truck,300,0.37,Storm,0.482,4,0.65,3800,Same-Day,Evening Rush,Monday,14.863,11.578,14.863,558.5,0,2024-02-19 20:00:00
SHP00264,Jaipur,Indore,Kochi,General Network,Jaipur_Indore,Rural,Express Van,930,0.12,Fog,0.192,6,0.3,2200,Same-Day,Afternoon,Saturday,27.918,24.0,27.918,596.8,1,2024-05-25 17:00:00
SHP00265,Chandigarh,Patna,Lucknow,General Network,Chandigarh_Patna,Highway,Mini Truck,1487,0.67,Heavy Rain,0.53,1,0.32,1000,Same-Day,Afternoon,Friday,49.335,24.0,49.335,1720.9,1,2024-04-26 16:00:00
SHP00266,Jaipur,Bhopal,Patna,General Network,Jaipur_Bhopal,Rural,Container,834,0.57,Heavy Rain,0.566,1,0.56,2200,Same-Day,Morning Rush,Tuesday,49.127,24.0,49.127,1639.4,1,2024-12-24 08:00:00
SHP00267,Chennai,Hyderabad,,Deccan-Southern Corridor,Chennai_Hyderabad,Highway,FTL Truck,521,0.79,Heavy Rain,0.722,0,0.62,3500,Standard,Evening Rush,Saturday,19.764,10.384,19.764,795.1,0,2024-05-25 20:00:00
SHP00268,Hyderabad,Vizag,,General Network,Hyderabad_Vizag,City Road,Express Van,2027,0.87,Clear,0.706,3,0.46,3800,Standard,Midday,Monday,87.21,67.009,87.21,2211.0,1,2024-12-23 11:00:00
SHP00269,Patna,Vadodara,Kochi,General Network,Patna_Vadodara,Expressway,Express Van,1908,0.53,Fog,0.47,0,0.38,1100,Same-Day,Afternoon,Sunday,31.996,24.0,31.996,871.9,1,2024-03-10 17:00:00
SHP00270,Mumbai,Coimbatore,Bhopal,General Network,Mumbai_Coimbatore,Expressway,Mini Truck,144,0.82,Rain,0.764,6,0.68,5000,Standard,Midday,Sunday,6.401,5.432,6.401,283.0,0,2024-07-21 13:00:00
SHP00271,Indore,Ahmedabad,Coimbatore,General Network,Indore_Ahmedabad,Rural,Carting Vehicle,1211,0.56,Clear,0.672,4,0.84,1400,Economy,Afternoon,Sunday,60.613,47.92,60.613,1483.9,0,2024-03-10 15:00:00
SHP00272,Vadodara,Patna,Hyderabad,General Network,Vadodara_Patna,Rural,Carting Vehicle,181,0.39,Storm,0.362,4,0.32,750,Economy,Morning Rush,Monday,19.747,8.472,19.747,863.0,0,2024-08-12 06:00:00
SHP00273,Mumbai,Coimbatore,Lucknow,General Network,Mumbai_Coimbatore,City Road,Express Van,1981,0.81,Rain,0.726,2,0.6,5000,Economy,Evening Rush,Tuesday,128.682,68.085,128.682,4767.9,1,2024-02-06 21:00:00
SHP00274,Indore,Mumbai,Surat,General Network,Indore_Mumbai,Highway,Mini Truck,229,0.79,Storm,0.694,5,0.55,1400,Express,Evening Rush,Tuesday,12.866,7.219,12.866,581.1,0,2024-04-16 21:00:00
SHP00275,Surat,Kolkata,Jaipur,General Network,Surat_Kolkata,Highway,Express Van,306,0.53,Storm,0.494,2,0.44,1800,Standard,Morning Rush,Saturday,11.68,8.501,11.68,501.2,0,2024-10-26 09:00:00
SHP00276,Mumbai,Bangalore,Pune,Western-Southern Corridor,Mumbai_Bangalore,Mixed,Container,756,0.24,Storm,0.472,1,0.82,5000,Economy,Morning Rush,Saturday,44.704,23.994,44.704,1792.8,0,2024-11-16 07:00:00
SHP00277,Vizag,Chennai,,General Network,Vizag_Chennai,City Road,Express Van,1530,0.98,Heavy Rain,0.92,6,0.83,850,Express,Evening Rush,Sunday,114.906,48.0,114.906,4613.6,1,2024-01-21 21:00:00
SHP00278,Vizag,Lucknow,,General Network,Vizag_Lucknow,Mixed,Carting Vehicle,2015,0.61,Storm,0.618,2,0.63,850,Economy,Morning Rush,Saturday,166.122,62.653,166.122,7280.7,1,2024-03-23 08:00:00
SHP00279,Patna,Lucknow,Vizag,General Network,Patna_Lucknow,Rural,Mini Truck,840,0.1,Fog,0.344,3,0.71,1100,Same-Day,Evening Rush,Wednesday,30.139,24.0,30.139,563.9,1,2024-10-02 18:00:00
SHP00280,Vizag,Hyderabad,,General Network,Vizag_Hyderabad,Mixed,Mini Truck,355,0.68,Rain,0.524,4,0.29,850,Same-Day,Morning Rush,Saturday,13.883,13.04,13.883,438.5,0,2024-04-13 09:00:00
SHP00281,Chennai,Delhi,,General Network,Chennai_Delhi,Mixed,Mini Truck,304,0.57,Storm,0.646,2,0.76,3500,Economy,Evening Rush,Saturday,22.328,10.942,22.328,1001.9,0,2024-02-10 20:00:00
SHP00282,Delhi,Indore,Jaipur,General Network,Delhi_Indore,Mixed,Express Van,1201,0.81,Storm,0.586,4,0.25,4800,Economy,Night,Saturday,71.726,24.843,71.726,3259.2,0,2024-04-20 22:00:00
SHP00283,Vizag,Indore,Kolkata,General Network,Vizag_Indore,City Road,Container,2392,0.66,,0.532,5,0.34,850,Express,Morning Rush,Tuesday,126.482,48.0,126.482,2764.7,1,2024-08-06 09:00:00
SHP00284,Vizag,Indore,,General Network,Vizag_Indore,Mixed,Container,1405,1.0,Rain,0.82,2,0.55,850,Express,Evening Rush,Wednesday,65.11,38.301,65.11,2253.7,1,2024-11-20 19:00:00
SHP00285,Surat,Ahmedabad,,General Network,Surat_Ahmedabad,Mixed,Mini Truck,1582,0.79,Fog,0.85,2,0.94,1800,Express,Midday,Sunday,67.365,41.468,67.365,2284.1,1,2024-09-22 10:00:00
SHP00286,Lucknow,Mumbai,,General Network,Lucknow_Mumbai,Rural,Express Van,1245,0.12,Cloudy,0.416,5,0.86,2000,Express,Morning Rush,Sunday,28.525,34.562,28.525,268.0,0,2024-02-18 07:00:00
SHP00287,Hyderabad,Kolkata,,General Network,Hyderabad_Kolkata,Rural,Carting Vehicle,1753,0.33,Rain,0.374,4,0.44,3800,Express,Morning Rush,Thursday,86.918,48.0,86.918,2098.6,1,2024-12-19 09:00:00
SHP00288,Lucknow,Delhi,,UP Corridor,Lucknow_Delhi,Mixed,FTL Truck,1884,0.93,Heavy Rain,0.746,6,0.47,2000,Standard,Morning Rush,Saturday,101.212,44.902,101.212,4188.7,1,2024-11-30 06:00:00
SHP00289,Indore,Delhi,Surat,General Network,Indore_Delhi,Rural,Express Van,993,0.59,Fog,0.482,4,0.32,1400,Standard,Morning Rush,Sunday,43.368,28.325,43.368,1450.8,0,2024-09-15 08:00:00
SHP00290,Indore,Hyderabad,,General Network,Indore_Hyderabad,City Road,Mini Truck,1160,0.61,Rain,0.462,3,0.24,1400,Standard,Evening Rush,Sunday,78.101,51.664,78.101,2476.5,1,2024-03-10 21:00:00
SHP00291,Chandigarh,Indore,,General Network,Chandigarh_Indore,Mixed,Carting Vehicle,2444,0.16,Cloudy,0.424,2,0.82,1000,Express,Morning Rush,Sunday,63.086,48.0,63.086,526.5,1,2024-12-01 06:00:00
SHP00292,Kolkata,Indore,,General Network,Kolkata_Indore,Mixed,Mini Truck,1620,0.14,Heavy Rain,0.424,1,0.85,3200,Express,Midday,Sunday,56.967,40.449,56.967,1618.0,1,2024-01-28 13:00:00
SHP00293,Hyderabad,Surat,Kochi,General Network,Hyderabad_Surat,Highway,Express Van,2296,0.51,Rain,0.394,1,0.22,3800,Standard,Morning Rush,Wednesday,49.662,36.363,49.662,1482.3,0,2024-03-13 06:00:00
SHP00294,Delhi,Lucknow,,UP Corridor,Delhi_Lucknow,City Road,Carting Vehicle,1984,0.81,Clear,0.762,0,0.69,4800,Same-Day,Afternoon,Tuesday,107.019,24.0,107.019,1886.3,1,2024-12-03 17:00:00
SHP00295,Mumbai,Surat,Kochi,General Network,Mumbai_Surat,Expressway,Container,2103,0.98,Cloudy,0.7,2,0.28,5000,Economy,Morning Rush,Friday,57.819,38.562,57.819,1906.6,0,2024-01-12 07:00:00
SHP00296,Lucknow,Nagpur,,General Network,Lucknow_Nagpur,Expressway,FTL Truck,1333,0.41,Heavy Rain,0.438,5,0.48,2000,Express,Afternoon,Thursday,34.06,20.345,34.06,1201.7,0,2024-02-01 14:00:00
SHP00297,Mumbai,Kochi,,General Network,Mumbai_Kochi,Rural,Express Van,1678,,Cloudy,0.838,0,0.73,5000,Express,Evening Rush,Tuesday,57.363,44.114,57.363,1496.3,1,2024-03-19 19:00:00
SHP00298,Vadodara,Surat,,General Network,Vadodara_Surat,Expressway,Carting Vehicle,916,0.69,Fog,0.678,5,0.66,750,Express,Evening Rush,Sunday,29.641,19.808,29.641,1007.1,0,2024-03-10 19:00:00
SHP00299,Hyderabad,Vadodara,Ahmedabad,General Network,Hyderabad_Vadodara,City Road,Container,1389,0.58,Rain,0.66,1,0.78,3800,Standard,Afternoon,Wednesday,97.325,63.341,97.325,3038.2,1,2024-08-14 14:00:00
SHP00300,Chennai,Kolkata,,General Network,Chennai_Kolkata,City Road,Container,1026,0.61,Clear,0.518,1,0.38,3500,Same-Day,Evening Rush,Saturday,44.167,24.0,44.167,580.8,1,2024-09-14 21:00:00
SHP00301,Nagpur,Kolkata,,General Network,Nagpur_Kolkata,Expressway,Carting Vehicle,158,0.25,Heavy Rain,0.302,3,0.38,1600,Economy,Evening Rush,Sunday,6.999,4.701,6.999,286.9,0,2024-03-31 20:00:00
SHP00302,Chandigarh,Surat,,General Network,Chandigarh_Surat,Expressway,Mini Truck,1658,0.8,Cloudy,0.756,6,0.69,1000,Economy,Night,Tuesday,41.905,28.497,41.905,1350.8,0,2024-10-01 22:00:00
SHP00303,Delhi,Vizag,,General Network,Delhi_Vizag,Highway,FTL Truck,1702,0.89,Heavy Rain,0.694,4,0.4,4800,Economy,Afternoon,Monday,75.239,29.822,75.239,3237.8,0,2024-07-22 15:00:00
SHP00304,Lucknow,Chandigarh,Nagpur,General Network,Lucknow_Chandigarh,City Road,Container,2006,0.93,Heavy Rain,0.858,1,0.75,2000,Same-Day,Midday,Saturday,180.829,24.0,180.829,6804.0,1,2024-10-26 10:00:00
SHP00305,Patna,Mumbai,Bhopal,General Network,Patna_Mumbai,City Road,Mini Truck,758,0.18,Heavy Rain,0.292,5,,1100,Express,Midday,Wednesday,47.195,35.112,47.195,1387.9,0,2024-09-18 11:00:00
SHP00306,Delhi,Pune,Kolkata,General Network,Delhi_Pune,Rural,Carting Vehicle,316,0.88,Fog,0.664,5,0.34,4800,Express,Midday,Monday,23.803,17.016,23.803,866.4,0,2024-05-27 11:00:00
SHP00307,Pune,Mumbai,Vadodara,Mumbai-Pune Expressway,Pune_Mumbai,Mixed,Mini Truck,141,0.55,Rain,0.57,6,0.6,2800,Standard,Morning Rush,Saturday,8.206,6.035,8.206,335.7,0,2024-02-10 06:00:00
SHP00308,Jaipur,Kochi,,General Network,Jaipur_Kochi,City Road,Carting Vehicle,248,0.15,Clear,0.282,1,0.48,2200,Express,Morning Rush,Friday,10.389,16.963,10.389,56.5,0,2024-01-26 09:00:00
SHP00309,Kolkata,Pune,,General Network,Kolkata_Pune,Rural,Mini Truck,480,0.77,Fog,0.658,0,0.49,3200,Express,Afternoon,Saturday,27.331,19.781,27.331,928.8,0,2024-02-03 15:00:00
SHP00310,Chennai,Lucknow,,General Network,Chennai_Lucknow,Rural,Container,563,0.29,Fog,0.322,0,0.37,3500,Economy,Afternoon,Wednesday,30.425,24.083,30.425,942.4,0,2024-09-04 15:00:00
SHP00311,Surat,Jaipur,,General Network,Surat_Jaipur,Mixed,Carting Vehicle,2149,0.65,Fog,0.63,5,0.6,1800,Same-Day,Morning Rush,Friday,95.619,24.0,95.619,2871.8,1,2024-03-01 06:00:00
SHP00312,Chennai,Ahmedabad,Vadodara,General Network,Chennai_Ahmedabad,Mixed,FTL Truck,949,0.4,Heavy Rain,0.5,5,0.65,3500,Economy,Afternoon,Sunday,45.072,22.579,45.072,1755.3,0,2024-02-04 15:00:00
SHP00313,Surat,Mumbai,,General Network,Surat_Mumbai,Highway,Express Van,811,0.46,Storm,0.54,0,0.66,1800,Same-Day,Midday,Tuesday,22.791,15.649,22.791,838.6,0,2024-11-26 10:00:00
SHP00314,Patna,Kochi,,General Network,Patna_Kochi,Rural,FTL Truck,1407,0.85,Heavy Rain,0.686,5,0.44,1100,Economy,Morning Rush,Sunday,107.422,44.389,107.422,4569.3,0,2024-06-30 08:00:00
SHP00315,Jaipur,Mumbai,,General Network,Jaipur_Mumbai,Rural,Container,1362,0.65,Heavy Rain,0.53,0,0.35,2200,Express,Midday,Monday,90.424,48.0,90.424,3289.0,1,2024-06-03 12:00:00
SHP00316,Kolkata,Chennai,,General Network,Kolkata_Chennai,Rural,FTL Truck,2137,0.5,Clear,0.388,3,0.22,3200,Express,Afternoon,Wednesday,62.569,48.0,62.569,904.8,1,2024-09-25 15:00:00
SHP00317,Hyderabad,Chennai,Nagpur,Deccan-Southern Corridor,Hyderabad_Chennai,Mixed,Carting Vehicle,2226,0.75,Storm,0.678,5,0.57,3800,Express,Morning Rush,Tuesday,161.86,48.0,161.86,6743.6,1,2024-08-27 07:00:00
SHP00318,Mumbai,Vadodara,,General Network,Mumbai_Vadodara,Rural,Express Van,1415,0.28,Storm,0.34,4,0.43,5000,Express,Morning Rush,Wednesday,69.305,37.176,69.305,2517.7,1,2024-02-28 06:00:00
SHP00319,Vizag,Coimbatore,,General Network,Vizag_Coimbatore,Highway,Container,1276,0.39,Cloudy,0.358,5,,850,Same-Day,Morning Rush,Thursday,24.357,24.0,24.357,335.5,1,2024-03-07 06:00:00
SHP00320,Delhi,Hyderabad,,General Network,Delhi_Hyderabad,Expressway,Mini Truck,1945,0.45,Clear,0.574,4,0.76,4800,Standard,Morning Rush,Monday,32.619,31.366,32.619,592.2,0,2024-12-09 08:00:00
SHP00321,Patna,Vadodara,,General Network,Patna_Vadodara,City Road,FTL Truck,2016,0.51,Clear,0.606,5,0.75,1100,Economy,Midday,Friday,92.99,79.531,92.99,2123.4,0,2024-07-19 11:00:00
SHP00322,Surat,Nagpur,,General Network,Surat_Nagpur,Expressway,FTL Truck,797,0.53,Heavy Rain,0.51,3,0.48,1800,Standard,Evening Rush,Thursday,23.007,12.416,23.007,877.0,0,2024-02-22 18:00:00
SHP00323,Chennai,Nagpur,,General Network,Chennai_Nagpur,Mixed,Express Van,1096,0.58,Storm,0.556,3,0.52,3500,Standard,Evening Rush,Saturday,52.211,22.482,52.211,2179.6,0,2024-12-21 19:00:00
SHP00324,Bhopal,Vadodara,Indore,General Network,Bhopal_Vadodara,Rural,Carting Vehicle,2462,0.7,Fog,0.524,5,0.26,1200,Express,Evening Rush,Monday,158.511,48.0,158.511,5133.8,1,2024-02-19 20:00:00
SHP00325,Bangalore,Hyderabad,Coimbatore,General Network,Bangalore_Hyderabad,Mixed,Mini Truck,686,0.68,Heavy Rain,0.508,1,0.25,4200,Same-Day,Afternoon,Sunday,30.934,18.112,30.934,1093.8,1,2024-09-29 15:00:00
SHP00326,Pune,Ahmedabad,Vadodara,General Network,Pune_Ahmedabad,Rural,Mini Truck,2466,0.75,Rain,0.822,0,0.93,2800,Same-Day,Morning Rush,Thursday,116.872,24.0,116.872,3359.0,1,2024-05-30 07:00:00
SHP00327,Delhi,Mumbai,Patna,Western Corridor,Delhi_Mumbai,Mixed,Express Van,1734,0.88,Rain,0.684,5,0.39,4800,Standard,Midday,Saturday,61.496,36.32,61.496,2181.9,0,2024-08-31 10:00:00
SHP00328,Nagpur,Patna,,General Network,Nagpur_Patna,City Road,Carting Vehicle,2100,0.11,Rain,0.354,1,0.72,1600,Express,Evening Rush,Wednesday,113.313,48.0,113.313,1998.8,1,2024-07-31 20:00:00
SHP00329,Vadodara,Bhopal,,General Network,Vadodara_Bhopal,Mixed,Container,1549,0.48,Cloudy,0.632,3,0.86,750,Economy,Afternoon,Friday,52.992,41.431,52.992,1357.2,0,2024-09-13 14:00:00
SHP00330,Vizag,Vadodara,,General Network,Vizag_Vadodara,Rural,Container,2057,0.53,Clear,0.514,4,0.49,850,Standard,Evening Rush,Thursday,77.88,72.0,77.88,1446.1,1,2024-05-23 20:00:00
SHP00331,Coimbatore,Bangalore,,General Network,Coimbatore_Bangalore,City Road,Container,1521,0.82,Heavy Rain,0.672,0,0.45,900,Standard,Afternoon,Saturday,152.496,70.399,152.496,6082.2,1,2024-08-03 17:00:00
SHP00332,Lucknow,Surat,Bangalore,General Network,Lucknow_Surat,City Road,Container,808,0.33,Clear,0.478,4,0.7,2000,Same-Day,Morning Rush,Friday,31.059,24.0,31.059,233.9,1,2024-11-15 06:00:00
SHP00333,Hyderabad,Vizag,,General Network,Hyderabad_Vizag,Highway,Carting Vehicle,145,0.65,Rain,0.558,2,0.42,3800,Same-Day,Afternoon,Saturday,5.695,5.621,5.695,196.7,0,2024-03-30 14:00:00
SHP00334,Ahmedabad,Coimbatore,,General Network,Ahmedabad_Coimbatore,City Road,Express Van,742,,Fog,0.982,4,0.97,2600,Standard,Evening Rush,Wednesday,51.702,26.498,51.702,1996.1,0,2024-12-04 20:00:00
SHP00335,Kolkata,Ahmedabad,,General Network,Kolkata_Ahmedabad,Mixed,FTL Truck,305,0.68,Storm,0.728,0,0.8,3200,Same-Day,Evening Rush,Monday,14.736,11.298,14.736,579.2,0,2024-04-29 18:00:00
SHP00336,Indore,Coimbatore,,General Network,Indore_Coimbatore,Rural,FTL Truck,1406,0.36,Cloudy,0.552,3,0.84,1400,Economy,Afternoon,Friday,51.357,45.289,51.357,1206.7,0,2024-11-22 17:00:00
SHP00337,Bhopal,Jaipur,,General Network,Bhopal_Jaipur,Rural,FTL Truck,1107,0.33,Rain,0.466,3,0.67,1200,Same-Day,Morning Rush,Saturday,38.563,24.0,38.563,837.8,1,2024-01-06 06:00:00
SHP00338,Mumbai,Patna,,General Network,Mumbai_Patna,Highway,Mini Truck,872,0.42,Fog,0.564,2,0.78,5000,Standard,Midday,Monday,24.295,20.498,24.295,731.0,0,2024-12-02 12:00:00
SHP00339,Chennai,Hyderabad,,Deccan-Southern Corridor,Chennai_Hyderabad,Highway,Mini Truck,843,0.69,Fog,0.782,4,0.92,3500,Express,Evening Rush,Tuesday,26.716,18.776,26.716,900.4,0,2024-05-21 19:00:00
SHP00340,Surat,Jaipur,Vizag,General Network,Surat_Jaipur,City Road,FTL Truck,1153,0.44,Clear,0.452,0,0.47,1800,Same-Day,Evening Rush,Friday,38.271,24.0,38.271,319.7,1,2024-04-12 18:00:00
SHP00341,Chennai,Kolkata,,General Network,Chennai_Kolkata,Mixed,Container,1146,0.68,Heavy Rain,0.78,5,0.93,3500,Express,Midday,Wednesday,58.964,30.287,58.964,2189.6,1,2024-09-11 10:00:00
SHP00342,Mumbai,Bangalore,Vizag,Western-Southern Corridor,Mumbai_Bangalore,Expressway,Express Van,2119,0.91,Rain,0.81,4,,5000,Express,Midday,Monday,44.864,29.338,44.864,1528.1,0,2024-02-05 13:00:00
SHP00343,Chennai,Vadodara,Delhi,General Network,Chennai_Vadodara,Mixed,Express Van,474,0.46,Rain,0.56,5,0.71,3500,Same-Day,Midday,Wednesday,14.314,12.996,14.314,446.6,0,2024-11-27 12:00:00
SHP00344,Indore,Pune,,General Network,Indore_Pune,Rural,FTL Truck,1885,0.67,Storm,0.598,0,0.49,1400,Economy,Midday,Wednesday,159.038,58.335,159.038,7028.9,1,2024-10-30 13:00:00
SHP00345,Bangalore,Kochi,,General Network,Bangalore_Kochi,Rural,FTL Truck,280,0.13,Heavy Rain,0.174,6,0.24,4200,Economy,Midday,Tuesday,15.41,11.801,15.41,551.3,0,2024-10-01 10:00:00
SHP00346,Ahmedabad,Bangalore,,General Network,Ahmedabad_Bangalore,Highway,Mini Truck,282,0.69,Storm,0.646,4,0.58,2600,Express,Afternoon,Friday,14.022,6.781,14.022,606.3,0,2024-01-26 15:00:00
SHP00347,Chennai,Chandigarh,,General Network,Chennai_Chandigarh,Mixed,FTL Truck,987,0.2,Cloudy,0.392,4,0.68,3500,Standard,Morning Rush,Saturday,23.706,25.099,23.706,435.4,0,2024-06-15 09:00:00
SHP00348,Kochi,Vizag,Delhi,General Network,Kochi_Vizag,City Road,FTL Truck,1210,0.63,Rain,0.566,0,0.47,800,Express,Evening Rush,Monday,66.495,47.423,66.495,1915.4,1,2024-03-25 20:00:00
SHP00349,Hyderabad,Chennai,Surat,Deccan-Southern Corridor,Hyderabad_Chennai,Mixed,FTL Truck,819,0.89,Heavy Rain,0.638,0,0.26,3800,Express,Midday,Saturday,38.886,21.914,38.886,1514.2,0,2024-08-31 10:00:00
SHP00350,Coimbatore,Patna,Ahmedabad,General Network,Coimbatore_Patna,Expressway,Container,2166,0.72,Cloudy,0.704,5,0.68,900,Express,Evening Rush,Thursday,46.424,39.001,46.424,1176.0,0,2024-06-27 19:00:00
SHP00351,Pune,Chennai,Delhi,General Network,Pune_Chennai,Mixed,Container,949,0.56,Clear,0.564,5,0.57,2800,Same-Day,Midday,Wednesday,24.673,24.0,24.673,363.9,1,2024-09-11 11:00:00
SHP00352,Delhi,Indore,,General Network,Delhi_Indore,Rural,Express Van,1938,0.4,Cloudy,0.576,6,0.84,4800,Economy,Morning Rush,Thursday,63.22,51.834,63.22,1546.2,0,2024-03-21 06:00:00
SHP00353,Chennai,Bangalore,Vizag,Southern Corridor,Chennai_Bangalore,City Road,Container,1428,0.62,Storm,0.588,5,0.54,3500,Economy,Midday,Thursday,179.95,66.88,179.95,7917.0,1,2024-07-11 13:00:00
SHP00354,Delhi,Patna,Hyderabad,General Network,Delhi_Patna,City Road,Carting Vehicle,915,0.45,Cloudy,0.394,5,0.31,4800,Economy,Morning Rush,Wednesday,60.464,47.658,60.464,1536.4,0,2024-01-17 07:00:00
SHP00355,Patna,Chandigarh,,General Network,Patna_Chandigarh,Expressway,Carting Vehicle,812,0.9,Cloudy,0.812,6,0.68,1100,Same-Day,Evening Rush,Saturday,22.702,17.772,22.702,678.3,0,2024-04-20 21:00:00
SHP00356,Jaipur,Mumbai,Kochi,General Network,Jaipur_Mumbai,Expressway,Carting Vehicle,726,0.39,Storm,0.498,4,0.66,2200,Express,Night,Wednesday,29.848,14.423,29.848,1179.5,0,2024-08-28 22:00:00
SHP00357,Indore,Coimbatore,,General Network,Indore_Coimbatore,Highway,Carting Vehicle,1758,0.17,Heavy Rain,0.422,5,0.8,1400,Economy,Midday,Wednesday,68.859,41.009,68.859,2373.6,0,2024-06-05 11:00:00
SHP00358,Kochi,Vadodara,,General Network,Kochi_Vadodara,Highway,Carting Vehicle,1637,0.89,Heavy Rain,0.742,6,0.52,800,Economy,Evening Rush,Tuesday,96.686,39.91,96.686,4164.2,0,2024-02-06 18:00:00
SHP00359,Surat,Vizag,Indore,General Network,Surat_Vizag,Highway,Express Van,933,0.73,Rain,0.714,4,0.69,1800,Economy,Morning Rush,Friday,27.638,17.824,27.638,1049.8,0,2024-07-05 07:00:00
SHP00360,Patna,Delhi,,General Network,Patna_Delhi,Rural,Container,926,0.73,Rain,0.698,6,0.65,1100,Express,Midday,Sunday,52.689,32.926,52.689,1708.8,1,2024-09-01 12:00:00
SHP00361,Ahmedabad,Nagpur,,General Network,Ahmedabad_Nagpur,Rural,Express Van,2103,0.15,Rain,0.29,3,0.5,2600,Economy,Evening Rush,Wednesday,72.639,55.96,72.639,1920.1,0,2024-05-29 20:00:00
SHP00362,Bangalore,Ahmedabad,,General Network,Bangalore_Ahmedabad,Expressway,Mini Truck,537,0.91,Clear,0.718,0,0.43,4200,Standard,Night,Sunday,10.93,11.15,10.93,279.0,0,2024-04-14 22:00:00
SHP00363,Mumbai,Surat,,General Network,Mumbai_Surat,Expressway,Mini Truck,185,0.41,Storm,0.47,5,0.56,5000,Express,Evening Rush,Thursday,7.575,5.891,7.575,324.6,0,2024-06-20 19:00:00
SHP00364,Surat,Coimbatore,Lucknow,General Network,Surat_Coimbatore,Mixed,Mini Truck,1345,0.37,Storm,0.346,6,0.31,1800,Economy,Morning Rush,Monday,81.845,34.867,81.845,3416.2,0,2024-05-27 07:00:00
SHP00365,Patna,Kolkata,,Eastern Corridor,Patna_Kolkata,Mixed,Carting Vehicle,718,0.98,Cloudy,0.936,5,0.87,1100,Same-Day,Midday,Thursday,28.379,22.784,28.379,745.4,1,2024-04-04 12:00:00
SHP00366,Delhi,Nagpur,Vadodara,General Network,Delhi_Nagpur,Rural,Mini Truck,578,0.59,Cloudy,0.486,2,0.33,4800,Same-Day,Afternoon,Thursday,20.757,20.135,20.757,389.1,0,2024-08-22 16:00:00
SHP00367,Coimbatore,Surat,,General Network,Coimbatore_Surat,Rural,Container,1911,0.7,Heavy Rain,0.756,5,0.84,900,Same-Day,Morning Rush,Thursday,122.448,24.0,122.448,4349.2,1,2024-06-06 06:00:00
SHP00368,Ahmedabad,Chandigarh,,General Network,Ahmedabad_Chandigarh,Rural,FTL Truck,1006,0.65,Clear,0.534,4,0.36,2600,Same-Day,Morning Rush,Thursday,30.032,24.0,30.032,460.6,1,2024-12-12 08:00:00
SHP00369,Indore,Pune,,General Network,Indore_Pune,Expressway,Express Van,1618,0.46,Rain,0.584,3,0.77,1400,Standard,Midday,Wednesday,29.412,23.75,29.412,876.1,0,2024-02-14 12:00:00
SHP00370,Patna,Bhopal,,General Network,Patna_Bhopal,Expressway,Mini Truck,441,0.76,Rain,0.668,6,0.53,1100,Express,Morning Rush,Thursday,13.438,11.175,13.438,496.8,0,2024-06-20 08:00:00
SHP00371,Kochi,Indore,,General Network,Kochi_Indore,Highway,Express Van,2414,0.47,Clear,0.538,5,0.64,800,Economy,Afternoon,Monday,42.504,38.402,42.504,975.9,0,2024-06-03 15:00:00
SHP00372,Patna,Ahmedabad,Lucknow,General Network,Patna_Ahmedabad,Highway,Express Van,2022,0.37,Clear,0.506,5,0.71,1100,Express,Midday,Sunday,29.512,31.24,29.512,452.1,0,2024-09-08 13:00:00
SHP00373,Chandigarh,Bangalore,,General Network,Chandigarh_Bangalore,Mixed,Container,2036,0.53,Storm,0.538,2,0.55,1000,Same-Day,Afternoon,Friday,107.84,24.0,107.84,4075.1,1,2024-03-15 16:00:00
SHP00374,Hyderabad,Indore,,General Network,Hyderabad_Indore,City Road,Express Van,297,,Clear,0.66,2,0.93,3800,Same-Day,Midday,Tuesday,10.34,10.9,10.34,177.7,0,2024-04-09 11:00:00
SHP00375,Vadodara,Kolkata,Pune,General Network,Vadodara_Kolkata,Mixed,Express Van,506,0.34,Rain,0.508,2,0.76,750,Same-Day,Evening Rush,Thursday,13.215,12.025,13.215,352.9,0,2024-09-05 19:00:00
SHP00376,Chennai,Ahmedabad,,General Network,Chennai_Ahmedabad,City Road,Carting Vehicle,2267,0.82,Fog,0.752,5,0.65,3500,Express,Evening Rush,Thursday,200.241,48.0,200.241,6832.7,1,2024-08-01 20:00:00
SHP00377,Chennai,Kolkata,,General Network,Chennai_Kolkata,Highway,Express Van,2243,0.72,Heavy Rain,0.556,3,0.31,3500,Same-Day,Midday,Saturday,59.787,24.0,59.787,2124.4,1,2024-12-21 10:00:00
SHP00378,Lucknow,Hyderabad,,General Network,Lucknow_Hyderabad,City Road,Mini Truck,187,0.72,Cloudy,0.764,0,0.83,2000,Standard,Night,Tuesday,10.591,9.149,10.591,279.3,0,2024-12-03 22:00:00
SHP00379,Chandigarh,Chennai,Kochi,General Network,Chandigarh_Chennai,Rural,Express Van,625,0.7,Clear,0.74,6,0.8,1000,Standard,Afternoon,Wednesday,21.642,17.064,21.642,573.9,0,2024-05-22 17:00:00
SHP00380,Vadodara,Ahmedabad,,General Network,Vadodara_Ahmedabad,Mixed,FTL Truck,980,0.84,Fog,0.828,4,0.81,750,Standard,Morning Rush,Wednesday,43.721,25.249,43.721,1643.3,0,2024-01-03 09:00:00
SHP00381,Coimbatore,Chandigarh,,General Network,Coimbatore_Chandigarh,Rural,Mini Truck,1557,0.71,Storm,0.542,6,0.29,900,Express,Morning Rush,Monday,123.841,48.0,123.841,5123.8,1,2024-08-26 09:00:00
SHP00382,Chandigarh,Nagpur,Patna,General Network,Chandigarh_Nagpur,Rural,FTL Truck,1989,0.4,Fog,0.356,2,0.29,1000,Standard,Evening Rush,Thursday,88.981,61.824,88.981,2686.8,1,2024-04-25 19:00:00
SHP00383,Pune,Bangalore,,General Network,Pune_Bangalore,Expressway,Carting Vehicle,535,0.11,Storm,0.362,5,0.74,2800,Same-Day,Morning Rush,Tuesday,17.935,12.364,17.935,625.6,0,2024-10-29 09:00:00
SHP00384,Kolkata,Bangalore,,General Network,Kolkata_Bangalore,Rural,Carting Vehicle,1060,0.64,Cloudy,0.78,0,0.99,3200,Same-Day,Afternoon,Thursday,45.257,24.0,45.257,831.0,1,2024-10-24 14:00:00
SHP00385,Indore,Nagpur,,General Network,Indore_Nagpur,Expressway,Mini Truck,529,0.56,Storm,0.464,3,0.32,1400,Economy,Morning Rush,Sunday,23.108,9.442,23.108,1015.3,0,2024-01-28 08:00:00
SHP00386,Mumbai,Pune,,Mumbai-Pune Expressway,Mumbai_Pune,Expressway,Carting Vehicle,426,0.37,Fog,0.502,6,0.7,5000,Same-Day,Evening Rush,Wednesday,13.25,9.58,13.25,436.2,0,2024-12-04 21:00:00
SHP00387,Jaipur,Kochi,,General Network,Jaipur_Kochi,Rural,FTL Truck,1679,0.99,Fog,0.954,0,0.9,2200,Standard,Midday,Tuesday,101.006,51.731,101.006,3821.7,1,2024-06-04 11:00:00
SHP00388,Hyderabad,Surat,Patna,General Network,Hyderabad_Surat,Expressway,Container,2325,0.71,Heavy Rain,0.718,5,0.73,3800,Standard,Evening Rush,Monday,83.764,39.056,83.764,3298.3,1,2024-01-29 18:00:00
SHP00389,Vadodara,Nagpur,Ahmedabad,General Network,Vadodara_Nagpur,Rural,FTL Truck,1545,0.63,Rain,0.498,2,0.3,750,Standard,Evening Rush,Monday,73.052,47.014,73.052,2323.1,1,2024-07-01 19:00:00
SHP00390,Ahmedabad,Jaipur,,General Network,Ahmedabad_Jaipur,Rural,FTL Truck,194,0.88,Fog,0.644,1,0.29,2600,Standard,Night,Thursday,11.71,10.058,11.71,443.9,0,2024-10-17 22:00:00
SHP00391,Jaipur,Mumbai,,General Network,Jaipur_Mumbai,Expressway,Express Van,511,0.44,Fog,0.468,4,0.51,2200,Standard,Midday,Saturday,10.823,10.14,10.823,368.7,0,2024-06-22 11:00:00
SHP00392,Nagpur,Patna,,General Network,Nagpur_Patna,City Road,Container,2454,0.29,Heavy Rain,0.338,2,0.41,1600,Standard,Morning Rush,Wednesday,184.572,72.0,184.572,6125.1,1,2024-10-23 09:00:00
SHP00393,Jaipur,Bangalore,,General Network,Jaipur_Bangalore,Mixed,Mini Truck,1348,0.29,Fog,0.51,5,0.84,2200,Economy,Night,Friday,54.463,35.061,54.463,1770.0,0,2024-11-15 22:00:00
SHP00394,Vizag,Kolkata,,General Network,Vizag_Kolkata,Highway,Container,2011,,Storm,0.622,6,0.73,850,Express,Morning Rush,Saturday,89.785,41.903,89.785,3612.7,1,2024-08-10 07:00:00
SHP00395,Nagpur,Chandigarh,,General Network,Nagpur_Chandigarh,City Road,Express Van,383,0.86,Cloudy,0.728,6,0.53,1600,Express,Midday,Sunday,18.498,14.396,18.498,539.0,0,2024-11-03 13:00:00
SHP00396,Chennai,Kolkata,,General Network,Chennai_Kolkata,City Road,Express Van,1810,0.52,Clear,0.572,3,0.65,3500,Express,Midday,Wednesday,59.479,48.0,59.479,870.6,1,2024-05-22 11:00:00
SHP00397,Delhi,Coimbatore,,General Network,Delhi_Coimbatore,Highway,Express Van,1573,0.64,Clear,0.74,3,0.89,4800,Standard,Morning Rush,Friday,28.123,25.511,28.123,661.5,0,2024-09-13 09:00:00
SHP00398,Kochi,Coimbatore,Kolkata,General Network,Kochi_Coimbatore,Rural,Carting Vehicle,1465,0.64,Heavy Rain,0.712,2,0.82,800,Standard,Midday,Sunday,119.867,60.405,119.867,4587.6,1,2024-08-04 12:00:00
SHP00399,Pune,Lucknow,,General Network,Pune_Lucknow,Expressway,Container,562,0.15,Heavy Rain,0.342,5,0.63,2800,Same-Day,Afternoon,Friday,14.365,13.185,14.365,444.3,0,2024-03-15 17:00:00
SHP00400,Nagpur,Lucknow,,General Network,Nagpur_Lucknow,Highway,FTL Truck,1151,0.72,Storm,0.764,1,0.83,1600,Standard,Morning Rush,Monday,51.387,22.506,51.387,2220.0,0,2024-12-16 09:00:00
SHP00401,Ahmedabad,Chandigarh,,General Network,Ahmedabad_Chandigarh,Expressway,Express Van,1063,0.37,Clear,0.602,6,0.95,2600,Economy,Evening Rush,Monday,17.389,17.167,17.389,459.5,0,2024-11-25 19:00:00
SHP00402,Jaipur,Bangalore,,General Network,Jaipur_Bangalore,Expressway,Express Van,501,0.75,Heavy Rain,0.81,6,0.9,2200,Economy,Afternoon,Monday,17.941,8.369,17.941,801.3,0,2024-11-04 16:00:00
SHP00403,Mumbai,Bangalore,,Western-Southern Corridor,Mumbai_Bangalore,City Road,Carting Vehicle,1401,0.1,Storm,0.204,2,0.36,5000,Economy,Evening Rush,Thursday,141.925,73.705,141.925,5313.2,1,2024-03-07 19:00:00
SHP00404,Surat,Chandigarh,Mumbai,General Network,Surat_Chandigarh,Expressway,Express Van,1246,0.26,Storm,0.424,2,0.67,1800,Express,Midday,Friday,28.836,17.401,28.836,1045.8,0,2024-07-12 13:00:00
SHP00405,Vizag,Ahmedabad,,General Network,Vizag_Ahmedabad,Highway,Express Van,1874,0.73,Heavy Rain,0.574,3,0.34,850,Express,Evening Rush,Thursday,53.975,27.95,53.975,2016.3,1,2024-09-26 19:00:00
SHP00406,Patna,Coimbatore,,General Network,Patna_Coimbatore,Highway,Carting Vehicle,1290,0.95,Cloudy,0.91,2,0.85,1100,Express,Afternoon,Saturday,40.252,29.776,40.252,1125.1,0,2024-04-20 15:00:00
SHP00407,Pune,Patna,,General Network,Pune_Patna,City Road,FTL Truck,1942,0.36,Heavy Rain,0.38,4,0.41,2800,Express,Evening Rush,Friday,120.034,48.0,120.034,3872.9,1,2024-06-14 18:00:00
SHP00408,Indore,Patna,Kochi,General Network,Indore_Patna,Mixed,FTL Truck,2030,0.6,Rain,0.456,1,0.24,1400,Standard,Morning Rush,Saturday,70.958,48.852,70.958,2227.5,0,2024-11-02 07:00:00
SHP00409,Vadodara,Indore,,General Network,Vadodara_Indore,Rural,Carting Vehicle,830,0.97,Heavy Rain,0.842,4,0.65,750,Same-Day,Night,Sunday,68.295,24.0,68.295,2622.1,1,2024-12-29 22:00:00
SHP00410,Jaipur,Chennai,Pune,General Network,Jaipur_Chennai,Rural,Mini Truck,1583,0.88,Clear,0.876,5,0.87,2200,Express,Night,Wednesday,64.183,48.0,64.183,1505.8,1,2024-05-15 22:00:00
SHP00411,Surat,Coimbatore,Vadodara,General Network,Surat_Coimbatore,City Road,FTL Truck,256,0.27,Fog,0.258,1,0.24,1800,Economy,Evening Rush,Sunday,14.607,14.217,14.607,437.5,0,2024-01-21 20:00:00
SHP00412,Chandigarh,Patna,,General Network,Chandigarh_Patna,Expressway,FTL Truck,829,0.41,,0.39,2,0.36,1000,Express,Midday,Thursday,12.369,14.597,12.369,218.5,0,2024-12-05 12:00:00
SHP00413,Mumbai,Vizag,Chennai,General Network,Mumbai_Vizag,Mixed,FTL Truck,1427,0.32,Cloudy,0.432,0,0.6,5000,Economy,Afternoon,Saturday,37.9,35.635,37.9,847.0,0,2024-02-24 16:00:00
SHP00414,Patna,Coimbatore,Delhi,General Network,Patna_Coimbatore,Expressway,Container,1955,0.69,Storm,0.598,0,0.46,1100,Same-Day,Midday,Friday,71.156,24.0,71.156,2816.7,1,2024-10-18 10:00:00
SHP00415,Lucknow,Nagpur,Hyderabad,General Network,Lucknow_Nagpur,Highway,Container,1136,0.96,Storm,0.78,3,0.51,2000,Standard,Evening Rush,Wednesday,66.394,23.551,66.394,2981.3,0,2024-07-17 18:00:00
SHP00416,Chennai,Surat,Chandigarh,General Network,Chennai_Surat,Expressway,Container,1617,0.22,Heavy Rain,0.424,6,0.73,3500,Same-Day,Evening Rush,Friday,38.316,24.0,38.316,1097.5,1,2024-05-17 19:00:00
SHP00417,Nagpur,Kolkata,Hyderabad,General Network,Nagpur_Kolkata,Expressway,FTL Truck,1007,0.14,Storm,0.272,3,0.47,1600,Economy,Evening Rush,Saturday,30.888,16.653,30.888,1217.3,0,2024-02-10 21:00:00
SHP00418,Lucknow,Ahmedabad,Bangalore,General Network,Lucknow_Ahmedabad,Mixed,Container,2188,0.14,Heavy Rain,0.188,0,0.26,2000,Same-Day,Afternoon,Friday,73.129,24.0,73.129,1813.6,1,2024-10-18 14:00:00
SHP00419,Coimbatore,Mumbai,Pune,General Network,Coimbatore_Mumbai,Highway,Carting Vehicle,447,0.81,Storm,0.834,0,0.87,900,Economy,Afternoon,Friday,30.664,13.366,30.664,1392.8,0,2024-11-15 14:00:00
SHP00420,Pune,Kolkata,Bhopal,General Network,Pune_Kolkata,Highway,FTL Truck,557,0.49,Storm,0.378,3,0.21,2800,Same-Day,Evening Rush,Monday,18.911,12.818,18.911,716.9,0,2024-12-02 21:00:00
SHP00421,Indore,Lucknow,Coimbatore,General Network,Indore_Lucknow,Highway,FTL Truck,851,0.27,Cloudy,0.502,5,0.85,1400,Express,Midday,Wednesday,15.192,17.333,15.192,273.2,0,2024-10-02 12:00:00
SHP00422,Hyderabad,Coimbatore,Mumbai,General Network,Hyderabad_Coimbatore,Expressway,Carting Vehicle,2096,0.91,Clear,0.862,3,0.79,3800,Standard,Evening Rush,Thursday,51.942,40.213,51.942,1351.5,0,2024-05-30 18:00:00
SHP00423,Chennai,Patna,,General Network,Chennai_Patna,Expressway,FTL Truck,2092,0.54,Heavy Rain,0.56,4,0.59,3500,Same-Day,Evening Rush,Wednesday,50.28,24.0,50.28,1695.6,1,2024-11-27 19:00:00
SHP00424,Chennai,Coimbatore,,General Network,Chennai_Coimbatore,Mixed,Mini Truck,897,0.73,Storm,0.526,2,0.22,3500,Same-Day,Afternoon,Monday,50.094,23.473,50.094,2009.0,1,2024-12-16 16:00:00
SHP00425,Patna,Hyderabad,Ahmedabad,General Network,Patna_Hyderabad,Rural,Mini Truck,1585,0.85,Storm,0.806,5,0.74,1100,Economy,Evening Rush,Saturday,165.022,54.874,165.022,7553.2,1,2024-12-07 21:00:00
SHP00426,Kolkata,Coimbatore,,General Network,Kolkata_Coimbatore,Highway,Express Van,1565,0.31,Heavy Rain,0.446,0,0.65,3200,Economy,Morning Rush,Saturday,43.058,26.426,43.058,1562.8,0,2024-09-14 07:00:00
SHP00427,Surat,Patna,,General Network,Surat_Patna,Highway,FTL Truck,1537,0.61,Fog,0.602,2,0.59,1800,Express,Morning Rush,Tuesday,41.405,29.471,41.405,1331.5,0,2024-11-05 09:00:00
SHP00428,Patna,Chandigarh,,General Network,Patna_Chandigarh,Highway,Container,576,0.14,Clear,0.196,5,0.28,1100,Standard,Night,Wednesday,11.613,13.18,11.613,188.6,0,2024-08-14 22:00:00
SHP00429,Chennai,Kolkata,,General Network,Chennai_Kolkata,Rural,FTL Truck,121,0.86,Rain,0.736,3,0.55,3500,Express,Afternoon,Wednesday,7.691,5.56,7.691,300.1,0,2024-07-31 17:00:00
SHP00430,Ahmedabad,Hyderabad,,General Network,Ahmedabad_Hyderabad,Mixed,Carting Vehicle,1992,0.82,Heavy Rain,0.704,3,0.53,2600,Express,Morning Rush,Friday,123.345,48.0,123.345,4744.7,1,2024-03-15 06:00:00
SHP00431,Coimbatore,Bangalore,,General Network,Coimbatore_Bangalore,Highway,Mini Truck,1692,0.98,Rain,0.72,0,0.33,900,Same-Day,Night,Wednesday,50.351,24.0,50.351,1611.1,1,2024-12-04 22:00:00
SHP00432,Bhopal,Indore,,General Network,Bhopal_Indore,Mixed,Express Van,706,0.11,Rain,0.234,4,0.42,1200,Same-Day,Evening Rush,Tuesday,14.819,16.479,14.819,275.3,0,2024-11-12 20:00:00
SHP00433,Indore,Pune,Vadodara,General Network,Indore_Pune,Rural,Container,629,0.4,Clear,0.552,5,0.78,1400,Standard,Midday,Thursday,25.123,24.463,25.123,520.7,0,2024-11-21 11:00:00
SHP00434,Kochi,Jaipur,Mumbai,General Network,Kochi_Jaipur,City Road,Container,1183,0.2,Rain,0.22,2,0.25,800,Economy,Evening Rush,Monday,73.397,55.72,73.397,2017.9,0,2024-03-04 20:00:00
SHP00435,Patna,Surat,Chandigarh,General Network,Patna_Surat,City Road,Express Van,2434,0.37,Storm,0.514,6,0.73,1100,Express,Evening Rush,Wednesday,161.859,48.0,161.859,6083.2,1,2024-07-03 20:00:00
SHP00436,Bhopal,Bangalore,,General Network,Bhopal_Bangalore,Highway,Carting Vehicle,2260,0.53,Clear,0.542,2,0.56,1200,Economy,Evening Rush,Wednesday,61.665,51.546,61.665,1439.9,0,2024-05-15 21:00:00
SHP00437,Patna,Coimbatore,,General Network,Patna_Coimbatore,Expressway,Container,2215,0.21,Cloudy,0.434,1,0.77,1100,Express,Morning Rush,Monday,32.717,40.436,32.717,317.2,0,2024-07-08 09:00:00
SHP00438,Bhopal,Chennai,Surat,General Network,Bhopal_Chennai,Highway,FTL Truck,1632,0.57,Rain,0.458,2,0.29,1200,Same-Day,Evening Rush,Monday,36.158,24.0,36.158,945.5,1,2024-10-28 19:00:00
SHP00439,Lucknow,Pune,,General Network,Lucknow_Pune,City Road,FTL Truck,289,0.21,Storm,0.318,6,0.48,2000,Economy,Midday,Wednesday,25.958,13.244,25.958,1062.1,0,2024-11-06 10:00:00
SHP00440,Coimbatore,Patna,,General Network,Coimbatore_Patna,Expressway,Carting Vehicle,1781,0.88,Storm,0.712,6,0.46,900,Economy,Evening Rush,Monday,107.063,35.659,107.063,4924.0,0,2024-12-09 20:00:00
SHP00441,Bangalore,Pune,Vadodara,General Network,Bangalore_Pune,Highway,Container,907,0.68,Fog,0.696,0,0.72,4200,Same-Day,Morning Rush,Saturday,27.514,21.342,27.514,850.6,1,2024-09-14 06:00:00
SHP00442,Kolkata,Mumbai,Delhi,General Network,Kolkata_Mumbai,Rural,Container,1417,0.5,Cloudy,0.64,4,0.85,3200,Express,Evening Rush,Sunday,54.739,48.0,54.739,1061.6,1,2024-06-23 19:00:00
SHP00443,Coimbatore,Surat,Delhi,General Network,Coimbatore_Surat,Expressway,FTL Truck,680,0.98,Rain,0.84,2,0.63,900,Standard,Afternoon,Sunday,18.695,10.982,18.695,692.2,0,2024-11-10 16:00:00
SHP00444,Lucknow,Bhopal,,General Network,Lucknow_Bhopal,Highway,Mini Truck,578,0.9,Rain,0.704,6,0.41,2000,Express,Night,Monday,20.15,13.78,20.15,727.3,0,2024-09-09 22:00:00
SHP00445,Indore,Chennai,Chandigarh,General Network,Indore_Chennai,Rural,Mini Truck,1789,0.6,Clear,0.46,0,0.25,1400,Same-Day,Midday,Monday,55.823,24.0,55.823,699.0,1,2024-05-06 10:00:00
SHP00446,Patna,Bangalore,,General Network,Patna_Bangalore,Mixed,Express Van,2308,0.59,Cloudy,0.486,1,0.33,1100,Express,Afternoon,Sunday,51.431,44.651,51.431,1078.9,1,2024-08-25 15:00:00
SHP00447,Kolkata,Mumbai,,General Network,Kolkata_Mumbai,Highway,Container,988,0.33,Heavy Rain,0.494,2,0.74,3200,Same-Day,Evening Rush,Thursday,29.777,20.168,29.777,914.9,1,2024-02-15 18:00:00
SHP00448,Hyderabad,Kochi,Chandigarh,General Network,Hyderabad_Kochi,Rural,Container,1523,0.55,Heavy Rain,0.666,5,0.84,3800,Express,Afternoon,Sunday,97.708,48.0,97.708,3473.5,1,2024-05-05 16:00:00
SHP00449,Vadodara,Surat,,General Network,Vadodara_Surat,Highway,FTL Truck,816,0.65,Storm,0.47,0,0.2,750,Express,Morning Rush,Thursday,31.32,14.585,31.32,1267.2,0,2024-11-28 08:00:00
SHP00450,Patna,Chennai,,General Network,Patna_Chennai,Rural,Mini Truck,121,0.26,Heavy Rain,0.48,5,0.81,1100,Same-Day,Morning Rush,Tuesday,8.4,6.662,8.4,324.7,0,2024-04-23 06:00:00
SHP00451,Nagpur,Pune,Lucknow,General Network,Nagpur_Pune,Highway,Carting Vehicle,247,0.31,Fog,0.426,2,0.6,1600,Same-Day,Evening Rush,Friday,7.94,10.289,7.94,229.4,0,2024-11-22 18:00:00
SHP00452,Kochi,Coimbatore,,General Network,Kochi_Coimbatore,Expressway,Container,384,0.7,Cloudy,0.692,1,0.68,800,Express,Midday,Friday,8.108,8.221,8.108,201.2,0,2024-10-18 13:00:00
SHP00453,Jaipur,Pune,,General Network,Jaipur_Pune,Highway,Container,312,0.89,Storm,0.614,3,0.2,2200,Same-Day,Night,Thursday,15.909,8.831,15.909,679.3,0,2024-07-04 22:00:00
SHP00454,Ahmedabad,Delhi,Indore,General Network,Ahmedabad_Delhi,Rural,Express Van,2423,0.1,Heavy Rain,0.204,0,0.36,2600,Economy,Midday,Thursday,102.652,64.626,102.652,3349.8,0,2024-02-08 13:00:00
SHP00455,Lucknow,Bangalore,,General Network,Lucknow_Bangalore,Highway,Mini Truck,1465,0.83,Clear,0.766,5,0.67,2000,Economy,Midday,Monday,40.492,30.738,40.492,1208.7,0,2024-09-23 13:00:00
SHP00456,Vadodara,Patna,Bhopal,General Network,Vadodara_Patna,Highway,Container,1645,0.21,Storm,0.518,0,0.98,750,Economy,Evening Rush,Thursday,70.645,35.579,70.645,2787.3,0,2024-02-01 20:00:00
SHP00457,Bangalore,Hyderabad,Mumbai,General Network,Bangalore_Hyderabad,Highway,Express Van,1777,0.86,Fog,0.724,4,0.52,4200,Standard,Morning Rush,Wednesday,51.179,27.967,51.179,1911.8,0,2024-08-07 09:00:00
SHP00458,Patna,Vizag,Hyderabad,General Network,Patna_Vizag,Rural,FTL Truck,909,0.19,Fog,0.386,0,0.68,1100,Express,Evening Rush,Tuesday,32.567,28.682,32.567,742.0,0,2024-09-03 20:00:00
SHP00459,Delhi,Bangalore,,General Network,Delhi_Bangalore,City Road,Container,2504,0.96,Rain,0.896,2,0.8,4800,Economy,Night,Friday,234.617,111.894,234.617,9026.9,1,2024-01-05 22:00:00
SHP00460,Hyderabad,Delhi,,General Network,Hyderabad_Delhi,City Road,Mini Truck,908,0.41,Fog,0.638,5,0.98,3800,Standard,Afternoon,Tuesday,60.333,41.252,60.333,1890.5,0,2024-08-27 16:00:00
SHP00461,Kochi,Surat,,General Network,Kochi_Surat,Mixed,Express Van,283,0.25,Rain,0.374,6,0.56,800,Economy,Evening Rush,Thursday,9.631,8.828,9.631,331.8,0,2024-05-02 21:00:00
SHP00462,Surat,Bhopal,,General Network,Surat_Bhopal,City Road,FTL Truck,2359,0.43,Heavy Rain,0.362,0,0.26,1800,Express,Morning Rush,Wednesday,150.468,48.0,150.468,4984.1,1,2024-07-03 07:00:00
SHP00463,Pune,Ahmedabad,,General Network,Pune_Ahmedabad,Rural,Express Van,1098,0.75,Cloudy,0.638,4,0.47,2800,Express,Evening Rush,Monday,35.698,31.908,35.698,868.8,0,2024-03-11 18:00:00
SHP00464,Chennai,Nagpur,,General Network,Chennai_Nagpur,City Road,Carting Vehicle,2277,0.43,Rain,0.458,1,0.5,3500,Economy,Midday,Thursday,184.093,114.027,184.093,5841.0,1,2024-03-14 10:00:00
SHP00465,Pune,Kochi,,General Network,Pune_Kochi,Expressway,Express Van,308,0.64,Storm,0.776,1,0.98,2800,Same-Day,Afternoon,Monday,9.628,5.654,9.628,408.5,0,2024-11-18 14:00:00
SHP00466,Coimbatore,Vadodara,,General Network,Coimbatore_Vadodara,Expressway,Mini Truck,2187,0.81,Cloudy,0.762,1,0.69,900,Standard,Night,Thursday,47.749,36.289,47.749,1330.2,0,2024-09-12 22:00:00
SHP00467,Surat,Indore,,General Network,Surat_Indore,Mixed,Mini Truck,2473,0.53,Storm,0.582,5,0.66,1800,Economy,Evening Rush,Monday,162.709,61.41,162.709,7014.8,1,2024-08-05 18:00:00
SHP00468,Nagpur,Jaipur,,General Network,Nagpur_Jaipur,Mixed,FTL Truck,2473,0.37,Clear,0.47,1,0.62,1600,Express,Evening Rush,Tuesday,50.243,48.0,50.243,541.6,1,2024-08-27 19:00:00
SHP00469,Chandigarh,Surat,Indore,General Network,Chandigarh_Surat,Rural,Carting Vehicle,1555,,Heavy Rain,0.464,0,0.41,1000,Standard,Morning Rush,Friday,116.402,62.002,116.402,4219.6,1,2024-04-26 09:00:00
SHP00470,Delhi,Kochi,Surat,General Network,Delhi_Kochi,City Road,Express Van,1216,0.33,Rain,0.518,6,0.8,4800,Express,Afternoon,Saturday,52.818,44.268,52.818,1356.4,1,2024-10-05 14:00:00
SHP00471,Lucknow,Indore,Bangalore,General Network,Lucknow_Indore,Expressway,Mini Truck,1722,0.69,Heavy Rain,0.81,1,0.99,2000,Standard,Evening Rush,Tuesday,57.412,30.326,57.412,2236.3,0,2024-08-27 20:00:00
SHP00472,Surat,Pune,,General Network,Surat_Pune,Expressway,Carting Vehicle,1622,0.49,Storm,0.646,0,0.88,1800,Economy,Evening Rush,Friday,78.692,34.368,78.692,3355.6,0,2024-01-05 21:00:00
SHP00473,Nagpur,Surat,,General Network,Nagpur_Surat,City Road,Mini Truck,1452,0.79,Heavy Rain,0.774,2,0.75,1600,Economy,Evening Rush,Tuesday,153.189,64.734,153.189,6425.7,1,2024-06-18 18:00:00
SHP00474,Pune,Bhopal,Ahmedabad,General Network,Pune_Bhopal,Highway,Carting Vehicle,1332,0.53,Fog,0.502,3,0.46,2800,Economy,Evening Rush,Wednesday,54.323,30.571,54.323,1927.4,0,2024-12-18 21:00:00
SHP00475,Bangalore,Bhopal,,General Network,Bangalore_Bhopal,Rural,Express Van,1622,0.69,Cloudy,0.518,0,0.26,4200,Express,Evening Rush,Thursday,49.695,45.704,49.695,1101.1,1,2024-03-07 19:00:00
SHP00476,Bangalore,Bhopal,Mumbai,General Network,Bangalore_Bhopal,City Road,Express Van,768,0.49,Cloudy,0.602,3,0.77,4200,Express,Evening Rush,Monday,28.46,26.617,28.46,562.8,0,2024-12-16 20:00:00
SHP00477,Hyderabad,Chandigarh,Pune,General Network,Hyderabad_Chandigarh,Highway,Container,1993,0.4,Heavy Rain,0.504,3,0.66,3800,Express,Afternoon,Tuesday,65.856,40.927,65.856,2192.8,1,2024-12-24 15:00:00
SHP00478,Bhopal,Ahmedabad,,General Network,Bhopal_Ahmedabad,City Road,Mini Truck,2415,0.45,Fog,0.562,5,0.73,1200,Economy,Afternoon,Thursday,178.415,101.625,178.415,6104.9,1,2024-03-21 14:00:00
SHP00479,Vizag,Lucknow,Mumbai,General Network,Vizag_Lucknow,Highway,Mini Truck,1594,0.47,,0.606,0,0.81,850,Express,Night,Tuesday,62.528,30.44,62.528,2423.3,1,2024-04-16 22:00:00
SHP00480,Bangalore,Chandigarh,,General Network,Bangalore_Chandigarh,Expressway,Carting Vehicle,659,0.46,Rain,0.36,0,0.21,4200,Economy,Midday,Monday,19.739,14.869,19.739,629.4,0,2024-02-12 13:00:00
SHP00481,Patna,Hyderabad,Ahmedabad,General Network,Patna_Hyderabad,Expressway,Carting Vehicle,1291,0.85,Rain,0.786,1,0.69,1100,Express,Evening Rush,Tuesday,40.632,27.265,40.632,1350.8,0,2024-03-19 20:00:00
SHP00482,Delhi,Kochi,,General Network,Delhi_Kochi,City Road,Container,1698,0.68,Heavy Rain,0.716,0,0.77,4800,Standard,Midday,Friday,159.709,72.0,159.709,6158.0,1,2024-07-12 12:00:00
SHP00483,Nagpur,Ahmedabad,,General Network,Nagpur_Ahmedabad,City Road,Mini Truck,871,0.13,Clear,0.162,6,0.21,1600,Standard,Morning Rush,Tuesday,32.578,37.618,32.578,295.6,0,2024-03-26 07:00:00
SHP00484,Chennai,Nagpur,Ahmedabad,General Network,Chennai_Nagpur,Rural,Container,588,0.29,Fog,0.426,3,0.63,3500,Express,Afternoon,Wednesday,26.927,21.679,26.927,693.3,0,2024-07-24 16:00:00
SHP00485,Patna,Ahmedabad,Chennai,General Network,Patna_Ahmedabad,Highway,Container,1782,0.43,Storm,0.358,1,0.25,1100,Same-Day,Midday,Friday,67.016,24.0,67.016,2448.6,1,2024-10-18 11:00:00
SHP00486,Vadodara,Surat,,General Network,Vadodara_Surat,Expressway,Express Van,1412,0.26,Storm,0.48,5,0.81,750,Express,Evening Rush,Saturday,33.092,21.45,33.092,1210.1,0,2024-08-17 18:00:00
SHP00487,Ahmedabad,Vizag,Pune,General Network,Ahmedabad_Vizag,Mixed,Carting Vehicle,1360,,Storm,0.396,0,0.81,2600,Standard,Midday,Friday,73.813,41.787,73.813,2615.5,1,2024-05-31 12:00:00
SHP00488,Delhi,Jaipur,,NCR-Rajasthan Corridor,Delhi_Jaipur,Mixed,Carting Vehicle,275,0.35,Heavy Rain,0.494,6,0.71,4800,Same-Day,Midday,Saturday,15.171,12.195,15.171,543.6,0,2024-01-13 13:00:00
SHP00489,Surat,Nagpur,,General Network,Surat_Nagpur,City Road,Carting Vehicle,1675,0.82,Cloudy,0.796,1,0.76,1800,Standard,Morning Rush,Monday,117.854,72.0,117.854,3242.6,1,2024-04-08 07:00:00
SHP00490,Hyderabad,Ahmedabad,,General Network,Hyderabad_Ahmedabad,City Road,Container,1079,0.59,Clear,0.69,1,0.84,3800,Express,Midday,Thursday,50.392,48.0,50.392,847.4,1,2024-04-11 13:00:00
SHP00491,Vadodara,Ahmedabad,Bhopal,General Network,Vadodara_Ahmedabad,Rural,Carting Vehicle,1577,0.34,,0.536,0,0.83,750,Economy,Evening Rush,Wednesday,93.637,63.477,93.637,2814.6,0,2024-03-20 21:00:00
SHP00492,Bhopal,Bangalore,,General Network,Bhopal_Bangalore,Rural,Container,1361,0.75,Fog,0.614,3,0.41,1200,Express,Midday,Wednesday,80.047,48.0,80.047,2667.9,1,2024-06-19 10:00:00
SHP00493,Pune,Hyderabad,,General Network,Pune_Hyderabad,City Road,Container,1808,0.76,Clear,0.656,3,0.5,2800,Standard,Morning Rush,Sunday,99.205,72.0,99.205,2305.9,1,2024-07-28 07:00:00
SHP00494,Chennai,Bhopal,,General Network,Chennai_Bhopal,Mixed,Mini Truck,1539,0.96,Cloudy,0.904,6,0.82,3500,Express,Evening Rush,Tuesday,54.428,39.523,54.428,1555.7,1,2024-01-30 18:00:00
SHP00495,Ahmedabad,Jaipur,Bangalore,General Network,Ahmedabad_Jaipur,Expressway,FTL Truck,1954,0.73,Clear,0.726,2,0.72,2600,Same-Day,Evening Rush,Saturday,29.589,24.0,29.589,541.2,1,2024-02-17 18:00:00
SHP00496,Coimbatore,Pune,,General Network,Coimbatore_Pune,Expressway,Express Van,1684,0.72,Cloudy,0.672,4,0.6,900,Economy,Morning Rush,Thursday,31.473,24.544,31.473,963.6,0,2024-02-15 09:00:00
SHP00497,Nagpur,Hyderabad,Pune,General Network,Nagpur_Hyderabad,Rural,Mini Truck,2094,0.73,Storm,0.522,1,0.21,1600,Express,Midday,Thursday,165.988,48.0,165.988,6857.1,1,2024-08-08 11:00:00
SHP00498,Hyderabad,Ahmedabad,,General Network,Hyderabad_Ahmedabad,Expressway,Mini Truck,332,,Cloudy,0.514,1,0.37,3800,Standard,Evening Rush,Sunday,7.208,9.98,7.208,199.5,0,2024-07-28 20:00:00
SHP00499,Vadodara,Chennai,Vizag,General Network,Vadodara_Chennai,City Road,FTL Truck,238,0.44,Clear,0.432,2,0.42,750,Same-Day,Morning Rush,Thursday,8.772,10.904,8.772,118.3,0,2024-01-04 07:00:00
SHP00500,Mumbai,Bhopal,,General Network,Mumbai_Bhopal,Mixed,Mini Truck,1481,0.53,Fog,0.506,3,0.47,5000,Same-Day,Afternoon,Thursday,51.363,24.0,51.363,1436.2,1,2024-05-02 17:00:00
SHP00501,Indore,Delhi,,General Network,Indore_Delhi,Rural,FTL Truck,649,0.51,Rain,0.61,5,0.76,1400,Standard,Evening Rush,Sunday,31.287,23.009,31.287,1011.9,0,2024-07-07 20:00:00
SHP00502,Chandigarh,Vizag,Coimbatore,General Network,Chandigarh_Vizag,Expressway,FTL Truck,1400,,Storm,0.982,6,0.97,1000,Express,Evening Rush,Saturday,57.581,24.036,57.581,2570.6,1,2024-06-15 20:00:00
SHP00503,Indore,Bangalore,,General Network,Indore_Bangalore,Rural,FTL Truck,699,0.76,Heavy Rain,0.632,1,0.44,1400,Economy,Afternoon,Wednesday,51.367,23.185,51.367,2150.0,0,2024-02-14 15:00:00
SHP00504,Vizag,Patna,,General Network,Vizag_Patna,City Road,Mini Truck,783,0.7,Heavy Rain,0.576,1,0.39,850,Standard,Evening Rush,Sunday,70.538,33.431,70.538,2740.9,0,2024-06-16 18:00:00
SHP00505,Ahmedabad,Lucknow,,General Network,Ahmedabad_Lucknow,Expressway,Carting Vehicle,471,0.93,Storm,0.842,3,0.71,2600,Standard,Evening Rush,Friday,27.806,12.17,27.806,1271.7,0,2024-07-12 18:00:00
SHP00506,Vizag,Bhopal,Vadodara,General Network,Vizag_Bhopal,City Road,FTL Truck,857,0.36,Cloudy,0.332,2,0.29,850,Same-Day,Morning Rush,Saturday,30.009,24.0,30.009,331.4,1,2024-07-13 06:00:00
SHP00507,Pune,Bhopal,,General Network,Pune_Bhopal,Expressway,Carting Vehicle,541,0.57,Rain,0.614,1,0.68,2800,Same-Day,Evening Rush,Monday,14.056,12.058,14.056,387.8,0,2024-04-22 21:00:00
SHP00508,Hyderabad,Surat,Patna,General Network,Hyderabad_Surat,City Road,Container,602,0.39,Storm,0.474,5,0.6,3800,Standard,Evening Rush,Saturday,62.132,29.219,62.132,2513.8,0,2024-04-20 21:00:00
SHP00509,Delhi,Nagpur,Vizag,General Network,Delhi_Nagpur,City Road,Carting Vehicle,844,0.73,Storm,0.534,6,0.24,4800,Express,Evening Rush,Friday,106.045,43.435,106.045,4433.6,1,2024-01-12 18:00:00
SHP00510,Nagpur,Bhopal,,General Network,Nagpur_Bhopal,Expressway,Express Van,2349,0.73,Clear,0.582,6,0.36,1600,Same-Day,Afternoon,Sunday,30.013,24.0,30.013,510.7,1,2024-01-28 15:00:00
SHP00511,Kolkata,Vadodara,,General Network,Kolkata_Vadodara,City Road,Express Van,881,0.91,Heavy Rain,0.694,6,0.37,3200,Economy,Evening Rush,Thursday,79.027,32.888,79.027,3428.3,0,2024-07-11 19:00:00
SHP00512,Kolkata,Delhi,Patna,Northern-Eastern Corridor,Kolkata_Delhi,Highway,Carting Vehicle,1503,0.95,,0.686,4,0.29,3200,Economy,Morning Rush,Sunday,70.953,36.455,70.953,2754.2,0,2024-05-05 07:00:00
SHP00513,Chandigarh,Lucknow,Vizag,General Network,Chandigarh_Lucknow,Mixed,FTL Truck,1662,0.8,Cloudy,0.836,5,0.89,1000,Economy,Night,Sunday,58.906,37.498,58.906,1872.4,0,2024-11-24 22:00:00
SHP00514,Jaipur,Chennai,,General Network,Jaipur_Chennai,Mixed,Mini Truck,2428,1.0,Cloudy,0.904,2,0.76,2200,Economy,Midday,Wednesday,100.609,63.087,100.609,3338.7,0,2024-10-02 11:00:00
SHP00515,Mumbai,Bhopal,,General Network,Mumbai_Bhopal,Mixed,FTL Truck,601,0.57,,0.61,5,0.67,5000,Economy,Evening Rush,Friday,28.058,14.741,28.058,1082.5,0,2024-10-11 20:00:00
SHP00516,Chennai,Delhi,,General Network,Chennai_Delhi,City Road,Carting Vehicle,228,0.18,Fog,0.272,6,0.41,3500,Express,Midday,Saturday,17.456,13.746,17.456,526.2,0,2024-10-05 11:00:00
SHP00517,Mumbai,Jaipur,Ahmedabad,General Network,Mumbai_Jaipur,Rural,Container,1394,0.5,Clear,0.564,5,0.66,5000,Same-Day,Morning Rush,Thursday,46.441,24.0,46.441,599.8,1,2024-12-05 07:00:00
SHP00518,Hyderabad,Surat,,General Network,Hyderabad_Surat,City Road,Container,1812,0.42,Cloudy,0.372,4,0.3,3800,Express,Evening Rush,Sunday,83.815,48.0,83.815,1374.5,1,2024-03-24 18:00:00
SHP00519,Jaipur,Patna,Ahmedabad,General Network,Jaipur_Patna,City Road,FTL Truck,892,0.67,Fog,0.57,5,0.42,2200,Express,Evening Rush,Monday,56.17,37.418,56.17,1841.1,1,2024-06-10 19:00:00
SHP00520,Bangalore,Lucknow,Jaipur,General Network,Bangalore_Lucknow,Highway,Container,1587,0.47,Fog,0.466,0,0.46,4200,Standard,Morning Rush,Monday,48.455,34.532,48.455,1507.0,0,2024-05-20 06:00:00
SHP00521,Indore,Chennai,Vadodara,General Network,Indore_Chennai,Highway,Container,1545,0.84,Cloudy,0.74,4,0.59,1400,Same-Day,Midday,Thursday,37.48,24.0,37.48,885.5,1,2024-07-18 11:00:00
SHP00522,Vizag,Indore,,General Network,Vizag_Indore,Expressway,Express Van,606,0.11,Fog,0.31,1,0.61,850,Express,Afternoon,Saturday,8.996,8.422,8.996,207.0,0,2024-11-23 17:00:00
SHP00523,Ahmedabad,Patna,,General Network,Ahmedabad_Patna,Expressway,Express Van,1865,0.82,Cloudy,0.732,2,0.6,2600,Economy,Evening Rush,Wednesday,36.722,26.624,36.722,1179.1,0,2024-06-05 19:00:00
SHP00524,Bangalore,Chennai,,Southern Corridor,Bangalore_Chennai,Highway,FTL Truck,1285,0.25,Storm,0.25,5,0.25,4200,Express,Night,Monday,41.498,21.924,41.498,1526.2,0,2024-08-05 22:00:00
SHP00525,Hyderabad,Coimbatore,,General Network,Hyderabad_Coimbatore,Expressway,Mini Truck,136,0.11,Fog,0.206,6,0.35,3800,Standard,Morning Rush,Friday,5.516,6.871,5.516,235.5,0,2024-09-27 07:00:00
SHP00526,Kolkata,Vizag,,General Network,Kolkata_Vizag,City Road,Express Van,1842,0.86,Cloudy,0.76,0,0.61,3200,Standard,Midday,Friday,85.999,60.946,85.999,2414.1,1,2024-12-13 13:00:00
SHP00527,Chennai,Surat,Mumbai,General Network,Chennai_Surat,Rural,Express Van,1705,0.29,Heavy Rain,0.49,4,0.79,3500,Same-Day,Evening Rush,Sunday,65.49,24.0,65.49,1952.6,1,2024-08-25 21:00:00
SHP00528,Vadodara,Patna,,General Network,Vadodara_Patna,Rural,FTL Truck,1748,0.1,Rain,0.424,1,0.91,750,Same-Day,Night,Friday,50.881,24.0,50.881,722.2,1,2024-09-27 22:00:00
SHP00529,Bhopal,Chennai,Chandigarh,General Network,Bhopal_Chennai,Expressway,Express Van,1599,0.3,Clear,0.388,2,0.52,1200,Express,Midday,Monday,18.061,22.652,18.061,205.5,0,2024-08-12 11:00:00
SHP00530,Mumbai,Indore,Vizag,General Network,Mumbai_Indore,City Road,Express Van,1438,0.14,Clear,0.292,5,0.52,5000,Express,Afternoon,Friday,39.051,48.0,39.051,199.5,0,2024-12-06 14:00:00
SHP00531,Vizag,Chandigarh,Surat,General Network,Vizag_Chandigarh,City Road,Container,1680,0.75,Rain,0.766,6,0.79,850,Economy,Midday,Monday,143.724,76.412,143.724,5235.2,1,2024-12-16 13:00:00
SHP00532,Bhopal,Mumbai,,General Network,Bhopal_Mumbai,Expressway,Express Van,736,0.54,Heavy Rain,0.648,1,0.81,1200,Same-Day,Midday,Tuesday,15.672,10.218,15.672,536.1,0,2024-05-14 13:00:00
SHP00533,Bhopal,Pune,Delhi,General Network,Bhopal_Pune,Expressway,Container,703,0.65,Storm,0.53,6,,1200,Standard,Midday,Wednesday,30.815,12.902,30.815,1326.6,0,2024-01-10 12:00:00
SHP00534,Indore,Patna,Delhi,General Network,Indore_Patna,Mixed,Carting Vehicle,1832,0.4,Rain,0.472,4,0.58,1400,Express,Evening Rush,Friday,71.021,48.0,71.021,1818.6,1,2024-06-28 19:00:00
SHP00535,Kolkata,Delhi,Bhopal,Northern-Eastern Corridor,Kolkata_Delhi,Highway,Carting Vehicle,519,0.36,Clear,0.384,4,0.42,3200,Same-Day,Midday,Sunday,10.933,12.633,10.933,137.0,0,2024-01-07 10:00:00
SHP00536,Kochi,Coimbatore,Patna,General Network,Kochi_Coimbatore,Mixed,Express Van,654,0.29,Rain,0.378,0,0.51,800,Express,Midday,Sunday,15.55,15.668,15.55,364.3,0,2024-12-01 12:00:00
SHP00537,Chennai,Bangalore,,Southern Corridor,Chennai_Bangalore,Mixed,Express Van,2274,0.75,Fog,0.846,1,0.99,3500,Same-Day,Afternoon,Sunday,67.912,24.0,67.912,2097.3,1,2024-10-13 17:00:00
SHP00538,Patna,Chennai,,General Network,Patna_Chennai,Expressway,Mini Truck,179,0.57,Clear,0.726,6,0.96,1100,Economy,Morning Rush,Wednesday,6.77,4.237,6.77,280.6,0,2024-01-24 07:00:00
SHP00539,Pune,Bhopal,,General Network,Pune_Bhopal,Expressway,Carting Vehicle,1703,0.49,Storm,0.538,4,0.61,2800,Standard,Night,Friday,75.547,34.441,75.547,3098.7,1,2024-01-05 22:00:00
SHP00540,Coimbatore,Jaipur,Delhi,General Network,Coimbatore_Jaipur,Rural,Express Van,2280,0.6,Cloudy,0.496,0,0.34,900,Same-Day,Midday,Wednesday,61.364,24.0,61.364,1038.3,1,2024-05-22 10:00:00
SHP00541,Ahmedabad,Pune,,General Network,Ahmedabad_Pune,Mixed,Express Van,455,0.67,Clear,0.794,2,0.98,2600,Standard,Morning Rush,Saturday,11.509,13.514,11.509,294.9,0,2024-11-16 06:00:00
SHP00542,Ahmedabad,Lucknow,,General Network,Ahmedabad_Lucknow,City Road,Container,2475,0.69,Rain,0.77,6,0.89,2600,Standard,Midday,Saturday,184.171,72.0,184.171,6058.7,1,2024-05-11 12:00:00
SHP00543,Ahmedabad,Nagpur,,General Network,Ahmedabad_Nagpur,Rural,Carting Vehicle,1598,0.5,Cloudy,0.612,3,0.78,2600,Economy,Evening Rush,Saturday,83.621,66.002,83.621,2176.4,0,2024-04-06 21:00:00
SHP00544,Kolkata,Surat,,General Network,Kolkata_Surat,Highway,Carting Vehicle,373,0.84,Rain,0.804,1,0.75,3200,Express,Morning Rush,Thursday,14.343,12.718,14.343,487.6,0,2024-07-25 09:00:00
SHP00545,Hyderabad,Mumbai,,General Network,Hyderabad_Mumbai,Mixed,Mini Truck,267,0.12,Clear,0.416,6,0.86,3800,Economy,Morning Rush,Friday,8.482,7.482,8.482,212.2,0,2024-01-05 09:00:00
SHP00546,Surat,Bangalore,Delhi,General Network,Surat_Bangalore,City Road,Container,1468,0.9,Cloudy,0.88,2,0.85,1800,Economy,Morning Rush,Sunday,105.857,67.916,105.857,3390.8,0,2024-11-17 09:00:00
SHP00547,Chennai,Kochi,Hyderabad,General Network,Chennai_Kochi,Rural,Carting Vehicle,1853,0.1,Clear,0.212,1,0.38,3500,Economy,Evening Rush,Tuesday,67.188,73.914,67.188,737.0,0,2024-02-27 21:00:00
SHP00548,Ahmedabad,Chennai,Nagpur,General Network,Ahmedabad_Chennai,Rural,Container,295,0.4,Rain,0.436,0,0.49,2600,Standard,Evening Rush,Tuesday,15.317,12.366,15.317,456.3,0,2024-04-02 19:00:00
SHP00549,Vadodara,Lucknow,,General Network,Vadodara_Lucknow,Rural,Mini Truck,392,0.7,Clear,0.8,6,0.95,750,Same-Day,Evening Rush,Friday,17.019,14.174,17.019,440.4,0,2024-08-16 21:00:00
SHP00550,Chennai,Vadodara,Jaipur,General Network,Chennai_Vadodara,Expressway,Carting Vehicle,1679,0.18,Storm,0.508,1,1.0,3500,Same-Day,Afternoon,Tuesday,51.465,24.0,51.465,1674.0,1,2024-07-30 16:00:00
SHP00551,Indore,Patna,Mumbai,General Network,Indore_Patna,Mixed,Container,2485,0.58,Heavy Rain,0.5,0,0.38,1400,Economy,Morning Rush,Thursday,144.374,64.692,144.374,5738.9,1,2024-07-04 06:00:00
SHP00552,Nagpur,Kochi,Ahmedabad,General Network,Nagpur_Kochi,Expressway,FTL Truck,668,0.92,Cloudy,0.748,6,0.49,1600,Standard,Midday,Saturday,15.915,12.347,15.915,533.0,0,2024-08-03 13:00:00
SHP00553,Delhi,Kolkata,Chennai,Northern-Eastern Corridor,Delhi_Kolkata,Highway,Mini Truck,1605,0.76,Storm,0.76,3,0.76,4800,Express,Midday,Tuesday,75.177,33.461,75.177,3173.1,1,2024-01-16 10:00:00
SHP00554,Ahmedabad,Bangalore,Kolkata,General Network,Ahmedabad_Bangalore,Highway,Carting Vehicle,2259,0.79,Fog,0.706,1,0.58,2600,Economy,Morning Rush,Tuesday,104.533,51.721,104.533,4013.0,0,2024-11-26 06:00:00
SHP00555,Delhi,Bangalore,Pune,General Network,Delhi_Bangalore,Mixed,FTL Truck,2365,0.46,Cloudy,0.492,3,0.54,4800,Express,Night,Saturday,56.458,48.0,56.458,1022.5,1,2024-02-17 22:00:00
SHP00556,Pune,Bhopal,Indore,General Network,Pune_Bhopal,Mixed,Mini Truck,425,0.27,Clear,0.482,4,0.8,2800,Express,Midday,Saturday,10.795,12.852,10.795,175.5,0,2024-07-13 11:00:00
SHP00557,Bhopal,Pune,,General Network,Bhopal_Pune,Rural,FTL Truck,209,0.43,Clear,0.586,2,0.82,1200,Standard,Midday,Friday,8.036,10.064,8.036,203.5,0,2024-06-07 12:00:00
SHP00558,Delhi,Jaipur,,NCR-Rajasthan Corridor,Delhi_Jaipur,Rural,Container,1373,0.99,Clear,0.83,0,0.59,4800,Standard,Evening Rush,Friday,64.786,49.091,64.786,1733.4,0,2024-05-24 18:00:00
SHP00559,Surat,Bhopal,,General Network,Surat_Bhopal,Rural,Express Van,2145,0.47,Cloudy,0.598,0,0.79,1800,Standard,Midday,Saturday,63.163,55.034,63.163,1302.8,0,2024-03-23 10:00:00
SHP00560,Bangalore,Chennai,Patna,Southern Corridor,Bangalore_Chennai,City Road,Carting Vehicle,2244,0.99,Cloudy,0.834,5,0.6,4200,Express,Evening Rush,Friday,157.166,48.0,157.166,4300.8,1,2024-11-15 19:00:00
SHP00561,Ahmedabad,Pune,,General Network,Ahmedabad_Pune,Mixed,Carting Vehicle,150,0.61,Fog,0.766,0,1.0,2600,Standard,Morning Rush,Thursday,8.61,8.914,8.61,316.6,0,2024-09-12 09:00:00
SHP00562,Kolkata,Surat,,General Network,Kolkata_Surat,City Road,Container,1983,0.43,Clear,0.366,1,0.27,3200,Same-Day,Midday,Wednesday,76.646,24.0,76.646,599.4,1,2024-08-14 10:00:00
SHP00563,Kochi,Chandigarh,Delhi,General Network,Kochi_Chandigarh,Highway,Mini Truck,636,0.47,Rain,0.562,5,,800,Same-Day,Evening Rush,Monday,17.233,15.212,17.233,504.0,0,2024-09-16 20:00:00
SHP00564,Vadodara,Delhi,Chandigarh,General Network,Vadodara_Delhi,City Road,Carting Vehicle,2440,0.87,Storm,0.694,1,0.43,750,Standard,Morning Rush,Sunday,347.505,72.0,347.505,15273.1,1,2024-12-08 08:00:00
SHP00565,Vizag,Patna,Delhi,General Network,Vizag_Patna,Highway,FTL Truck,1866,0.93,Clear,0.934,6,0.94,850,Express,Morning Rush,Saturday,39.654,32.173,39.654,979.7,0,2024-08-31 09:00:00
SHP00566,Vizag,Hyderabad,Mumbai,General Network,Vizag_Hyderabad,Expressway,Express Van,1640,0.61,Cloudy,0.762,6,0.99,850,Express,Midday,Friday,26.685,22.235,26.685,700.4,0,2024-08-30 12:00:00
SHP00567,Bhopal,Jaipur,Surat,General Network,Bhopal_Jaipur,Rural,FTL Truck,1329,0.23,Storm,0.306,0,0.42,1200,Express,Evening Rush,Saturday,71.092,42.716,71.092,2493.5,1,2024-02-17 19:00:00
SHP00568,Kolkata,Ahmedabad,Hyderabad,General Network,Kolkata_Ahmedabad,Rural,Mini Truck,1891,0.58,Heavy Rain,0.68,5,0.83,3200,Economy,Midday,Monday,140.86,64.991,140.86,5650.1,1,2024-10-14 12:00:00
SHP00569,Surat,Nagpur,Pune,General Network,Surat_Nagpur,Highway,Carting Vehicle,1760,0.55,Cloudy,0.51,6,0.45,1800,Economy,Morning Rush,Sunday,53.864,39.636,53.864,1471.8,0,2024-08-18 09:00:00
SHP00570,Bhopal,Kochi,,General Network,Bhopal_Kochi,City Road,Carting Vehicle,2442,0.41,Fog,0.63,5,0.96,1200,Economy,Night,Thursday,210.108,120.0,210.108,7024.8,1,2024-06-06 22:00:00
SHP00571,Chennai,Coimbatore,Patna,General Network,Chennai_Coimbatore,Expressway,Express Van,1462,0.42,Heavy Rain,0.504,4,0.63,3500,Economy,Evening Rush,Sunday,38.293,19.047,38.293,1494.6,0,2024-08-11 18:00:00
SHP00572,Lucknow,Chennai,,General Network,Lucknow_Chennai,Highway,FTL Truck,2317,0.65,,0.602,3,0.53,2000,Standard,Afternoon,Saturday,45.997,41.875,45.997,1022.1,0,2024-12-07 15:00:00
SHP00573,Pune,Jaipur,,General Network,Pune_Jaipur,Expressway,FTL Truck,1545,0.28,Fog,0.4,0,0.58,2800,Economy,Midday,Wednesday,34.067,22.173,34.067,1068.2,0,2024-07-10 13:00:00
SHP00574,Jaipur,Lucknow,Chandigarh,General Network,Jaipur_Lucknow,Rural,FTL Truck,196,0.91,Heavy Rain,0.758,0,0.53,2200,Express,Afternoon,Sunday,12.702,8.738,12.702,500.8,0,2024-11-03 16:00:00
SHP00575,Ahmedabad,Kochi,Bhopal,General Network,Ahmedabad_Kochi,Expressway,FTL Truck,1690,0.82,Cloudy,0.756,1,0.66,2600,Economy,Night,Tuesday,37.273,26.966,37.273,1169.0,0,2024-03-05 22:00:00
SHP00576,Jaipur,Kochi,Hyderabad,General Network,Jaipur_Kochi,City Road,FTL Truck,707,0.18,Rain,0.328,5,0.55,2200,Express,Evening Rush,Saturday,32.448,31.15,32.448,734.9,0,2024-10-19 18:00:00
SHP00577,Patna,Nagpur,Chennai,General Network,Patna_Nagpur,City Road,Express Van,1644,0.27,Cloudy,0.51,5,,1100,Express,Morning Rush,Wednesday,53.313,48.0,53.313,748.1,1,2024-10-23 09:00:00
SHP00578,Chennai,Kolkata,Chandigarh,General Network,Chennai_Kolkata,Rural,FTL Truck,956,0.17,Rain,0.454,6,0.88,3500,Express,Morning Rush,Friday,33.438,30.273,33.438,731.6,0,2024-09-06 08:00:00
SHP00579,Indore,Surat,,General Network,Indore_Surat,Expressway,Express Van,215,0.11,Cloudy,0.202,4,0.34,1400,Express,Night,Friday,4.234,5.744,4.234,136.0,0,2024-03-22 22:00:00
SHP00580,Chennai,Ahmedabad,Vizag,General Network,Chennai_Ahmedabad,Mixed,Container,1581,0.56,Clear,0.464,6,0.32,3500,Standard,Midday,Monday,47.917,41.854,47.917,1015.0,0,2024-02-12 10:00:00
SHP00581,Pune,Bangalore,Jaipur,General Network,Pune_Bangalore,Rural,Mini Truck,1730,0.77,Storm,0.702,4,0.6,2800,Same-Day,Afternoon,Thursday,130.874,24.0,130.874,5289.5,1,2024-02-22 15:00:00
SHP00582,Chandigarh,Bhopal,,General Network,Chandigarh_Bhopal,Expressway,Express Van,934,0.66,Heavy Rain,0.672,3,0.69,1000,Same-Day,Midday,Sunday,21.476,15.391,21.476,775.6,0,2024-08-18 11:00:00
SHP00583,Coimbatore,Jaipur,,General Network,Coimbatore_Jaipur,Mixed,Container,1547,0.84,Heavy Rain,0.792,4,0.72,900,Same-Day,Midday,Wednesday,78.689,24.0,78.689,2901.3,1,2024-02-07 12:00:00
SHP00584,Nagpur,Hyderabad,,General Network,Nagpur_Hyderabad,Rural,Express Van,2022,0.72,Clear,0.74,1,0.77,1600,Standard,Afternoon,Tuesday,63.57,54.041,63.57,1469.9,0,2024-07-16 15:00:00
SHP00585,Coimbatore,Pune,,General Network,Coimbatore_Pune,Highway,Container,422,0.95,Fog,0.91,5,0.85,900,Same-Day,Morning Rush,Wednesday,17.059,10.348,17.059,651.2,0,2024-04-10 07:00:00
SHP00586,Chandigarh,Delhi,,General Network,Chandigarh_Delhi,Rural,FTL Truck,1663,0.51,Heavy Rain,0.578,4,0.68,1000,Standard,Morning Rush,Monday,95.424,51.617,95.424,3508.1,1,2024-10-21 06:00:00
SHP00587,Lucknow,Hyderabad,Coimbatore,General Network,Lucknow_Hyderabad,Expressway,Express Van,1799,0.68,Clear,0.512,0,0.26,2000,Standard,Morning Rush,Saturday,25.441,23.66,25.441,538.4,0,2024-11-09 07:00:00
SHP00588,Chandigarh,Chennai,,General Network,Chandigarh_Chennai,Rural,FTL Truck,530,0.3,Fog,0.524,1,0.86,1000,Standard,Midday,Thursday,23.642,17.216,23.642,711.9,0,2024-02-15 12:00:00
SHP00589,Nagpur,Kochi,Surat,General Network,Nagpur_Kochi,Highway,Express Van,1330,0.89,Storm,0.626,0,0.23,1600,Standard,Evening Rush,Monday,54.798,22.588,54.798,2420.5,0,2024-03-11 20:00:00
SHP00590,Hyderabad,Vadodara,,General Network,Hyderabad_Vadodara,Expressway,FTL Truck,2104,,Storm,0.498,3,0.39,3800,Economy,Afternoon,Wednesday,80.542,30.695,80.542,3503.7,0,2024-05-15 15:00:00
SHP00591,Nagpur,Kochi,,General Network,Nagpur_Kochi,City Road,FTL Truck,146,0.17,Storm,0.342,1,0.6,1600,Express,Night,Friday,10.19,9.679,10.19,361.1,0,2024-09-27 22:00:00
SHP00592,Lucknow,Chandigarh,,General Network,Lucknow_Chandigarh,City Road,Carting Vehicle,2195,0.3,Fog,0.376,3,0.49,2000,Standard,Afternoon,Monday,157.192,72.0,157.192,4414.4,1,2024-03-25 15:00:00
SHP00593,Kochi,Chennai,Bhopal,General Network,Kochi_Chennai,City Road,FTL Truck,1173,0.32,Heavy Rain,0.56,1,0.92,800,Standard,Evening Rush,Sunday,76.97,46.77,76.97,2607.4,1,2024-06-30 19:00:00
SHP00594,Coimbatore,Bhopal,,General Network,Coimbatore_Bhopal,Mixed,Mini Truck,1673,0.35,Rain,0.322,5,0.28,900,Standard,Night,Tuesday,57.123,41.983,57.123,1568.5,0,2024-05-21 22:00:00
SHP00595,Coimbatore,Bhopal,Ahmedabad,General Network,Coimbatore_Bhopal,Highway,Carting Vehicle,262,0.96,Storm,0.728,0,0.38,900,Standard,Evening Rush,Friday,17.373,9.158,17.373,780.4,0,2024-07-26 18:00:00
SHP00596,Jaipur,Coimbatore,Bangalore,General Network,Jaipur_Coimbatore,City Road,Express Van,98,0.67,Cloudy,0.706,2,0.76,2200,Express,Midday,Wednesday,5.493,6.654,5.493,183.5,0,2024-06-05 13:00:00
SHP00597,Kolkata,Pune,,General Network,Kolkata_Pune,Rural,FTL Truck,823,0.7,Heavy Rain,0.636,0,0.54,3200,Express,Morning Rush,Friday,47.612,26.184,47.612,1759.4,0,2024-08-30 06:00:00
SHP00598,Ahmedabad,Coimbatore,,General Network,Ahmedabad_Coimbatore,Highway,Container,2263,0.71,Clear,0.598,1,0.43,2600,Standard,Afternoon,Tuesday,52.668,44.639,52.668,1163.3,0,2024-06-04 16:00:00
SHP00599,Nagpur,Kochi,,General Network,Nagpur_Kochi,Rural,Express Van,1334,0.43,Storm,0.342,2,0.21,1600,Economy,Afternoon,Tuesday,86.971,36.894,86.971,3671.6,0,2024-02-27 14:00:00
SHP00600,Mumbai,Kolkata,,General Network,Mumbai_Kolkata,Expressway,Express Van,1867,0.55,Cloudy,0.49,5,0.4,5000,Express,Morning Rush,Friday,25.943,26.899,25.943,531.2,0,2024-07-12 09:00:00
SHP00601,Vizag,Patna,Mumbai,General Network,Vizag_Patna,Mixed,Express Van,1230,0.9,Cloudy,0.744,3,0.51,850,Same-Day,Afternoon,Tuesday,29.82,24.0,29.82,719.7,1,2024-08-20 17:00:00
SHP00602,Chandigarh,Hyderabad,Chennai,General Network,Chandigarh_Hyderabad,Expressway,Container,765,0.97,Storm,0.862,5,0.7,1000,Express,Morning Rush,Tuesday,35.637,14.495,35.637,1569.8,0,2024-08-20 07:00:00
SHP00603,Delhi,Coimbatore,Ahmedabad,General Network,Delhi_Coimbatore,Rural,Express Van,666,0.69,Clear,0.494,2,0.2,4800,Economy,Afternoon,Wednesday,22.798,19.973,22.798,595.7,0,2024-02-14 14:00:00
SHP00604,Bhopal,Vadodara,Patna,General Network,Bhopal_Vadodara,Highway,FTL Truck,1689,0.53,Rain,0.51,6,0.48,1200,Express,Afternoon,Monday,41.306,32.018,41.306,1211.6,0,2024-06-03 15:00:00
SHP00605,Surat,Vadodara,Chandigarh,General Network,Surat_Vadodara,City Road,Express Van,1334,0.22,Storm,0.388,2,0.64,1800,Express,Morning Rush,Sunday,80.194,47.215,80.194,2823.1,1,2024-08-11 09:00:00
SHP00606,Surat,Vizag,,General Network,Surat_Vizag,Rural,Mini Truck,228,0.52,Heavy Rain,0.7,3,0.97,1800,Same-Day,Afternoon,Tuesday,14.095,8.672,14.095,507.9,0,2024-03-12 15:00:00
SHP00607,Kochi,Coimbatore,Chennai,General Network,Kochi_Coimbatore,Rural,FTL Truck,133,0.78,Cloudy,0.672,3,,800,Same-Day,Morning Rush,Thursday,6.419,5.061,6.419,207.8,0,2024-11-28 09:00:00
SHP00608,Lucknow,Vadodara,,General Network,Lucknow_Vadodara,Expressway,FTL Truck,310,0.21,Storm,0.394,4,0.67,2000,Same-Day,Midday,Sunday,9.283,9.111,9.283,361.2,0,2024-03-10 13:00:00
SHP00609,Hyderabad,Surat,Chennai,General Network,Hyderabad_Surat,Rural,Mini Truck,89,0.66,Storm,0.54,0,0.36,3800,Standard,Evening Rush,Sunday,7.777,5.752,7.777,334.8,0,2024-09-15 20:00:00
SHP00610,Lucknow,Bhopal,Vadodara,General Network,Lucknow_Bhopal,Expressway,Container,611,0.33,Cloudy,0.474,3,0.69,2000,Express,Midday,Monday,10.886,11.403,10.886,199.2,0,2024-12-02 13:00:00
SHP00611,Pune,Coimbatore,Bhopal,General Network,Pune_Coimbatore,Expressway,FTL Truck,1232,0.96,Rain,0.812,5,0.59,2800,Same-Day,Evening Rush,Saturday,29.094,18.452,29.094,967.6,1,2024-05-25 20:00:00
SHP00612,Mumbai,Vadodara,Vizag,General Network,Mumbai_Vadodara,Rural,FTL Truck,2025,0.92,Clear,0.744,1,0.48,5000,Economy,Midday,Saturday,88.612,60.931,88.612,2616.7,0,2024-09-14 12:00:00
SHP00613,Indore,Vizag,,General Network,Indore_Vizag,Highway,Express Van,670,0.69,Cloudy,0.674,3,0.65,1400,Express,Evening Rush,Wednesday,13.598,13.825,13.598,378.9,0,2024-09-04 18:00:00
SHP00614,Vadodara,Kolkata,Chennai,General Network,Vadodara_Kolkata,Mixed,Carting Vehicle,1542,0.73,Storm,0.706,4,0.67,750,Same-Day,Midday,Friday,103.595,24.0,103.595,4159.7,1,2024-03-22 13:00:00
SHP00615,Chandigarh,Coimbatore,,General Network,Chandigarh_Coimbatore,Rural,FTL Truck,1804,0.91,Cloudy,0.682,3,0.34,1000,Express,Morning Rush,Wednesday,71.502,48.0,71.502,1884.8,1,2024-07-10 06:00:00
SHP00616,Surat,Chennai,Mumbai,General Network,Surat_Chennai,Expressway,Container,1890,0.6,Heavy Rain,0.504,3,0.36,1800,Express,Midday,Friday,58.731,33.163,58.731,2119.5,1,2024-09-27 12:00:00
SHP00617,Chennai,Ahmedabad,,General Network,Chennai_Ahmedabad,Highway,Express Van,395,0.8,Cloudy,0.74,6,0.65,3500,Standard,Evening Rush,Tuesday,10.443,8.566,10.443,369.0,0,2024-04-16 21:00:00
SHP00618,Nagpur,Kochi,,General Network,Nagpur_Kochi,City Road,Mini Truck,408,0.66,Clear,0.756,4,0.9,1600,Economy,Morning Rush,Sunday,24.395,18.31,24.395,686.6,0,2024-04-28 07:00:00
SHP00619,Surat,Mumbai,,General Network,Surat_Mumbai,City Road,Mini Truck,744,0.73,Rain,0.538,6,0.25,1800,Same-Day,Morning Rush,Tuesday,46.544,24.0,46.544,1375.5,1,2024-07-23 07:00:00
SHP00620,Chennai,Vadodara,Bangalore,General Network,Chennai_Vadodara,Expressway,FTL Truck,331,0.4,Rain,0.404,2,0.41,3500,Standard,Morning Rush,Thursday,6.947,6.848,6.947,207.8,0,2024-12-05 07:00:00
SHP00621,Kochi,Delhi,Jaipur,General Network,Kochi_Delhi,Rural,Container,2049,0.77,Clear,0.838,4,0.94,800,Economy,Evening Rush,Thursday,98.937,73.241,98.937,2722.1,0,2024-08-08 21:00:00
SHP00622,Mumbai,Bangalore,,Western-Southern Corridor,Mumbai_Bangalore,Highway,FTL Truck,1633,0.6,Cloudy,0.456,6,0.24,5000,Economy,Morning Rush,Monday,39.494,28.087,39.494,1144.9,0,2024-08-12 09:00:00
SHP00623,Nagpur,Indore,,General Network,Nagpur_Indore,City Road,FTL Truck,1036,0.31,Rain,0.294,0,0.27,1600,Economy,Midday,Monday,58.402,43.444,58.402,1728.1,0,2024-01-08 13:00:00
SHP00624,Bangalore,Delhi,Vadodara,General Network,Bangalore_Delhi,City Road,Express Van,1098,0.14,Heavy Rain,0.276,5,0.48,4200,Express,Morning Rush,Monday,51.485,39.094,51.485,1452.4,1,2024-12-02 08:00:00
SHP00625,Pune,Coimbatore,Ahmedabad,General Network,Pune_Coimbatore,Rural,Express Van,1113,0.95,Cloudy,0.898,2,0.82,2800,Economy,Evening Rush,Monday,48.106,30.346,48.106,1595.9,0,2024-07-29 21:00:00
SHP00626,Hyderabad,Vizag,,General Network,Hyderabad_Vizag,City Road,FTL Truck,241,0.44,Rain,0.604,1,0.85,3800,Express,Morning Rush,Wednesday,13.341,11.766,13.341,387.3,0,2024-02-28 06:00:00
SHP00627,Delhi,Lucknow,,UP Corridor,Delhi_Lucknow,Rural,Express Van,1683,0.84,Fog,0.612,2,0.27,4800,Economy,Evening Rush,Tuesday,91.801,44.796,91.801,3556.8,0,2024-12-03 19:00:00
SHP00628,Lucknow,Delhi,,UP Corridor,Lucknow_Delhi,Mixed,Container,1192,0.78,Rain,0.656,6,0.47,2000,Standard,Evening Rush,Thursday,55.051,34.287,55.051,1900.7,0,2024-11-14 19:00:00
SHP00629,Delhi,Hyderabad,,General Network,Delhi_Hyderabad,Mixed,Container,2221,0.52,Heavy Rain,0.576,4,0.66,4800,Same-Day,Afternoon,Monday,95.906,24.0,95.906,3141.4,1,2024-01-08 14:00:00
SHP00630,Jaipur,Bangalore,Indore,General Network,Jaipur_Bangalore,City Road,Express Van,1578,0.61,Fog,0.458,2,0.23,2200,Same-Day,Morning Rush,Thursday,74.788,24.0,74.788,2135.0,1,2024-11-07 06:00:00
SHP00631,Jaipur,Kolkata,,General Network,Jaipur_Kolkata,Expressway,Mini Truck,2086,0.11,Heavy Rain,0.158,2,0.23,2200,Standard,Afternoon,Friday,49.514,33.823,49.514,1507.0,0,2024-11-08 16:00:00
SHP00632,Patna,Kolkata,Jaipur,Eastern Corridor,Patna_Kolkata,Rural,Mini Truck,297,0.21,Rain,0.406,1,0.7,1100,Same-Day,Afternoon,Tuesday,11.059,13.271,11.059,223.6,0,2024-08-13 16:00:00
SHP00633,Delhi,Lucknow,Chandigarh,UP Corridor,Delhi_Lucknow,Rural,Container,531,0.75,Clear,0.722,2,0.68,4800,Same-Day,Evening Rush,Saturday,20.18,21.329,20.18,377.9,0,2024-12-14 19:00:00
SHP00634,Lucknow,Hyderabad,Ahmedabad,General Network,Lucknow_Hyderabad,Highway,Express Van,2025,0.98,Rain,0.956,2,0.92,2000,Same-Day,Morning Rush,Sunday,48.204,24.0,48.204,1571.6,1,2024-03-17 06:00:00
SHP00635,Surat,Vizag,,General Network,Surat_Vizag,Mixed,Carting Vehicle,718,0.44,Fog,0.532,5,0.67,1800,Same-Day,Night,Wednesday,31.145,24.0,31.145,911.4,1,2024-10-16 22:00:00
SHP00636,Vizag,Bhopal,Nagpur,General Network,Vizag_Bhopal,Mixed,Container,2261,0.82,Storm,0.768,5,0.69,850,Standard,Midday,Thursday,163.497,61.977,163.497,7149.8,1,2024-05-30 13:00:00
SHP00637,Ahmedabad,Chandigarh,Hyderabad,General Network,Ahmedabad_Chandigarh,Rural,Carting Vehicle,1567,0.5,Storm,0.688,3,0.97,2600,Standard,Evening Rush,Saturday,145.271,63.779,145.271,5930.5,1,2024-08-17 19:00:00
SHP00638,Vizag,Ahmedabad,,General Network,Vizag_Ahmedabad,Expressway,Container,568,0.33,Storm,0.37,2,0.43,850,Express,Midday,Tuesday,18.85,10.738,18.85,708.9,0,2024-09-10 12:00:00
SHP00639,Patna,Mumbai,,General Network,Patna_Mumbai,City Road,Express Van,501,0.79,Clear,0.782,3,0.77,1100,Economy,Night,Friday,25.34,17.473,25.34,773.6,0,2024-09-20 22:00:00
SHP00640,Bhopal,Nagpur,,General Network,Bhopal_Nagpur,City Road,Express Van,523,0.21,Heavy Rain,0.494,2,0.92,1200,Express,Evening Rush,Sunday,26.911,21.692,26.911,835.0,0,2024-07-28 20:00:00
SHP00641,Bhopal,Lucknow,Jaipur,General Network,Bhopal_Lucknow,Expressway,Carting Vehicle,2171,0.75,Storm,0.718,6,0.67,1200,Express,Evening Rush,Thursday,100.114,42.425,100.114,4178.7,1,2024-06-13 20:00:00
SHP00642,Chennai,Jaipur,,General Network,Chennai_Jaipur,Rural,FTL Truck,2188,0.61,Heavy Rain,0.734,4,0.92,3500,Same-Day,Morning Rush,Thursday,112.403,24.0,112.403,3826.9,1,2024-03-14 07:00:00
SHP00643,Pune,Patna,,General Network,Pune_Patna,Mixed,FTL Truck,1232,,Rain,0.378,2,0.33,2800,Same-Day,Midday,Saturday,33.409,24.0,33.409,772.6,1,2024-02-24 13:00:00
SHP00644,Hyderabad,Chennai,,Deccan-Southern Corridor,Hyderabad_Chennai,City Road,FTL Truck,2295,0.64,Fog,0.476,4,0.23,3800,Express,Afternoon,Sunday,138.584,48.0,138.584,4380.8,1,2024-04-14 15:00:00
SHP00645,Kochi,Bhopal,,General Network,Kochi_Bhopal,Expressway,Mini Truck,599,0.37,Fog,0.338,5,0.29,800,Express,Morning Rush,Sunday,15.29,11.221,15.29,497.1,0,2024-12-08 09:00:00
SHP00646,Bangalore,Jaipur,,General Network,Bangalore_Jaipur,Highway,Container,2184,0.4,Rain,0.464,5,0.56,4200,Express,Morning Rush,Friday,57.206,46.452,57.206,1505.3,1,2024-08-09 09:00:00
SHP00647,Coimbatore,Surat,,General Network,Coimbatore_Surat,City Road,FTL Truck,993,0.32,Fog,0.46,6,0.67,900,Standard,Morning Rush,Thursday,55.756,39.013,55.756,1643.1,0,2024-04-11 08:00:00
SHP00648,Pune,Mumbai,,Mumbai-Pune Expressway,Pune_Mumbai,Expressway,Container,1808,0.65,Clear,0.698,0,0.77,2800,Economy,Evening Rush,Thursday,38.539,31.046,38.539,968.9,0,2024-06-27 21:00:00
SHP00649,Kolkata,Surat,Chandigarh,General Network,Kolkata_Surat,City Road,Mini Truck,2335,0.82,Rain,0.696,2,0.51,3200,Economy,Evening Rush,Friday,194.045,100.421,194.045,7195.1,1,2024-08-02 20:00:00
SHP00650,Chennai,Pune,Chandigarh,General Network,Chennai_Pune,Expressway,Express Van,2092,0.73,Rain,0.742,6,0.76,3500,Standard,Night,Friday,45.501,26.009,45.501,1581.1,0,2024-05-17 22:00:00
SHP00651,Delhi,Kochi,,General Network,Delhi_Kochi,Rural,Mini Truck,1150,0.45,Rain,0.49,3,0.55,4800,Same-Day,Midday,Sunday,47.175,24.0,47.175,1126.8,1,2024-07-28 13:00:00
SHP00652,Kolkata,Kochi,,General Network,Kolkata_Kochi,City Road,Container,162,0.65,Storm,0.51,4,0.3,3200,Standard,Morning Rush,Saturday,20.618,10.898,20.618,910.3,0,2024-06-29 08:00:00
SHP00653,Coimbatore,Pune,,General Network,Coimbatore_Pune,Rural,Carting Vehicle,1037,0.85,Fog,0.718,5,0.52,900,Express,Morning Rush,Sunday,74.068,43.877,74.068,2600.5,1,2024-01-07 07:00:00
SHP00654,Coimbatore,Chennai,Lucknow,General Network,Coimbatore_Chennai,Mixed,FTL Truck,1094,0.24,Heavy Rain,0.32,1,0.44,900,Economy,Evening Rush,Sunday,44.554,27.84,44.554,1579.3,0,2024-12-01 18:00:00
SHP00655,Bangalore,Chennai,,Southern Corridor,Bangalore_Chennai,Highway,FTL Truck,707,0.11,Fog,0.41,4,0.86,4200,Economy,Evening Rush,Friday,19.089,13.738,19.089,615.1,0,2024-06-14 19:00:00
SHP00656,Mumbai,Surat,Vadodara,General Network,Mumbai_Surat,Rural,FTL Truck,1640,,Heavy Rain,0.492,3,0.72,5000,Express,Evening Rush,Wednesday,78.659,48.0,78.659,2532.9,1,2024-05-22 21:00:00
SHP00657,Coimbatore,Ahmedabad,,General Network,Coimbatore_Ahmedabad,Expressway,Mini Truck,551,0.96,Clear,0.9,5,0.81,900,Economy,Morning Rush,Tuesday,15.118,10.857,15.118,520.4,0,2024-10-15 09:00:00
SHP00658,Surat,Hyderabad,Vizag,General Network,Surat_Hyderabad,Highway,Carting Vehicle,432,0.88,Clear,0.764,1,0.59,1800,Express,Midday,Thursday,12.529,12.454,12.529,319.7,0,2024-10-17 13:00:00
SHP00659,Jaipur,Patna,Vizag,General Network,Jaipur_Patna,Rural,Carting Vehicle,1745,0.13,Storm,0.378,4,0.75,2200,Same-Day,Midday,Friday,108.074,24.0,108.074,3382.2,1,2024-11-29 13:00:00
SHP00660,Coimbatore,Kochi,,General Network,Coimbatore_Kochi,Highway,FTL Truck,2216,0.44,Clear,0.588,1,0.81,900,Economy,Evening Rush,Saturday,42.821,40.898,42.821,907.3,0,2024-01-20 19:00:00
SHP00661,Coimbatore,Chandigarh,,General Network,Coimbatore_Chandigarh,City Road,Mini Truck,1223,0.11,Storm,0.182,2,0.29,900,Economy,Midday,Monday,104.914,52.634,104.914,3965.3,0,2024-12-16 12:00:00
SHP00662,Nagpur,Vizag,Bangalore,General Network,Nagpur_Vizag,Mixed,Mini Truck,644,0.29,Rain,0.358,5,0.46,1600,Economy,Midday,Thursday,25.366,16.543,25.366,806.4,0,2024-08-01 11:00:00
SHP00663,Mumbai,Surat,Chandigarh,General Network,Mumbai_Surat,City Road,Container,2037,0.51,Cloudy,0.418,4,0.28,5000,Standard,Afternoon,Monday,107.073,72.0,107.073,2316.1,1,2024-04-08 14:00:00
SHP00664,Kochi,Lucknow,Vizag,General Network,Kochi_Lucknow,Rural,Express Van,434,0.61,Fog,0.65,1,0.71,800,Economy,Morning Rush,Tuesday,22.006,13.022,22.006,817.2,0,2024-05-14 09:00:00
SHP00665,Kochi,Indore,Delhi,General Network,Kochi_Indore,Rural,Container,104,0.7,Fog,0.652,1,0.58,800,Same-Day,Afternoon,Monday,6.303,5.194,6.303,215.1,0,2024-01-01 16:00:00
SHP00666,Hyderabad,Vizag,Bangalore,General Network,Hyderabad_Vizag,Expressway,Express Van,2399,0.37,Heavy Rain,0.546,1,0.81,3800,Economy,Night,Saturday,58.244,31.444,58.244,2177.1,0,2024-06-08 22:00:00
SHP00667,Vadodara,Pune,,General Network,Vadodara_Pune,City Road,Carting Vehicle,1113,0.86,Storm,0.776,3,0.65,750,Same-Day,Afternoon,Monday,135.509,24.0,135.509,5586.5,1,2024-08-26 17:00:00
SHP00668,Pune,Kochi,,General Network,Pune_Kochi,City Road,Carting Vehicle,1913,0.94,Heavy Rain,0.964,1,1.0,2800,Same-Day,Afternoon,Sunday,196.268,24.0,196.268,7403.5,1,2024-02-18 17:00:00
SHP00669,Coimbatore,Mumbai,,General Network,Coimbatore_Mumbai,Mixed,Express Van,1133,0.68,Rain,0.616,5,,900,Standard,Evening Rush,Thursday,38.463,26.057,38.463,1322.6,0,2024-11-07 20:00:00
SHP00670,Chandigarh,Kochi,Vadodara,General Network,Chandigarh_Kochi,Highway,FTL Truck,812,0.65,Clear,0.698,5,0.77,1000,Same-Day,Morning Rush,Thursday,14.729,14.673,14.729,274.8,0,2024-08-15 07:00:00
SHP00671,Jaipur,Pune,Kochi,General Network,Jaipur_Pune,Mixed,Express Van,810,0.85,Storm,0.862,2,0.88,2200,Standard,Morning Rush,Saturday,45.425,17.926,45.425,2021.2,0,2024-12-07 07:00:00
SHP00672,Hyderabad,Lucknow,,General Network,Hyderabad_Lucknow,Highway,FTL Truck,1767,0.35,Cloudy,0.354,4,,3800,Economy,Afternoon,Saturday,36.916,33.478,36.916,889.7,0,2024-06-08 14:00:00
SHP00673,Chennai,Nagpur,,General Network,Chennai_Nagpur,Expressway,Container,832,0.94,Fog,0.672,0,0.27,3500,Standard,Afternoon,Sunday,27.872,17.549,27.872,1054.1,0,2024-04-21 17:00:00
SHP00674,Ahmedabad,Surat,Nagpur,General Network,Ahmedabad_Surat,City Road,Express Van,1230,0.15,Storm,0.394,1,0.76,2600,Express,Midday,Sunday,70.228,44.068,70.228,2380.2,1,2024-05-19 12:00:00
SHP00675,Jaipur,Chandigarh,,General Network,Jaipur_Chandigarh,Rural,Express Van,2250,0.62,Clear,0.564,5,0.48,2200,Economy,Midday,Wednesday,76.014,59.863,76.014,1952.2,0,2024-03-20 12:00:00
SHP00676,Bhopal,Nagpur,,General Network,Bhopal_Nagpur,Rural,Container,483,0.6,Cloudy,0.676,2,0.79,1200,Same-Day,Morning Rush,Wednesday,19.581,19.286,19.581,417.2,0,2024-01-17 09:00:00
SHP00677,Kolkata,Coimbatore,Indore,General Network,Kolkata_Coimbatore,City Road,Express Van,1406,0.61,Heavy Rain,0.658,0,0.73,3200,Same-Day,Morning Rush,Wednesday,80.84,24.0,80.84,2754.5,1,2024-11-27 09:00:00
SHP00678,Lucknow,Kolkata,,General Network,Lucknow_Kolkata,Expressway,FTL Truck,2466,0.5,Fog,0.576,4,0.69,2000,Express,Afternoon,Wednesday,52.515,35.72,52.515,1593.4,1,2024-07-10 16:00:00
SHP00679,Indore,Lucknow,,General Network,Indore_Lucknow,Highway,Mini Truck,1758,0.48,Cloudy,0.456,4,0.42,1400,Standard,Midday,Wednesday,38.984,36.603,38.984,874.1,0,2024-09-25 12:00:00
SHP00680,Kochi,Hyderabad,,General Network,Kochi_Hyderabad,City Road,FTL Truck,681,0.97,Storm,0.762,6,0.45,800,Same-Day,Midday,Saturday,66.651,24.0,66.651,2831.6,1,2024-03-16 12:00:00
SHP00681,Lucknow,Surat,,General Network,Lucknow_Surat,Highway,Carting Vehicle,2377,0.49,Cloudy,0.606,1,0.78,2000,Express,Evening Rush,Thursday,56.831,48.0,56.831,1032.8,1,2024-04-18 21:00:00
SHP00682,Patna,Ahmedabad,Mumbai,General Network,Patna_Ahmedabad,Highway,Express Van,1437,0.79,Heavy Rain,0.598,6,0.31,1100,Express,Morning Rush,Saturday,45.493,23.004,45.493,1792.4,0,2024-07-20 08:00:00
SHP00683,Ahmedabad,Kolkata,,General Network,Ahmedabad_Kolkata,City Road,Express Van,1714,0.55,Rain,0.41,4,0.2,2600,Same-Day,Evening Rush,Saturday,74.753,24.0,74.753,1930.1,1,2024-06-22 18:00:00
SHP00684,Bhopal,Hyderabad,,General Network,Bhopal_Hyderabad,Rural,Mini Truck,825,0.13,Rain,0.466,3,0.97,1200,Economy,Afternoon,Monday,37.399,27.907,37.399,1021.7,0,2024-02-12 17:00:00
SHP00685,Chennai,Bhopal,,General Network,Chennai_Bhopal,Highway,Carting Vehicle,158,0.62,Cloudy,0.576,3,0.51,3500,Same-Day,Morning Rush,Wednesday,5.38,6.123,5.38,164.8,0,2024-11-20 09:00:00
SHP00686,Patna,Vizag,,General Network,Patna_Vizag,Rural,Container,1850,0.97,Heavy Rain,0.698,1,0.29,1100,Same-Day,Afternoon,Thursday,132.296,24.0,132.296,5035.8,1,2024-01-04 16:00:00
SHP00687,Kochi,Jaipur,,General Network,Kochi_Jaipur,City Road,Mini Truck,2114,0.14,Fog,0.256,0,0.43,800,Economy,Morning Rush,Friday,125.883,89.594,125.883,3526.3,1,2024-05-31 06:00:00
SHP00688,Kolkata,Surat,,General Network,Kolkata_Surat,Rural,Mini Truck,559,0.39,Heavy Rain,0.518,4,0.71,3200,Standard,Morning Rush,Saturday,34.796,20.528,34.796,1259.6,0,2024-03-30 08:00:00
SHP00689,Hyderabad,Kolkata,Bangalore,General Network,Hyderabad_Kolkata,Expressway,Express Van,2260,0.97,,0.882,1,0.75,3800,Same-Day,Morning Rush,Friday,56.863,24.0,56.863,2170.6,1,2024-11-22 09:00:00
SHP00690,Surat,Lucknow,,General Network,Surat_Lucknow,Expressway,Carting Vehicle,431,0.96,Heavy Rain,0.74,5,0.41,1800,Standard,Night,Tuesday,22.35,11.147,22.35,978.1,0,2024-06-04 22:00:00
SHP00691,Ahmedabad,Delhi,Chandigarh,General Network,Ahmedabad_Delhi,Rural,Carting Vehicle,857,0.78,Fog,0.688,5,0.55,2600,Economy,Evening Rush,Wednesday,71.179,35.15,71.179,2747.2,0,2024-01-03 19:00:00
SHP00692,Hyderabad,Lucknow,,General Network,Hyderabad_Lucknow,Rural,FTL Truck,989,0.3,,0.264,2,0.21,3800,Same-Day,Evening Rush,Friday,42.834,24.0,42.834,1251.4,1,2024-08-23 19:00:00
SHP00693,Surat,Kochi,,General Network,Surat_Kochi,Expressway,Express Van,730,0.41,Heavy Rain,0.438,3,0.48,1800,Standard,Morning Rush,Thursday,17.641,11.247,17.641,657.6,0,2024-07-25 07:00:00
SHP00694,Kochi,Bangalore,,General Network,Kochi_Bangalore,Expressway,FTL Truck,1343,0.29,Fog,0.57,2,0.99,800,Same-Day,Midday,Wednesday,23.962,21.247,23.962,589.5,0,2024-03-20 11:00:00
SHP00695,Kochi,Bhopal,Kolkata,General Network,Kochi_Bhopal,Expressway,Container,2289,0.77,Clear,0.858,3,0.99,800,Same-Day,Afternoon,Monday,41.527,24.0,41.527,790.8,1,2024-02-26 15:00:00
SHP00696,Indore,Kochi,,General Network,Indore_Kochi,Expressway,Mini Truck,1607,0.91,Rain,0.714,6,0.42,1400,Express,Afternoon,Thursday,44.015,29.275,44.015,1513.2,0,2024-11-21 16:00:00
SHP00697,Vizag,Indore,,General Network,Vizag_Indore,City Road,Mini Truck,832,0.36,Heavy Rain,0.592,1,0.94,850,Economy,Evening Rush,Tuesday,69.672,36.026,69.672,2595.5,0,2024-02-20 18:00:00
SHP00698,Bhopal,Patna,Vizag,General Network,Bhopal_Patna,Expressway,Container,447,0.3,Cloudy,0.456,4,0.69,1200,Standard,Midday,Friday,9.952,8.288,9.952,265.0,0,2024-11-08 13:00:00
SHP00699,Bangalore,Indore,Mumbai,General Network,Bangalore_Indore,Highway,Container,1978,0.56,Storm,0.476,1,0.35,4200,Economy,Afternoon,Friday,103.992,39.614,103.992,4494.2,0,2024-03-08 15:00:00
SHP00700,Pune,Vadodara,,General Network,Pune_Vadodara,Expressway,Container,2001,0.5,Heavy Rain,0.456,1,0.39,2800,Express,Midday,Friday,58.434,36.566,58.434,2019.2,1,2024-03-22 13:00:00
SHP00701,Bangalore,Mumbai,,Western-Southern Corridor,Bangalore_Mumbai,Highway,Container,1804,1.0,Storm,0.956,0,0.89,4200,Economy,Evening Rush,Saturday,118.499,39.445,118.499,5518.2,0,2024-01-13 20:00:00
SHP00702,Delhi,Surat,,General Network,Delhi_Surat,Expressway,Express Van,1909,0.46,Storm,0.652,5,0.94,4800,Standard,Morning Rush,Wednesday,54.937,27.104,54.937,2247.8,0,2024-10-23 09:00:00
SHP00703,Nagpur,Patna,,General Network,Nagpur_Patna,Rural,Mini Truck,412,0.29,Cloudy,0.286,5,0.28,1600,Express,Afternoon,Thursday,15.317,15.406,15.317,308.7,0,2024-08-15 16:00:00
SHP00704,Jaipur,Vadodara,,General Network,Jaipur_Vadodara,Rural,Carting Vehicle,1635,0.23,Fog,0.31,1,0.43,2200,Standard,Afternoon,Friday,86.919,67.757,86.919,2308.5,1,2024-03-22 15:00:00
SHP00705,Patna,Lucknow,,General Network,Patna_Lucknow,City Road,Carting Vehicle,1014,0.65,Storm,0.746,2,0.89,1100,Express,Night,Tuesday,120.743,48.0,120.743,4926.8,1,2024-09-17 22:00:00
SHP00706,Vadodara,Kolkata,Bangalore,General Network,Vadodara_Kolkata,Rural,Container,1659,,Storm,0.702,2,0.45,750,Express,Evening Rush,Wednesday,150.329,48.0,150.329,6417.4,1,2024-09-04 18:00:00
SHP00707,Surat,Ahmedabad,,General Network,Surat_Ahmedabad,Rural,Carting Vehicle,581,0.35,Cloudy,0.538,6,0.82,1800,Express,Midday,Wednesday,25.485,26.739,25.485,496.2,0,2024-09-25 13:00:00
SHP00708,Nagpur,Delhi,Pune,General Network,Nagpur_Delhi,Expressway,Express Van,2287,0.56,Storm,0.504,4,0.42,1600,Standard,Midday,Monday,68.544,30.481,68.544,2856.6,0,2024-05-06 13:00:00
SHP00709,Ahmedabad,Jaipur,,General Network,Ahmedabad_Jaipur,Expressway,Container,862,0.34,Cloudy,0.372,5,0.42,2600,Standard,Evening Rush,Thursday,17.495,15.853,17.495,409.2,0,2024-10-24 21:00:00
SHP00710,Vizag,Delhi,,General Network,Vizag_Delhi,Rural,Carting Vehicle,894,0.53,Storm,0.538,3,0.55,850,Standard,Morning Rush,Friday,84.659,37.384,84.659,3490.2,1,2024-10-18 06:00:00
SHP00711,Chennai,Chandigarh,Vadodara,General Network,Chennai_Chandigarh,City Road,FTL Truck,2137,0.33,Fog,0.41,2,0.53,3500,Economy,Midday,Sunday,129.961,81.573,129.961,4134.2,1,2024-09-29 13:00:00
SHP00712,Coimbatore,Lucknow,,General Network,Coimbatore_Lucknow,Expressway,Mini Truck,2038,,,0.43,4,0.91,900,Express,Morning Rush,Tuesday,25.304,33.715,25.304,88.1,0,2024-06-04 09:00:00
SHP00713,Patna,Surat,Pune,General Network,Patna_Surat,Mixed,FTL Truck,1350,0.79,Cloudy,0.622,4,0.37,1100,Express,Midday,Tuesday,38.966,31.091,38.966,988.0,0,2024-12-10 10:00:00
SHP00714,Indore,Kolkata,Nagpur,General Network,Indore_Kolkata,City Road,Express Van,1804,0.96,Fog,0.968,5,0.98,1400,Express,Afternoon,Tuesday,110.814,48.0,110.814,3959.6,1,2024-06-04 17:00:00
SHP00715,Nagpur,Surat,Jaipur,General Network,Nagpur_Surat,Expressway,Container,1738,0.45,Rain,0.482,6,0.53,1600,Economy,Midday,Wednesday,49.572,32.048,49.572,1682.9,0,2024-01-10 12:00:00
SHP00716,Lucknow,Indore,Vizag,General Network,Lucknow_Indore,Highway,Mini Truck,999,0.39,Rain,0.494,1,0.65,2000,Economy,Midday,Saturday,29.01,19.465,29.01,908.1,0,2024-05-04 11:00:00
SHP00717,Kochi,Chandigarh,Bangalore,General Network,Kochi_Chandigarh,Highway,Mini Truck,1619,0.32,Storm,0.588,4,0.99,800,Economy,Evening Rush,Monday,71.593,33.926,71.593,2946.4,0,2024-02-26 21:00:00
SHP00718,Surat,Patna,Bangalore,General Network,Surat_Patna,City Road,Container,1458,0.28,Cloudy,0.276,1,0.27,1800,Same-Day,Morning Rush,Wednesday,57.049,24.0,57.049,482.4,1,2024-05-29 06:00:00
SHP00719,Surat,Indore,,General Network,Surat_Indore,Expressway,Carting Vehicle,1456,0.39,Storm,0.386,2,0.38,1800,Express,Evening Rush,Saturday,55.513,27.658,55.513,2104.6,1,2024-03-02 19:00:00
SHP00720,Chandigarh,Delhi,,General Network,Chandigarh_Delhi,Mixed,FTL Truck,1453,0.61,Clear,0.766,4,1.0,1000,Same-Day,Morning Rush,Thursday,33.592,24.0,33.592,562.5,1,2024-02-08 08:00:00
SHP00721,Chennai,Kochi,Nagpur,General Network,Chennai_Kochi,City Road,Container,406,0.93,Fog,0.834,1,0.69,3500,Standard,Morning Rush,Tuesday,37.554,19.35,37.554,1434.4,0,2024-06-18 08:00:00
SHP00722,Patna,Vizag,,General Network,Patna_Vizag,Expressway,Container,157,0.36,Clear,0.496,3,0.7,1100,Economy,Afternoon,Wednesday,3.638,4.563,3.638,101.6,0,2024-04-24 16:00:00
SHP00723,Pune,Vadodara,,General Network,Pune_Vadodara,Rural,Carting Vehicle,494,0.8,Storm,0.624,1,0.36,2800,Express,Afternoon,Monday,49.617,21.422,49.617,2098.8,1,2024-02-05 16:00:00
SHP00724,Ahmedabad,Pune,,General Network,Ahmedabad_Pune,City Road,Mini Truck,1536,0.99,Rain,0.75,1,0.39,2600,Express,Morning Rush,Thursday,113.372,48.0,113.372,3876.6,1,2024-07-11 06:00:00
SHP00725,Pune,Bhopal,,General Network,Pune_Bhopal,Highway,Mini Truck,595,0.28,Heavy Rain,0.496,4,0.82,2800,Economy,Morning Rush,Wednesday,22.862,12.395,22.862,875.9,0,2024-04-17 09:00:00
SHP00726,Vadodara,Nagpur,,General Network,Vadodara_Nagpur,Rural,Carting Vehicle,2053,0.99,Heavy Rain,0.93,2,0.84,750,Express,Evening Rush,Saturday,182.263,48.0,182.263,7286.0,1,2024-07-13 19:00:00
SHP00727,Chennai,Indore,,General Network,Chennai_Indore,Rural,Mini Truck,449,0.95,Rain,0.858,1,0.72,3500,Standard,Midday,Wednesday,28.624,19.002,28.624,1052.3,0,2024-01-24 10:00:00
SHP00728,Kolkata,Vadodara,,General Network,Kolkata_Vadodara,Highway,Carting Vehicle,957,0.73,Cloudy,0.762,0,0.81,3200,Express,Midday,Friday,26.201,22.365,26.201,615.1,0,2024-03-29 11:00:00
SHP00729,Hyderabad,Pune,Patna,General Network,Hyderabad_Pune,Rural,FTL Truck,1624,0.55,Clear,0.506,5,0.44,3800,Express,Evening Rush,Thursday,50.047,48.0,50.047,837.5,1,2024-03-14 19:00:00
SHP00730,Vadodara,Coimbatore,Mumbai,General Network,Vadodara_Coimbatore,City Road,FTL Truck,358,0.41,Cloudy,0.398,3,0.38,750,Standard,Evening Rush,Tuesday,16.792,15.957,16.792,393.8,0,2024-10-01 20:00:00
SHP00731,Lucknow,Coimbatore,,General Network,Lucknow_Coimbatore,Expressway,Express Van,504,0.69,Rain,0.61,4,0.49,2000,Express,Midday,Thursday,11.125,9.056,11.125,390.7,0,2024-03-14 13:00:00
SHP00732,Chennai,Bhopal,,General Network,Chennai_Bhopal,Rural,Carting Vehicle,1334,0.3,Fog,0.32,5,0.35,3500,Standard,Afternoon,Saturday,75.853,54.747,75.853,2179.6,1,2024-09-21 14:00:00
SHP00733,Hyderabad,Nagpur,Mumbai,General Network,Hyderabad_Nagpur,Expressway,Container,1697,0.76,Rain,0.808,5,0.88,3800,Express,Midday,Wednesday,45.28,28.457,45.28,1455.9,0,2024-05-01 11:00:00
SHP00734,Kochi,Chandigarh,Kolkata,General Network,Kochi_Chandigarh,Expressway,Container,1190,0.47,Rain,0.678,3,0.99,800,Express,Afternoon,Friday,28.498,22.78,28.498,825.7,0,2024-09-20 16:00:00
SHP00735,Jaipur,Nagpur,Surat,General Network,Jaipur_Nagpur,Expressway,FTL Truck,1160,0.7,Fog,0.608,4,0.47,2200,Economy,Morning Rush,Thursday,34.546,17.252,34.546,1340.1,0,2024-08-22 09:00:00
SHP00736,Hyderabad,Indore,,General Network,Hyderabad_Indore,Rural,Container,2158,0.99,Heavy Rain,0.702,6,0.27,3800,Economy,Midday,Tuesday,206.185,78.338,206.185,8986.0,1,2024-04-09 10:00:00
SHP00737,Ahmedabad,Mumbai,Pune,Gujarat-Maharashtra Corridor,Ahmedabad_Mumbai,City Road,Container,2286,0.64,Storm,0.512,6,0.32,2600,Same-Day,Afternoon,Tuesday,218.429,24.0,218.429,8495.3,1,2024-03-26 17:00:00
SHP00738,Vadodara,Ahmedabad,Surat,General Network,Vadodara_Ahmedabad,City Road,Carting Vehicle,1318,0.35,Fog,0.598,3,0.97,750,Economy,Afternoon,Tuesday,110.696,69.847,110.696,3629.2,0,2024-08-27 16:00:00
SHP00739,Mumbai,Chennai,,General Network,Mumbai_Chennai,Rural,Carting Vehicle,348,0.93,Storm,0.834,0,0.69,5000,Same-Day,Evening Rush,Saturday,34.733,18.31,34.733,1465.3,1,2024-05-04 18:00:00
SHP00740,Bhopal,Indore,,General Network,Bhopal_Indore,Mixed,Express Van,680,0.16,Cloudy,0.484,2,0.97,1200,Express,Midday,Monday,13.605,17.589,13.605,225.0,0,2024-03-18 12:00:00
SHP00741,Jaipur,Nagpur,,General Network,Jaipur_Nagpur,Highway,Container,2023,0.38,Storm,0.34,5,0.28,2200,Standard,Afternoon,Tuesday,87.911,41.492,87.911,3489.7,1,2024-02-06 16:00:00
SHP00742,Delhi,Bhopal,Vizag,General Network,Delhi_Bhopal,Rural,Mini Truck,2093,0.63,Clear,0.738,5,0.9,4800,Economy,Afternoon,Monday,89.281,72.173,89.281,2256.1,0,2024-11-04 17:00:00
SHP00743,Bhopal,Patna,,General Network,Bhopal_Patna,Highway,Express Van,2181,0.86,Storm,0.832,2,0.79,1200,Standard,Midday,Thursday,89.868,32.223,89.868,3969.7,1,2024-09-05 13:00:00
SHP00744,Ahmedabad,Vadodara,Chennai,General Network,Ahmedabad_Vadodara,Expressway,FTL Truck,2414,1.0,Storm,0.944,3,0.86,2600,Same-Day,Evening Rush,Saturday,87.625,24.0,87.625,3732.9,1,2024-12-07 18:00:00
SHP00745,Kochi,Chennai,,General Network,Kochi_Chennai,Mixed,Carting Vehicle,1832,0.42,Clear,0.548,4,0.74,800,Standard,Morning Rush,Tuesday,56.257,55.767,56.257,932.7,0,2024-09-24 07:00:00
SHP00746,Bhopal,Mumbai,Jaipur,General Network,Bhopal_Mumbai,City Road,FTL Truck,1769,0.67,Fog,0.586,2,0.46,1200,Express,Afternoon,Sunday,108.335,48.0,108.335,3467.5,1,2024-12-15 17:00:00
SHP00747,Jaipur,Chandigarh,Vadodara,General Network,Jaipur_Chandigarh,Highway,Express Van,2341,0.79,Rain,0.606,4,0.33,2200,Economy,Afternoon,Thursday,67.253,36.079,67.253,2508.4,0,2024-02-15 16:00:00
SHP00748,Ahmedabad,Nagpur,,General Network,Ahmedabad_Nagpur,Rural,Mini Truck,1659,0.38,Clear,0.468,1,0.6,2600,Standard,Afternoon,Monday,54.239,55.654,54.239,796.5,0,2024-08-12 17:00:00
SHP00749,Kolkata,Nagpur,,General Network,Kolkata_Nagpur,Highway,Container,2393,0.38,Clear,0.468,5,0.6,3200,Express,Evening Rush,Friday,44.605,47.543,44.605,564.9,0,2024-02-16 18:00:00
SHP00750,Hyderabad,Nagpur,Kolkata,General Network,Hyderabad_Nagpur,Mixed,Carting Vehicle,1322,0.93,Rain,0.67,5,0.28,3800,Economy,Morning Rush,Wednesday,82.631,43.189,82.631,3195.2,0,2024-08-14 07:00:00
SHP00751,Jaipur,Mumbai,,General Network,Jaipur_Mumbai,Expressway,Carting Vehicle,973,0.89,Cloudy,0.754,6,0.55,2200,Express,Midday,Wednesday,25.701,22.105,25.701,722.7,0,2024-07-31 12:00:00
SHP00752,Coimbatore,Vadodara,Hyderabad,General Network,Coimbatore_Vadodara,Expressway,Express Van,1186,0.74,Storm,0.84,6,0.99,900,Economy,Afternoon,Wednesday,45.89,18.86,45.89,2102.1,0,2024-06-12 17:00:00
SHP00753,Surat,Ahmedabad,,General Network,Surat_Ahmedabad,Mixed,FTL Truck,2062,0.98,Fog,0.92,4,0.83,1800,Express,Midday,Tuesday,86.489,48.0,86.489,3127.4,1,2024-11-26 13:00:00
SHP00754,Kochi,Delhi,Indore,General Network,Kochi_Delhi,Expressway,Mini Truck,205,0.63,Fog,0.478,1,0.25,800,Economy,Midday,Sunday,6.389,7.7,6.389,239.5,0,2024-09-01 10:00:00
SHP00755,Bangalore,Lucknow,Vadodara,General Network,Bangalore_Lucknow,Mixed,Container,1716,0.54,Rain,0.628,1,0.76,4200,Standard,Evening Rush,Tuesday,68.386,45.671,68.386,2084.4,0,2024-09-17 19:00:00
SHP00756,Kochi,Surat,,General Network,Kochi_Surat,Highway,Express Van,373,0.63,Fog,0.706,0,0.82,800,Standard,Midday,Sunday,9.447,7.049,9.447,323.6,0,2024-11-03 11:00:00
SHP00757,Mumbai,Coimbatore,,General Network,Mumbai_Coimbatore,Highway,FTL Truck,1692,0.95,Rain,0.834,5,0.66,5000,Standard,Evening Rush,Sunday,54.438,29.74,54.438,1997.3,0,2024-03-31 19:00:00
SHP00758,Chandigarh,Bangalore,,General Network,Chandigarh_Bangalore,City Road,Carting Vehicle,435,0.3,Rain,0.576,5,0.99,1000,Economy,Morning Rush,Wednesday,34.33,23.574,34.33,1065.5,0,2024-11-06 07:00:00
SHP00759,Delhi,Indore,,General Network,Delhi_Indore,Highway,Container,229,0.11,Cloudy,0.25,2,0.46,4800,Standard,Midday,Wednesday,5.58,7.861,5.58,132.8,0,2024-04-03 12:00:00
SHP00760,Chennai,Kolkata,,General Network,Chennai_Kolkata,Mixed,Mini Truck,2167,0.74,Rain,0.804,1,0.9,3500,Express,Morning Rush,Wednesday,83.527,48.0,83.527,2603.9,1,2024-10-02 09:00:00
SHP00761,Lucknow,Surat,,General Network,Lucknow_Surat,Highway,Container,909,0.57,Rain,0.71,3,0.92,2000,Express,Evening Rush,Thursday,26.66,21.012,26.66,797.6,0,2024-07-18 20:00:00
SHP00762,Vizag,Bangalore,,General Network,Vizag_Bangalore,Rural,Carting Vehicle,1737,0.32,Cloudy,0.532,1,0.85,850,Same-Day,Morning Rush,Tuesday,62.234,24.0,62.234,646.0,1,2024-12-03 09:00:00
SHP00763,Bangalore,Nagpur,Vizag,General Network,Bangalore_Nagpur,Mixed,Container,1926,0.68,Fog,0.58,1,0.43,4200,Economy,Morning Rush,Sunday,98.49,52.056,98.49,3643.5,0,2024-09-08 09:00:00
SHP00764,Vadodara,Indore,,General Network,Vadodara_Indore,Rural,FTL Truck,1374,,Heavy Rain,0.434,0,0.23,750,Same-Day,Morning Rush,Sunday,68.43,24.0,68.43,2273.8,1,2024-06-09 07:00:00
SHP00765,Delhi,Surat,,General Network,Delhi_Surat,Expressway,Container,1888,0.15,Cloudy,0.434,6,0.86,4800,Same-Day,Evening Rush,Tuesday,26.891,24.0,26.891,210.6,1,2024-02-20 20:00:00
SHP00766,Ahmedabad,Nagpur,,General Network,Ahmedabad_Nagpur,Highway,Mini Truck,289,0.29,Storm,0.458,0,0.71,2600,Express,Midday,Wednesday,11.191,9.915,11.191,430.6,0,2024-01-03 13:00:00
SHP00767,Surat,Kolkata,,General Network,Surat_Kolkata,Expressway,Mini Truck,1164,0.14,Cloudy,0.208,1,0.31,1800,Same-Day,Afternoon,Saturday,15.145,22.459,15.145,91.9,0,2024-11-30 14:00:00
SHP00768,Mumbai,Patna,Hyderabad,General Network,Mumbai_Patna,Expressway,Carting Vehicle,162,0.84,Heavy Rain,0.74,4,0.59,5000,Same-Day,Midday,Wednesday,7.618,7.024,7.618,320.7,0,2024-03-06 13:00:00
SHP00769,Chennai,Pune,,General Network,Chennai_Pune,Expressway,Container,1729,0.39,Clear,0.614,2,0.95,3500,Express,Morning Rush,Saturday,27.182,29.313,27.182,346.2,0,2024-04-13 08:00:00
SHP00770,Chandigarh,Pune,,General Network,Chandigarh_Pune,City Road,Mini Truck,1680,0.53,Fog,0.434,0,0.29,1000,Standard,Afternoon,Sunday,114.205,70.603,114.205,3652.3,1,2024-08-11 17:00:00
SHP00771,Hyderabad,Chandigarh,Surat,General Network,Hyderabad_Chandigarh,Mixed,Carting Vehicle,726,0.75,Clear,0.546,0,0.24,3800,Express,Evening Rush,Monday,24.079,25.58,24.079,476.7,0,2024-01-29 18:00:00
SHP00772,Coimbatore,Bangalore,,General Network,Coimbatore_Bangalore,City Road,Express Van,1888,0.69,Cloudy,0.634,6,0.55,900,Express,Midday,Saturday,77.295,48.0,77.295,1823.3,1,2024-03-23 10:00:00
SHP00773,Surat,Delhi,,General Network,Surat_Delhi,Highway,Mini Truck,795,0.57,Storm,0.426,5,0.21,1800,Standard,Morning Rush,Tuesday,37.233,16.879,37.233,1571.5,0,2024-10-15 07:00:00
SHP00774,Kochi,Chennai,,General Network,Kochi_Chennai,City Road,Container,2067,0.59,Storm,0.442,6,0.22,800,Standard,Midday,Sunday,227.666,72.0,227.666,9491.2,1,2024-08-18 13:00:00
SHP00775,Vadodara,Jaipur,,General Network,Vadodara_Jaipur,Rural,Mini Truck,1569,0.93,Storm,0.686,4,0.32,750,Economy,Afternoon,Saturday,168.174,55.36,168.174,7766.0,1,2024-03-23 17:00:00
SHP00776,Bhopal,Lucknow,,General Network,Bhopal_Lucknow,City Road,Mini Truck,1735,0.74,Clear,0.696,1,0.63,1200,Economy,Evening Rush,Saturday,99.896,76.371,99.896,2689.0,0,2024-08-03 19:00:00
SHP00777,Patna,Chandigarh,,General Network,Patna_Chandigarh,Expressway,Express Van,2263,0.39,Heavy Rain,0.442,5,0.52,1100,Same-Day,Afternoon,Tuesday,42.917,24.0,42.917,1332.2,1,2024-11-12 17:00:00
SHP00778,Vizag,Bhopal,Surat,General Network,Vizag_Bhopal,Rural,Carting Vehicle,1951,0.45,Storm,0.502,4,0.58,850,Same-Day,Morning Rush,Tuesday,149.442,24.0,149.442,5498.1,1,2024-07-30 07:00:00
SHP00779,Vizag,Kolkata,Nagpur,General Network,Vizag_Kolkata,Expressway,Carting Vehicle,1696,0.95,,0.658,1,0.22,850,Economy,Midday,Wednesday,70.943,32.568,70.943,2828.3,0,2024-07-24 12:00:00
SHP00780,Patna,Ahmedabad,,General Network,Patna_Ahmedabad,City Road,Container,230,0.94,Heavy Rain,0.84,5,0.69,1100,Same-Day,Afternoon,Sunday,22.922,11.085,22.922,911.5,0,2024-01-28 16:00:00
SHP00781,Surat,Indore,,General Network,Surat_Indore,City Road,Carting Vehicle,1409,0.38,Storm,0.328,4,0.25,1800,Express,Midday,Monday,143.691,48.0,143.691,5400.9,1,2024-10-14 11:00:00
SHP00782,Hyderabad,Pune,,General Network,Hyderabad_Pune,Expressway,Carting Vehicle,1246,0.61,Clear,0.646,5,0.7,3800,Economy,Morning Rush,Thursday,32.581,24.321,32.581,905.6,0,2024-08-15 09:00:00
SHP00783,Hyderabad,Bhopal,,General Network,Hyderabad_Bhopal,Expressway,Carting Vehicle,1592,0.79,Heavy Rain,0.742,6,0.67,3800,Economy,Afternoon,Thursday,76.849,33.833,76.849,3270.3,0,2024-10-17 17:00:00
SHP00784,Bangalore,Indore,,General Network,Bangalore_Indore,Highway,Container,546,0.37,Cloudy,0.426,1,0.51,4200,Express,Afternoon,Monday,10.946,14.284,10.946,175.0,0,2024-02-12 17:00:00
SHP00785,Chandigarh,Mumbai,Patna,General Network,Chandigarh_Mumbai,Mixed,Carting Vehicle,1260,0.43,Fog,0.418,4,0.4,1000,Economy,Afternoon,Tuesday,65.241,39.998,65.241,2234.4,0,2024-12-24 15:00:00
SHP00786,Surat,Delhi,Lucknow,General Network,Surat_Delhi,Rural,FTL Truck,159,0.4,Storm,0.332,6,0.23,1800,Economy,Evening Rush,Saturday,13.094,9.211,13.094,573.6,0,2024-07-13 18:00:00
SHP00787,Indore,Surat,,General Network,Indore_Surat,Rural,Mini Truck,1186,0.74,Fog,0.568,2,0.31,1400,Economy,Afternoon,Saturday,79.364,41.756,79.364,3004.8,0,2024-12-07 16:00:00
SHP00788,Chennai,Mumbai,Coimbatore,General Network,Chennai_Mumbai,City Road,FTL Truck,1055,0.26,Clear,0.256,4,0.25,3500,Express,Morning Rush,Sunday,35.627,40.24,35.627,329.1,0,2024-06-23 08:00:00
SHP00789,Surat,Chennai,Kochi,General Network,Surat_Chennai,Mixed,Carting Vehicle,845,0.28,Clear,0.488,0,0.8,1800,Standard,Evening Rush,Saturday,23.041,26.252,23.041,255.8,0,2024-02-10 18:00:00
SHP00790,Pune,Coimbatore,Vadodara,General Network,Pune_Coimbatore,City Road,Container,358,0.74,Storm,0.676,5,0.58,2800,Economy,Afternoon,Thursday,48.962,17.347,48.962,2215.7,0,2024-04-11 14:00:00
SHP00791,Kochi,Pune,,General Network,Kochi_Pune,Highway,Carting Vehicle,770,0.27,Storm,0.346,1,0.46,800,Standard,Afternoon,Tuesday,34.938,18.825,34.938,1326.3,0,2024-08-06 14:00:00
SHP00792,Ahmedabad,Vizag,,General Network,Ahmedabad_Vizag,Highway,Express Van,2125,0.78,Storm,0.568,0,0.25,2600,Same-Day,Morning Rush,Thursday,70.073,24.0,70.073,2818.5,1,2024-08-08 08:00:00
SHP00793,Patna,Mumbai,Pune,General Network,Patna_Mumbai,Highway,Container,1414,0.71,Rain,0.526,2,0.25,1100,Same-Day,Midday,Sunday,39.569,24.0,39.569,1126.5,1,2024-10-06 12:00:00
SHP00794,Delhi,Indore,,General Network,Delhi_Indore,Expressway,Express Van,2008,0.93,Heavy Rain,0.91,3,0.88,4800,Economy,Morning Rush,Friday,66.378,27.896,66.378,2879.9,0,2024-08-02 06:00:00
SHP00795,Surat,Bhopal,,General Network,Surat_Bhopal,City Road,FTL Truck,735,,Heavy Rain,0.634,1,0.85,1800,Same-Day,Morning Rush,Thursday,46.156,24.0,46.156,1509.3,1,2024-04-11 06:00:00
SHP00796,Kolkata,Surat,,General Network,Kolkata_Surat,Mixed,Carting Vehicle,1872,0.54,Rain,0.636,3,0.78,3200,Express,Morning Rush,Saturday,78.71,48.0,78.71,2226.6,1,2024-02-24 08:00:00
SHP00797,Chandigarh,Lucknow,,General Network,Chandigarh_Lucknow,City Road,Carting Vehicle,750,0.47,Cloudy,0.366,2,,1000,Economy,Afternoon,Friday,49.324,38.661,49.324,1245.2,0,2024-05-24 16:00:00
SHP00798,Hyderabad,Indore,,General Network,Hyderabad_Indore,Mixed,FTL Truck,1430,0.5,Heavy Rain,0.512,1,0.53,3800,Standard,Afternoon,Saturday,61.342,34.519,61.342,2250.5,0,2024-08-31 14:00:00
SHP00799,Kochi,Surat,Coimbatore,General Network,Kochi_Surat,City Road,Container,1065,0.97,Cloudy,0.734,4,0.38,800,Same-Day,Afternoon,Saturday,61.556,24.0,61.556,1545.5,1,2024-03-16 16:00:00
SHP00800,Patna,Jaipur,,General Network,Patna_Jaipur,Highway,Carting Vehicle,1573,0.81,Heavy Rain,0.654,1,0.42,1100,Economy,Evening Rush,Monday,87.791,35.094,87.791,3694.5,0,2024-07-01 21:00:00
SHP00801,Jaipur,Nagpur,Pune,General Network,Jaipur_Nagpur,Expressway,Carting Vehicle,1293,0.96,Rain,0.848,0,0.68,2200,Express,Morning Rush,Sunday,41.871,27.754,41.871,1423.4,0,2024-08-04 06:00:00
SHP00802,Hyderabad,Surat,,General Network,Hyderabad_Surat,Highway,FTL Truck,1949,0.43,Clear,0.586,1,0.82,3800,Economy,Morning Rush,Sunday,37.293,34.448,37.293,775.8,0,2024-06-09 09:00:00
SHP00803,Patna,Jaipur,,General Network,Patna_Jaipur,City Road,Express Van,590,0.25,Storm,0.27,0,0.3,1100,Economy,Morning Rush,Tuesday,43.48,22.938,43.48,1729.3,0,2024-10-08 06:00:00
SHP00804,Surat,Bhopal,Kochi,General Network,Surat_Bhopal,City Road,Express Van,2178,0.39,,0.558,0,0.81,1800,Standard,Midday,Sunday,100.567,72.0,100.567,2787.3,1,2024-02-04 10:00:00
SHP00805,Kolkata,Jaipur,,General Network,Kolkata_Jaipur,Highway,Express Van,2122,0.17,Rain,0.29,0,0.47,3200,Same-Day,Midday,Thursday,31.473,24.0,31.473,504.5,1,2024-02-15 12:00:00
SHP00806,Chennai,Lucknow,,General Network,Chennai_Lucknow,City Road,Container,1033,0.12,Cloudy,0.356,5,0.71,3500,Standard,Midday,Tuesday,43.201,47.07,43.201,508.7,0,2024-03-19 10:00:00
SHP00807,Surat,Bhopal,,General Network,Surat_Bhopal,Expressway,Mini Truck,2336,0.12,Clear,0.38,3,0.77,1800,Same-Day,Morning Rush,Wednesday,27.029,24.0,27.029,0.0,1,2024-12-25 08:00:00
SHP00808,Nagpur,Vizag,Surat,General Network,Nagpur_Vizag,City Road,Carting Vehicle,1249,0.58,Heavy Rain,0.72,5,0.93,1600,Express,Afternoon,Saturday,118.512,48.0,118.512,4255.9,1,2024-04-13 14:00:00
SHP00809,Jaipur,Bhopal,,General Network,Jaipur_Bhopal,Highway,Mini Truck,2201,0.13,Storm,0.35,5,0.68,2200,Same-Day,Midday,Monday,64.725,24.0,64.725,2049.3,1,2024-04-15 12:00:00
SHP00810,Lucknow,Pune,Patna,General Network,Lucknow_Pune,Mixed,Mini Truck,1126,0.15,Rain,0.37,4,0.7,2000,Same-Day,Afternoon,Tuesday,29.864,24.0,29.864,540.7,1,2024-04-02 16:00:00
SHP00811,Surat,Chandigarh,Bhopal,General Network,Surat_Chandigarh,Expressway,Mini Truck,1101,0.53,Fog,0.59,6,0.68,1800,Express,Morning Rush,Monday,28.807,21.169,28.807,955.8,0,2024-05-20 06:00:00
SHP00812,Kochi,Kolkata,Lucknow,General Network,Kochi_Kolkata,Highway,Carting Vehicle,1611,0.68,Clear,0.8,5,0.98,800,Same-Day,Morning Rush,Thursday,37.455,24.0,37.455,636.3,1,2024-01-18 09:00:00
SHP00813,Patna,Pune,,General Network,Patna_Pune,Highway,Mini Truck,1070,0.26,Storm,0.272,5,0.29,1100,Standard,Morning Rush,Monday,41.89,23.131,41.89,1621.7,0,2024-09-02 08:00:00
SHP00814,Hyderabad,Ahmedabad,,General Network,Hyderabad_Ahmedabad,Highway,FTL Truck,1780,0.13,Heavy Rain,0.298,3,0.55,3800,Economy,Afternoon,Friday,51.505,30.101,51.505,1755.3,0,2024-02-02 14:00:00
SHP00815,Chandigarh,Pune,Indore,General Network,Chandigarh_Pune,Rural,Carting Vehicle,296,0.31,Clear,0.41,0,0.56,1000,Same-Day,Afternoon,Thursday,10.159,13.328,10.159,83.3,0,2024-01-25 15:00:00
SHP00816,Patna,Coimbatore,Vizag,General Network,Patna_Coimbatore,Mixed,Express Van,1526,0.75,Cloudy,0.702,2,0.63,1100,Same-Day,Afternoon,Wednesday,34.055,24.0,34.055,716.3,1,2024-06-26 15:00:00
SHP00817,Vizag,Bhopal,,General Network,Vizag_Bhopal,Rural,Container,2019,0.33,,0.322,2,0.31,850,Standard,Midday,Saturday,121.415,71.645,121.415,4117.8,1,2024-11-16 10:00:00
SHP00818,Vizag,Kolkata,,General Network,Vizag_Kolkata,Mixed,Mini Truck,2167,0.17,Cloudy,0.318,0,0.54,850,Express,Midday,Tuesday,46.536,48.0,46.536,384.4,0,2024-10-08 11:00:00
SHP00819,Surat,Coimbatore,Pune,General Network,Surat_Coimbatore,Highway,Container,1702,0.94,Rain,0.812,6,0.62,1800,Same-Day,Evening Rush,Monday,54.857,24.0,54.857,1789.7,1,2024-11-25 20:00:00
SHP00820,Mumbai,Vizag,Surat,General Network,Mumbai_Vizag,Highway,FTL Truck,1762,0.73,Heavy Rain,0.618,6,0.45,5000,Express,Morning Rush,Sunday,60.104,30.019,60.104,2284.7,1,2024-04-07 06:00:00
SHP00821,Chennai,Ahmedabad,,General Network,Chennai_Ahmedabad,City Road,FTL Truck,1569,0.33,Storm,0.582,3,0.96,3500,Standard,Evening Rush,Wednesday,126.162,60.492,126.162,4880.0,1,2024-11-13 21:00:00
SHP00822,Kochi,Delhi,,General Network,Kochi_Delhi,Expressway,Express Van,1685,0.42,Clear,0.412,3,0.4,800,Economy,Evening Rush,Friday,24.983,23.399,24.983,573.6,0,2024-06-28 21:00:00
SHP00823,Indore,Delhi,Chandigarh,General Network,Indore_Delhi,Expressway,Express Van,494,0.59,Clear,0.462,5,0.27,1400,Economy,Evening Rush,Wednesday,8.982,8.17,8.982,267.6,0,2024-10-09 20:00:00
SHP00824,Chennai,Mumbai,,General Network,Chennai_Mumbai,City Road,Container,1241,0.5,Fog,0.54,3,0.6,3500,Standard,Afternoon,Thursday,89.2,57.843,89.2,2849.1,1,2024-01-25 14:00:00
SHP00825,Coimbatore,Chandigarh,,General Network,Coimbatore_Chandigarh,City Road,Carting Vehicle,538,0.14,Heavy Rain,0.356,3,0.68,900,Same-Day,Midday,Saturday,36.508,24.0,36.508,960.8,1,2024-11-30 11:00:00
SHP00826,Delhi,Surat,,General Network,Delhi_Surat,City Road,Container,561,0.86,Cloudy,0.668,3,0.38,4800,Same-Day,Morning Rush,Tuesday,30.775,24.0,30.775,715.1,1,2024-11-05 06:00:00
SHP00827,Nagpur,Patna,,General Network,Nagpur_Patna,Highway,Container,1902,0.2,Storm,0.352,2,0.58,1600,Same-Day,Evening Rush,Saturday,62.349,24.0,62.349,2062.7,1,2024-08-31 18:00:00
SHP00828,Ahmedabad,Hyderabad,,General Network,Ahmedabad_Hyderabad,Highway,FTL Truck,2339,0.61,Clear,0.658,3,0.73,2600,Express,Midday,Monday,42.161,42.892,42.161,775.4,0,2024-12-02 11:00:00
SHP00829,Chennai,Kochi,,General Network,Chennai_Kochi,Highway,Carting Vehicle,148,0.37,Cloudy,0.542,3,0.8,3500,Express,Afternoon,Friday,5.257,6.549,5.257,167.4,0,2024-01-05 15:00:00
SHP00830,Hyderabad,Nagpur,,General Network,Hyderabad_Nagpur,City Road,Carting Vehicle,496,0.7,Heavy Rain,0.652,1,0.58,3800,Express,Midday,Tuesday,50.076,27.729,50.076,1870.8,1,2024-02-06 10:00:00
SHP00831,Coimbatore,Hyderabad,Indore,General Network,Coimbatore_Hyderabad,Highway,Container,1575,0.25,Heavy Rain,0.43,3,0.7,900,Standard,Morning Rush,Sunday,52.01,32.392,52.01,1730.9,0,2024-07-21 06:00:00
SHP00832,Indore,Chandigarh,,General Network,Indore_Chandigarh,Mixed,Mini Truck,739,0.65,Cloudy,0.722,3,0.83,1400,Express,Morning Rush,Friday,22.755,21.883,22.755,544.2,0,2024-08-09 06:00:00
SHP00833,Vizag,Bangalore,,General Network,Vizag_Bangalore,City Road,Express Van,1497,0.35,Storm,0.378,5,0.42,850,Standard,Evening Rush,Friday,107.969,51.23,107.969,4246.6,1,2024-09-06 18:00:00
SHP00834,Kochi,Vizag,,General Network,Kochi_Vizag,Mixed,Mini Truck,2295,0.4,Fog,0.54,2,0.75,800,Express,Afternoon,Saturday,78.324,48.0,78.324,2149.4,1,2024-05-18 15:00:00
SHP00835,Ahmedabad,Nagpur,Bhopal,General Network,Ahmedabad_Nagpur,Rural,Express Van,2226,0.98,Cloudy,0.728,2,0.35,2600,Express,Afternoon,Tuesday,78.516,48.0,78.516,2130.1,1,2024-03-12 15:00:00
SHP00836,Vizag,Kochi,,General Network,Vizag_Kochi,Rural,Container,1313,0.57,Cloudy,0.458,5,0.29,850,Economy,Midday,Friday,63.094,48.159,63.094,1726.1,0,2024-06-21 11:00:00
SHP00837,Chandigarh,Nagpur,Jaipur,General Network,Chandigarh_Nagpur,City Road,Express Van,695,0.94,Heavy Rain,0.792,2,0.57,1000,Economy,Morning Rush,Tuesday,62.718,27.383,62.718,2727.0,0,2024-01-02 08:00:00
SHP00838,Chandigarh,Patna,Kolkata,General Network,Chandigarh_Patna,Mixed,Container,1871,0.61,Fog,0.51,0,0.36,1000,Same-Day,Afternoon,Wednesday,69.881,24.0,69.881,1991.7,1,2024-07-17 16:00:00
SHP00839,Chennai,Indore,Jaipur,General Network,Chennai_Indore,Highway,Express Van,499,,Clear,0.372,1,0.63,3500,Standard,Afternoon,Friday,7.391,9.402,7.391,118.0,0,2024-11-15 14:00:00
SHP00840,Ahmedabad,Jaipur,,General Network,Ahmedabad_Jaipur,Mixed,Container,2384,0.42,Fog,0.408,0,0.39,2600,Same-Day,Midday,Monday,79.889,24.0,79.889,1988.6,1,2024-07-15 12:00:00
SHP00841,Mumbai,Pune,,Mumbai-Pune Expressway,Mumbai_Pune,Highway,Mini Truck,1000,0.21,Fog,0.286,3,0.4,5000,Same-Day,Afternoon,Thursday,22.061,19.485,22.061,490.3,0,2024-05-02 15:00:00
SHP00842,Vadodara,Indore,,General Network,Vadodara_Indore,Expressway,FTL Truck,1901,0.86,Cloudy,0.728,3,0.53,750,Express,Morning Rush,Saturday,36.105,29.474,36.105,965.7,0,2024-07-13 06:00:00
SHP00843,Jaipur,Pune,Indore,General Network,Jaipur_Pune,Expressway,Express Van,1929,0.12,Heavy Rain,0.316,3,0.61,2200,Same-Day,Evening Rush,Wednesday,31.292,24.0,31.292,818.1,1,2024-03-27 18:00:00
SHP00844,Nagpur,Bhopal,,General Network,Nagpur_Bhopal,Rural,Carting Vehicle,2402,0.44,Cloudy,0.624,0,0.9,1600,Same-Day,Evening Rush,Friday,90.743,24.0,90.743,1174.4,1,2024-01-12 18:00:00
SHP00845,Nagpur,Bhopal,,General Network,Nagpur_Bhopal,Highway,Mini Truck,1520,0.92,Heavy Rain,0.66,2,0.27,1600,Economy,Night,Saturday,74.816,29.321,74.816,3222.3,0,2024-10-26 22:00:00
SHP00846,Pune,Delhi,Chandigarh,General Network,Pune_Delhi,Expressway,Carting Vehicle,2347,0.18,Rain,0.48,0,0.93,2800,Standard,Afternoon,Sunday,53.886,44.843,53.886,1256.8,0,2024-03-17 15:00:00
SHP00847,Jaipur,Kolkata,,General Network,Jaipur_Kolkata,City Road,Carting Vehicle,329,0.57,Heavy Rain,0.498,0,0.39,2200,Same-Day,Evening Rush,Monday,29.106,17.997,29.106,994.4,1,2024-10-07 21:00:00
SHP00848,Kolkata,Jaipur,,General Network,Kolkata_Jaipur,Highway,FTL Truck,846,0.8,Cloudy,0.648,6,0.42,3200,Standard,Midday,Monday,20.701,17.791,20.701,607.5,0,2024-04-01 10:00:00
SHP00849,Kolkata,Jaipur,,General Network,Kolkata_Jaipur,Highway,Express Van,337,0.56,Rain,0.424,4,0.22,3200,Express,Afternoon,Sunday,8.003,9.209,8.003,260.4,0,2024-07-07 14:00:00
SHP00850,Patna,Kolkata,,Eastern Corridor,Patna_Kolkata,Highway,Carting Vehicle,1633,0.68,Storm,0.728,0,0.8,1100,Express,Evening Rush,Thursday,85.955,39.577,85.955,3524.3,1,2024-12-12 18:00:00
SHP00851,Indore,Vizag,,General Network,Indore_Vizag,Expressway,Container,1142,0.62,Storm,0.72,3,0.87,1400,Same-Day,Afternoon,Wednesday,41.685,19.531,41.685,1652.5,1,2024-02-07 17:00:00
SHP00852,Chennai,Patna,,General Network,Chennai_Patna,Expressway,Express Van,158,0.12,Heavy Rain,0.308,6,0.59,3500,Same-Day,Midday,Tuesday,4.959,3.469,4.959,210.8,0,2024-10-29 10:00:00
SHP00853,Lucknow,Bhopal,Delhi,General Network,Lucknow_Bhopal,City Road,Carting Vehicle,2019,0.91,Cloudy,0.706,3,0.4,2000,Standard,Morning Rush,Friday,147.934,72.0,147.934,4261.2,1,2024-03-15 09:00:00
SHP00854,Nagpur,Chandigarh,Lucknow,General Network,Nagpur_Chandigarh,Expressway,FTL Truck,2369,0.64,Storm,0.576,4,0.48,1600,Economy,Afternoon,Sunday,95.019,36.807,95.019,4204.9,0,2024-02-04 17:00:00
SHP00855,Coimbatore,Kolkata,Kochi,General Network,Coimbatore_Kolkata,Highway,Container,2237,0.34,Clear,0.292,1,0.22,900,Express,Afternoon,Saturday,39.003,46.253,39.003,366.4,0,2024-05-25 17:00:00
SHP00856,Kochi,Chennai,,General Network,Kochi_Chennai,Expressway,Container,2431,0.13,Heavy Rain,0.406,5,0.82,800,Economy,Afternoon,Friday,68.991,43.869,68.991,2333.2,0,2024-07-12 16:00:00
SHP00857,Patna,Jaipur,,General Network,Patna_Jaipur,City Road,FTL Truck,253,0.66,Cloudy,0.564,1,0.42,1100,Express,Evening Rush,Monday,12.212,12.067,12.212,299.0,0,2024-03-18 19:00:00
SHP00858,Jaipur,Pune,,General Network,Jaipur_Pune,Highway,FTL Truck,1006,0.34,Clear,0.44,0,0.59,2200,Express,Morning Rush,Wednesday,15.474,20.038,15.474,174.0,0,2024-02-28 08:00:00
SHP00859,Surat,Indore,,General Network,Surat_Indore,Expressway,Express Van,2227,0.57,Rain,0.634,6,0.73,1800,Same-Day,Afternoon,Sunday,38.919,24.0,38.919,1112.1,1,2024-05-19 16:00:00
SHP00860,Lucknow,Coimbatore,Bhopal,General Network,Lucknow_Coimbatore,Expressway,Express Van,991,0.2,Clear,0.248,1,0.32,2000,Same-Day,Night,Friday,10.043,13.187,10.043,58.3,0,2024-10-04 22:00:00
SHP00861,Bhopal,Vadodara,,General Network,Bhopal_Vadodara,Rural,Carting Vehicle,371,0.25,Rain,0.382,5,0.58,1200,Standard,Afternoon,Tuesday,20.915,16.947,20.915,595.3,0,2024-01-16 16:00:00
SHP00862,Chennai,Surat,,General Network,Chennai_Surat,City Road,Mini Truck,1061,0.63,Heavy Rain,0.586,6,0.52,3500,Economy,Afternoon,Saturday,104.622,46.132,104.622,4256.3,0,2024-11-02 16:00:00
SHP00863,Bangalore,Hyderabad,,General Network,Bangalore_Hyderabad,Highway,Carting Vehicle,705,0.59,Clear,0.59,0,0.59,4200,Standard,Afternoon,Tuesday,18.271,17.742,18.271,391.3,0,2024-12-17 17:00:00
SHP00864,Bangalore,Delhi,Nagpur,General Network,Bangalore_Delhi,City Road,FTL Truck,92,0.14,Rain,0.352,0,0.67,4200,Same-Day,Morning Rush,Sunday,5.055,7.714,5.055,145.6,0,2024-09-08 09:00:00
SHP00865,Vadodara,Coimbatore,,General Network,Vadodara_Coimbatore,Highway,Carting Vehicle,756,0.16,Fog,0.368,2,0.68,750,Same-Day,Midday,Friday,19.303,20.789,19.303,402.2,0,2024-12-06 11:00:00
SHP00866,Patna,Nagpur,Chennai,General Network,Patna_Nagpur,Mixed,Mini Truck,1366,0.48,Rain,0.664,6,0.94,1100,Same-Day,Morning Rush,Friday,44.074,24.0,44.074,1126.6,1,2024-01-19 08:00:00
SHP00867,Hyderabad,Chennai,,Deccan-Southern Corridor,Hyderabad_Chennai,Expressway,FTL Truck,2467,0.35,Cloudy,0.398,2,0.47,3800,Express,Afternoon,Wednesday,35.219,38.529,35.219,555.0,0,2024-10-09 15:00:00
SHP00868,Pune,Coimbatore,,General Network,Pune_Coimbatore,Highway,Mini Truck,1136,0.27,Rain,0.262,0,0.25,2800,Express,Afternoon,Monday,25.261,24.144,25.261,569.0,0,2024-07-22 16:00:00
SHP00869,Surat,Patna,,General Network,Surat_Patna,Rural,FTL Truck,1788,0.88,Fog,0.66,2,0.33,1800,Express,Evening Rush,Tuesday,94.989,48.0,94.989,3315.3,1,2024-11-05 21:00:00
SHP00870,Pune,Kolkata,Kochi,General Network,Pune_Kolkata,Expressway,Express Van,1461,0.74,Clear,0.78,2,0.84,2800,Standard,Midday,Saturday,23.32,22.262,23.32,596.8,0,2024-04-13 12:00:00
SHP00871,Jaipur,Vizag,,General Network,Jaipur_Vizag,Expressway,Mini Truck,1980,0.79,Fog,0.79,0,0.79,2200,Express,Morning Rush,Saturday,52.979,32.436,52.979,1789.3,1,2024-07-27 08:00:00
SHP00872,Bhopal,Chandigarh,Ahmedabad,General Network,Bhopal_Chandigarh,Mixed,Express Van,1311,0.85,Fog,0.662,2,0.38,1200,Express,Afternoon,Sunday,45.293,28.018,45.293,1577.6,0,2024-07-21 14:00:00
SHP00873,Delhi,Jaipur,,NCR-Rajasthan Corridor,Delhi_Jaipur,Expressway,FTL Truck,1234,0.49,Cloudy,0.682,6,0.97,4800,Economy,Afternoon,Saturday,25.651,21.697,25.651,759.7,0,2024-11-23 15:00:00
SHP00874,Delhi,Coimbatore,Jaipur,General Network,Delhi_Coimbatore,Mixed,FTL Truck,2397,0.87,Cloudy,0.898,3,0.94,4800,Same-Day,Morning Rush,Wednesday,65.374,24.0,65.374,1525.5,1,2024-08-07 08:00:00
SHP00875,Chandigarh,Mumbai,Kolkata,General Network,Chandigarh_Mumbai,Highway,Carting Vehicle,769,0.69,Cloudy,0.71,3,0.74,1000,Same-Day,Morning Rush,Friday,20.442,18.9,20.442,457.5,0,2024-10-04 08:00:00
SHP00876,Chennai,Mumbai,Hyderabad,General Network,Chennai_Mumbai,City Road,Carting Vehicle,2163,0.2,Clear,0.344,0,0.56,3500,Same-Day,Morning Rush,Wednesday,81.995,24.0,81.995,0.0,1,2024-05-22 08:00:00
SHP00877,Nagpur,Kolkata,Patna,General Network,Nagpur_Kolkata,Expressway,FTL Truck,437,0.92,Cloudy,0.832,6,0.7,1600,Same-Day,Afternoon,Tuesday,9.094,7.757,9.094,269.6,0,2024-11-19 17:00:00
SHP00878,Bhopal,Chennai,Indore,General Network,Bhopal_Chennai,Mixed,Carting Vehicle,368,0.27,Heavy Rain,0.446,6,0.71,1200,Express,Evening Rush,Saturday,20.124,14.754,20.124,716.8,0,2024-10-12 20:00:00
SHP00879,Pune,Delhi,,General Network,Pune_Delhi,Highway,FTL Truck,1626,0.61,,0.45,5,0.21,2800,Express,Night,Monday,52.574,27.763,52.574,1934.9,1,2024-02-19 22:00:00
SHP00880,Chennai,Vadodara,,General Network,Chennai_Vadodara,City Road,Container,609,1.0,Heavy Rain,0.912,2,0.78,3500,Economy,Afternoon,Sunday,76.06,30.164,76.06,3335.4,0,2024-05-05 15:00:00
SHP00881,Bhopal,Lucknow,,General Network,Bhopal_Lucknow,Highway,Express Van,1161,0.7,Clear,0.82,5,1.0,1200,Standard,Morning Rush,Friday,23.462,21.306,23.462,650.6,0,2024-07-05 08:00:00
SHP00882,Lucknow,Patna,Chennai,General Network,Lucknow_Patna,Highway,Express Van,2268,0.27,Clear,0.27,1,0.27,2000,Same-Day,Afternoon,Wednesday,25.337,24.0,25.337,41.1,1,2024-05-15 16:00:00
SHP00883,Kolkata,Vadodara,,General Network,Kolkata_Vadodara,City Road,Carting Vehicle,2367,0.14,Fog,0.264,6,0.45,3200,Standard,Afternoon,Sunday,153.348,72.0,153.348,3790.6,1,2024-10-06 15:00:00
SHP00884,Lucknow,Chennai,Bhopal,General Network,Lucknow_Chennai,Expressway,Mini Truck,301,0.18,Clear,0.296,5,0.47,2000,Same-Day,Evening Rush,Saturday,4.525,7.93,4.525,60.3,0,2024-02-24 21:00:00
SHP00885,Indore,Kochi,Hyderabad,General Network,Indore_Kochi,Highway,Container,436,0.95,Rain,0.938,1,0.92,1400,Express,Evening Rush,Tuesday,15.295,11.859,15.295,533.0,0,2024-01-09 21:00:00
SHP00886,Kolkata,Vizag,Kochi,General Network,Kolkata_Vizag,City Road,Container,879,0.89,Heavy Rain,0.798,5,0.66,3200,Standard,Evening Rush,Saturday,92.987,40.254,92.987,3806.5,1,2024-12-07 18:00:00
SHP00887,Lucknow,Indore,,General Network,Lucknow_Indore,City Road,Container,616,0.36,Heavy Rain,0.376,6,0.4,2000,Economy,Midday,Thursday,56.014,30.281,56.014,2118.5,0,2024-05-09 10:00:00
SHP00888,Kochi,Chennai,,General Network,Kochi_Chennai,City Road,Carting Vehicle,400,1.0,Cloudy,0.92,5,0.8,800,Standard,Morning Rush,Monday,31.947,24.647,31.947,1002.5,0,2024-10-21 06:00:00
SHP00889,Chennai,Mumbai,Bhopal,General Network,Chennai_Mumbai,Expressway,Carting Vehicle,607,0.5,Clear,0.428,5,0.32,3500,Same-Day,Midday,Saturday,11.673,13.849,11.673,189.2,0,2024-04-13 10:00:00
SHP00890,Pune,Jaipur,Chennai,General Network,Pune_Jaipur,Expressway,Mini Truck,732,0.14,Heavy Rain,0.164,3,0.2,2800,Same-Day,Afternoon,Wednesday,15.754,15.123,15.754,431.6,0,2024-09-25 15:00:00
SHP00891,Lucknow,Hyderabad,,General Network,Lucknow_Hyderabad,Rural,Mini Truck,2253,0.79,Rain,0.706,6,0.58,2000,Express,Evening Rush,Tuesday,119.48,48.0,119.48,3831.0,1,2024-05-21 21:00:00
SHP00892,Jaipur,Kolkata,Bhopal,General Network,Jaipur_Kolkata,Expressway,Carting Vehicle,1669,0.12,Cloudy,0.228,3,0.39,2200,Economy,Morning Rush,Friday,33.27,34.019,33.27,590.7,0,2024-03-15 09:00:00
SHP00893,Coimbatore,Jaipur,,General Network,Coimbatore_Jaipur,Highway,Mini Truck,1086,0.12,Rain,0.332,0,0.65,900,Same-Day,Night,Monday,20.826,24.0,20.826,344.6,0,2024-10-21 22:00:00
SHP00894,Chandigarh,Vizag,Jaipur,General Network,Chandigarh_Vizag,Highway,Express Van,2427,0.79,Cloudy,0.802,3,0.82,1000,Standard,Evening Rush,Wednesday,48.346,35.728,48.346,1317.9,0,2024-06-05 19:00:00
SHP00895,Kochi,Pune,,General Network,Kochi_Pune,Expressway,FTL Truck,1412,0.44,Storm,0.544,1,0.7,800,Same-Day,Morning Rush,Thursday,38.656,22.295,38.656,1427.5,1,2024-08-08 06:00:00
SHP00896,Chennai,Vadodara,,General Network,Chennai_Vadodara,City Road,FTL Truck,383,0.28,Cloudy,0.38,5,0.53,3500,Economy,Midday,Sunday,18.936,16.991,18.936,479.6,0,2024-03-10 13:00:00
SHP00897,Pune,Indore,Lucknow,General Network,Pune_Indore,Highway,FTL Truck,1935,0.93,Clear,0.77,2,0.53,2800,Same-Day,Midday,Saturday,36.965,24.0,36.965,766.6,1,2024-11-02 13:00:00
SHP00898,Vizag,Kolkata,,General Network,Vizag_Kolkata,Highway,Mini Truck,2481,0.9,Heavy Rain,0.652,4,0.28,850,Express,Afternoon,Thursday,100.19,47.504,100.19,3943.9,1,2024-06-27 17:00:00
SHP00899,Vizag,Kolkata,,General Network,Vizag_Kolkata,Highway,Container,736,0.12,Storm,0.24,1,0.42,850,Standard,Morning Rush,Friday,27.105,15.601,27.105,976.9,0,2024-08-23 07:00:00
SHP00900,Ahmedabad,Hyderabad,Delhi,General Network,Ahmedabad_Hyderabad,Highway,Express Van,1857,0.66,Clear,0.756,2,0.9,2600,Express,Morning Rush,Friday,30.582,27.876,30.582,623.8,0,2024-07-12 06:00:00
SHP00901,Vizag,Kolkata,,General Network,Vizag_Kolkata,Expressway,Carting Vehicle,1874,0.29,Clear,0.302,0,0.32,850,Standard,Afternoon,Saturday,32.51,38.728,32.51,372.5,0,2024-09-28 16:00:00
SHP00902,Kolkata,Kochi,,General Network,Kolkata_Kochi,Mixed,Mini Truck,1243,0.25,Cloudy,0.498,3,0.87,3200,Economy,Midday,Thursday,35.024,33.858,35.024,720.3,0,2024-01-11 12:00:00
SHP00903,Indore,Kochi,Ahmedabad,General Network,Indore_Kochi,Expressway,Carting Vehicle,2272,0.91,Clear,0.698,5,,1400,Standard,Night,Sunday,57.003,45.721,57.003,1506.9,0,2024-01-28 22:00:00
SHP00904,Hyderabad,Jaipur,,General Network,Hyderabad_Jaipur,Highway,Carting Vehicle,2286,0.59,,0.462,4,0.27,3800,Standard,Morning Rush,Monday,85.078,51.075,85.078,2818.7,1,2024-04-01 07:00:00
SHP00905,Pune,Hyderabad,,General Network,Pune_Hyderabad,City Road,Container,2324,0.23,Storm,0.358,3,0.55,2800,Standard,Morning Rush,Tuesday,205.32,72.0,205.32,7632.1,1,2024-01-16 07:00:00
SHP00906,Mumbai,Delhi,Bangalore,Western Corridor,Mumbai_Delhi,Highway,Carting Vehicle,417,0.78,Clear,0.808,4,0.85,5000,Same-Day,Afternoon,Monday,12.26,13.256,12.26,318.6,0,2024-08-12 17:00:00
SHP00907,Hyderabad,Indore,Surat,General Network,Hyderabad_Indore,Rural,Container,737,0.68,Heavy Rain,0.728,2,0.8,3800,Standard,Morning Rush,Tuesday,54.611,27.197,54.611,2120.6,0,2024-09-24 08:00:00
SHP00908,Coimbatore,Delhi,Kochi,General Network,Coimbatore_Delhi,Rural,FTL Truck,280,0.56,Heavy Rain,0.564,0,0.57,900,Economy,Afternoon,Thursday,18.628,10.6,18.628,744.4,0,2024-11-21 16:00:00
SHP00909,Jaipur,Vizag,,General Network,Jaipur_Vizag,City Road,Container,1215,0.21,Heavy Rain,0.338,6,0.53,2200,Economy,Evening Rush,Tuesday,98.06,57.379,98.06,3433.2,0,2024-10-22 18:00:00
SHP00910,Vizag,Delhi,Chennai,General Network,Vizag_Delhi,Expressway,Carting Vehicle,2395,0.32,Clear,0.464,4,0.68,850,Economy,Night,Friday,49.459,44.766,49.459,950.7,0,2024-11-15 22:00:00
SHP00911,Delhi,Lucknow,,UP Corridor,Delhi_Lucknow,Highway,Express Van,2247,0.85,Clear,0.63,4,0.3,4800,Economy,Evening Rush,Friday,47.859,34.941,47.859,1406.1,0,2024-08-30 21:00:00
SHP00912,Ahmedabad,Vizag,,General Network,Ahmedabad_Vizag,City Road,Container,718,0.68,Heavy Rain,0.616,1,0.52,2600,Express,Night,Thursday,62.317,35.086,62.317,2291.0,1,2024-03-28 22:00:00
SHP00913,Lucknow,Patna,Bhopal,General Network,Lucknow_Patna,Rural,Carting Vehicle,1621,0.89,Cloudy,0.858,1,0.81,2000,Standard,Evening Rush,Sunday,91.49,65.286,91.49,2607.6,1,2024-01-21 18:00:00
SHP00914,Kolkata,Indore,,General Network,Kolkata_Indore,Rural,Carting Vehicle,1612,0.46,Rain,0.428,5,0.38,3200,Standard,Morning Rush,Friday,93.496,63.859,93.496,2744.0,1,2024-01-12 08:00:00
SHP00915,Lucknow,Patna,,General Network,Lucknow_Patna,Rural,Carting Vehicle,2164,0.76,Rain,0.652,4,0.49,2000,Standard,Morning Rush,Sunday,145.69,72.0,145.69,4894.3,1,2024-12-22 07:00:00
SHP00916,Surat,Delhi,Jaipur,General Network,Surat_Delhi,Rural,Express Van,1546,,Storm,0.558,1,0.93,1800,Standard,Morning Rush,Saturday,83.877,41.097,83.877,3240.2,1,2024-12-28 09:00:00
SHP00917,Hyderabad,Chennai,,Deccan-Southern Corridor,Hyderabad_Chennai,Highway,Container,2312,0.52,Clear,0.672,0,0.9,3800,Economy,Midday,Saturday,54.197,45.992,54.197,1211.8,0,2024-04-20 10:00:00
SHP00918,Surat,Ahmedabad,,General Network,Surat_Ahmedabad,Highway,FTL Truck,2179,0.96,Heavy Rain,0.948,4,0.93,1800,Standard,Night,Saturday,88.926,37.966,88.926,3701.3,1,2024-08-24 22:00:00
SHP00919,Vizag,Coimbatore,,General Network,Vizag_Coimbatore,Highway,Carting Vehicle,2486,0.84,Clear,0.904,0,1.0,850,Express,Midday,Sunday,64.105,48.0,64.105,1360.3,1,2024-01-07 13:00:00
SHP00920,Surat,Coimbatore,,General Network,Surat_Coimbatore,Expressway,Container,131,0.21,Rain,0.438,3,0.78,1800,Same-Day,Midday,Wednesday,3.987,5.548,3.987,141.9,0,2024-06-26 10:00:00
SHP00921,Bangalore,Surat,Pune,General Network,Bangalore_Surat,Mixed,Container,2306,0.68,Clear,0.672,0,0.66,4200,Standard,Midday,Saturday,69.838,62.127,69.838,1477.4,0,2024-07-27 12:00:00
SHP00922,Pune,Vizag,,General Network,Pune_Vizag,City Road,Mini Truck,473,0.35,Clear,0.398,0,0.47,2800,Express,Midday,Thursday,18.326,23.95,18.326,198.6,0,2024-05-30 10:00:00
SHP00923,Bhopal,Delhi,,General Network,Bhopal_Delhi,Rural,Express Van,1865,0.31,Storm,0.566,3,0.95,1200,Standard,Midday,Monday,100.574,51.236,100.574,3872.1,1,2024-01-22 12:00:00
SHP00924,Delhi,Vizag,,General Network,Delhi_Vizag,City Road,Mini Truck,215,0.9,Rain,0.648,6,0.27,4800,Economy,Morning Rush,Thursday,19.827,11.155,19.827,780.1,0,2024-04-18 09:00:00
SHP00925,Pune,Lucknow,,General Network,Pune_Lucknow,Rural,Mini Truck,556,0.56,Rain,0.476,4,0.35,2800,Standard,Night,Wednesday,29.762,19.417,29.762,962.0,0,2024-04-17 22:00:00
SHP00926,Lucknow,Delhi,Bangalore,UP Corridor,Lucknow_Delhi,Highway,Container,895,0.1,Cloudy,0.308,3,0.62,2000,Same-Day,Night,Tuesday,14.335,20.779,14.335,70.4,0,2024-10-08 22:00:00
SHP00927,Pune,Jaipur,,General Network,Pune_Jaipur,Rural,FTL Truck,191,,Fog,0.314,5,0.5,2800,Standard,Afternoon,Tuesday,10.467,6.777,10.467,373.3,0,2024-05-28 15:00:00
SHP00928,Mumbai,Chandigarh,Kochi,General Network,Mumbai_Chandigarh,Rural,Mini Truck,1842,0.78,Fog,0.772,4,0.76,5000,Express,Evening Rush,Friday,104.065,48.0,104.065,3515.0,1,2024-05-31 20:00:00
SHP00929,Lucknow,Hyderabad,Jaipur,General Network,Lucknow_Hyderabad,Mixed,Container,1286,0.32,Rain,0.376,0,0.46,2000,Economy,Midday,Saturday,49.816,37.208,49.816,1476.0,0,2024-03-30 12:00:00
SHP00930,Lucknow,Hyderabad,Ahmedabad,General Network,Lucknow_Hyderabad,Expressway,Mini Truck,2026,0.66,Heavy Rain,0.484,4,0.22,2000,Standard,Evening Rush,Tuesday,66.362,34.86,66.362,2560.0,0,2024-01-16 20:00:00
SHP00931,Lucknow,Kochi,,General Network,Lucknow_Kochi,City Road,Express Van,1112,0.7,Fog,0.692,2,0.68,2000,Express,Afternoon,Tuesday,60.934,40.839,60.934,1998.4,1,2024-01-02 17:00:00
SHP00932,Chennai,Kolkata,Vadodara,General Network,Chennai_Kolkata,Mixed,Express Van,708,0.13,Fog,0.414,6,0.84,3500,Economy,Afternoon,Saturday,21.445,17.045,21.445,671.1,0,2024-08-10 14:00:00
SHP00933,Indore,Vadodara,,General Network,Indore_Vadodara,Expressway,FTL Truck,2080,0.93,Rain,0.706,4,0.37,1400,Economy,Afternoon,Sunday,61.661,32.692,61.661,2386.0,0,2024-06-09 16:00:00
SHP00934,Chennai,Lucknow,,General Network,Chennai_Lucknow,City Road,Container,1384,0.23,Rain,0.406,6,0.67,3500,Economy,Evening Rush,Monday,88.649,64.896,88.649,2527.7,0,2024-03-25 21:00:00
SHP00935,Mumbai,Delhi,,Western Corridor,Mumbai_Delhi,Mixed,Mini Truck,1697,0.16,Heavy Rain,0.192,6,0.24,5000,Economy,Morning Rush,Sunday,73.311,45.148,73.311,2513.1,0,2024-01-14 07:00:00
SHP00936,Indore,Vizag,,General Network,Indore_Vizag,Highway,FTL Truck,1399,0.36,Fog,0.492,6,0.69,1400,Same-Day,Midday,Tuesday,31.999,24.0,31.999,870.7,1,2024-09-24 12:00:00
SHP00937,Patna,Bhopal,,General Network,Patna_Bhopal,City Road,Carting Vehicle,1912,0.67,Clear,0.57,3,0.42,1100,Same-Day,Evening Rush,Thursday,97.281,24.0,97.281,1466.6,1,2024-07-25 19:00:00
SHP00938,Vadodara,Hyderabad,Vizag,General Network,Vadodara_Hyderabad,Rural,Mini Truck,285,0.75,Clear,0.794,3,0.86,750,Standard,Morning Rush,Tuesday,13.857,10.415,13.857,409.2,0,2024-05-14 06:00:00
SHP00939,Vizag,Jaipur,,General Network,Vizag_Jaipur,Highway,Carting Vehicle,1388,0.51,Cloudy,0.414,1,0.27,850,Express,Morning Rush,Saturday,33.13,31.508,33.13,599.8,0,2024-10-05 08:00:00
SHP00940,Pune,Kolkata,Jaipur,General Network,Pune_Kolkata,Highway,FTL Truck,1086,0.44,Clear,0.416,3,0.38,2800,Express,Afternoon,Sunday,19.31,20.518,19.31,344.1,0,2024-10-06 17:00:00
SHP00941,Pune,Chandigarh,Delhi,General Network,Pune_Chandigarh,Highway,Express Van,2470,0.34,Storm,0.3,1,0.24,2800,Same-Day,Afternoon,Thursday,64.379,24.0,64.379,2251.9,1,2024-08-08 14:00:00
SHP00942,Ahmedabad,Chandigarh,,General Network,Ahmedabad_Chandigarh,City Road,FTL Truck,2008,0.46,Storm,0.528,1,0.63,2600,Same-Day,Midday,Monday,147.673,24.0,147.673,5418.1,1,2024-01-08 11:00:00
SHP00943,Chandigarh,Vadodara,,General Network,Chandigarh_Vadodara,Mixed,Carting Vehicle,818,0.33,Cloudy,0.574,3,0.94,1000,Standard,Evening Rush,Monday,27.041,27.057,27.041,531.8,0,2024-04-29 19:00:00
SHP00944,Ahmedabad,Kochi,,General Network,Ahmedabad_Kochi,City Road,Container,1480,0.71,Clear,0.606,0,0.45,2600,Express,Evening Rush,Monday,72.218,48.0,72.218,1348.2,1,2024-09-09 19:00:00
SHP00945,Chennai,Chandigarh,Indore,General Network,Chennai_Chandigarh,Expressway,Mini Truck,2211,0.87,Storm,0.762,3,0.6,3500,Standard,Midday,Tuesday,98.197,35.192,98.197,4340.3,1,2024-12-03 11:00:00
SHP00946,Surat,Kolkata,Hyderabad,General Network,Surat_Kolkata,Highway,FTL Truck,525,0.8,Heavy Rain,0.732,3,0.63,1800,Same-Day,Midday,Friday,17.551,9.823,17.551,659.3,0,2024-11-29 11:00:00
SHP00947,Surat,Vadodara,,General Network,Surat_Vadodara,Expressway,Container,1070,0.63,Heavy Rain,0.706,2,0.82,1800,Standard,Morning Rush,Tuesday,37.626,22.038,37.626,1462.5,0,2024-03-05 07:00:00
SHP00948,Delhi,Jaipur,,NCR-Rajasthan Corridor,Delhi_Jaipur,Mixed,Container,1502,0.97,Heavy Rain,0.87,2,0.72,4800,Same-Day,Afternoon,Saturday,80.957,24.0,80.957,3090.3,1,2024-05-25 17:00:00
SHP00949,Vizag,Coimbatore,Bangalore,General Network,Vizag_Coimbatore,Expressway,FTL Truck,1753,0.42,Clear,0.388,4,0.34,850,Economy,Evening Rush,Monday,29.169,25.093,29.169,643.0,0,2024-11-11 20:00:00
SHP00950,Vadodara,Bangalore,,General Network,Vadodara_Bangalore,Expressway,Mini Truck,1899,0.59,Heavy Rain,0.71,4,0.89,750,Economy,Afternoon,Thursday,68.07,33.222,68.07,2751.5,0,2024-03-07 16:00:00
SHP00951,Pune,Coimbatore,,General Network,Pune_Coimbatore,Highway,Container,1075,0.1,Storm,0.344,5,0.71,2800,Same-Day,Evening Rush,Thursday,34.177,22.993,34.177,1102.1,1,2024-07-18 18:00:00
SHP00952,Surat,Chandigarh,Indore,General Network,Surat_Chandigarh,Mixed,FTL Truck,1506,0.25,Clear,0.518,1,0.92,1800,Standard,Evening Rush,Friday,31.147,35.724,31.147,362.8,0,2024-08-23 18:00:00
SHP00953,Vadodara,Lucknow,Kolkata,General Network,Vadodara_Lucknow,City Road,Carting Vehicle,1207,0.72,Storm,0.748,6,0.79,750,Express,Morning Rush,Sunday,150.287,48.0,150.287,6258.4,1,2024-10-20 09:00:00
SHP00954,Jaipur,Bangalore,Bhopal,General Network,Jaipur_Bangalore,Rural,Mini Truck,802,0.26,Cloudy,0.54,3,0.96,2200,Same-Day,Midday,Saturday,24.372,24.0,24.372,274.2,1,2024-12-21 13:00:00
SHP00955,Chennai,Jaipur,,General Network,Chennai_Jaipur,Mixed,Express Van,2221,0.43,Clear,0.642,3,0.96,3500,Economy,Afternoon,Friday,51.255,44.127,51.255,1144.0,0,2024-09-06 15:00:00
SHP00956,Ahmedabad,Mumbai,,Gujarat-Maharashtra Corridor,Ahmedabad_Mumbai,City Road,Container,573,0.84,Rain,0.608,6,0.26,2600,Standard,Afternoon,Thursday,47.517,26.835,47.517,1695.4,0,2024-12-26 16:00:00
SHP00957,Jaipur,Delhi,,NCR-Rajasthan Corridor,Jaipur_Delhi,Highway,Mini Truck,540,0.38,Rain,0.412,3,0.46,2200,Express,Evening Rush,Friday,14.303,13.228,14.303,408.2,0,2024-04-19 19:00:00
SHP00958,Coimbatore,Chennai,,General Network,Coimbatore_Chennai,City Road,Express Van,699,0.14,Heavy Rain,0.472,2,0.97,900,Economy,Midday,Sunday,40.915,23.925,40.915,1412.9,0,2024-06-30 11:00:00
SHP00959,Vadodara,Coimbatore,Hyderabad,General Network,Vadodara_Coimbatore,Highway,Container,2037,0.15,Storm,0.406,1,0.79,750,Economy,Evening Rush,Thursday,83.653,43.368,83.653,3221.9,0,2024-06-27 18:00:00
SHP00960,Surat,Kochi,,General Network,Surat_Kochi,Expressway,Express Van,1956,0.88,Heavy Rain,0.796,3,0.67,1800,Standard,Afternoon,Monday,56.144,24.945,56.144,2294.4,0,2024-09-09 16:00:00
SHP00961,Jaipur,Kochi,,General Network,Jaipur_Kochi,Rural,Express Van,1270,0.82,Storm,0.672,5,0.45,2200,Economy,Evening Rush,Friday,102.139,33.235,102.139,4655.8,0,2024-12-20 19:00:00
SHP00962,Mumbai,Kolkata,,General Network,Mumbai_Kolkata,Highway,Carting Vehicle,1034,0.82,Clear,0.692,1,0.5,5000,Standard,Afternoon,Thursday,29.242,26.913,29.242,720.5,0,2024-02-29 16:00:00
SHP00963,Bangalore,Ahmedabad,Vizag,General Network,Bangalore_Ahmedabad,Highway,Mini Truck,1858,0.13,Rain,0.222,5,0.36,4200,Same-Day,Evening Rush,Monday,36.383,24.0,36.383,634.7,1,2024-11-11 18:00:00
SHP00964,Hyderabad,Coimbatore,,General Network,Hyderabad_Coimbatore,City Road,Mini Truck,693,0.75,Heavy Rain,0.622,3,0.43,3800,Economy,Midday,Thursday,72.499,33.539,72.499,3029.9,0,2024-12-26 11:00:00
SHP00965,Lucknow,Pune,,General Network,Lucknow_Pune,Highway,Carting Vehicle,639,0.74,Fog,0.784,0,0.85,2000,Express,Afternoon,Saturday,23.447,17.426,23.447,767.8,0,2024-11-16 15:00:00
SHP00966,Delhi,Bhopal,,General Network,Delhi_Bhopal,Highway,Mini Truck,2373,0.34,Clear,0.336,5,0.33,4800,Express,Night,Thursday,40.045,46.914,40.045,425.2,0,2024-07-25 22:00:00
SHP00967,Patna,Kolkata,,Eastern Corridor,Patna_Kolkata,City Road,Mini Truck,2422,0.39,Rain,0.554,2,0.8,1100,Economy,Morning Rush,Wednesday,159.465,101.086,159.465,4954.6,1,2024-03-13 08:00:00
SHP00968,Patna,Indore,,General Network,Patna_Indore,Mixed,Mini Truck,1887,0.15,Cloudy,0.45,5,0.9,1100,Standard,Midday,Saturday,45.95,48.256,45.95,660.3,0,2024-04-20 12:00:00
SHP00969,Pune,Vadodara,,General Network,Pune_Vadodara,Mixed,Express Van,982,0.26,Cloudy,0.284,4,0.32,2800,Standard,Morning Rush,Saturday,21.177,22.13,21.177,416.7,0,2024-10-26 08:00:00
SHP00970,Ahmedabad,Kochi,,General Network,Ahmedabad_Kochi,Mixed,Carting Vehicle,2479,0.39,Cloudy,0.43,1,0.49,2600,Express,Morning Rush,Thursday,73.388,48.0,73.388,1097.9,1,2024-08-01 09:00:00
SHP00971,Patna,Coimbatore,Kolkata,General Network,Patna_Coimbatore,City Road,Express Van,1165,0.32,Cloudy,0.28,2,0.22,1100,Economy,Evening Rush,Friday,45.378,39.093,45.378,986.1,0,2024-08-16 20:00:00
SHP00972,Patna,Bangalore,,General Network,Patna_Bangalore,City Road,Carting Vehicle,2269,0.7,Clear,0.692,6,0.68,1100,Same-Day,Midday,Sunday,117.602,24.0,117.602,1869.8,1,2024-06-16 10:00:00
SHP00973,Vizag,Coimbatore,,General Network,Vizag_Coimbatore,City Road,FTL Truck,654,0.83,Cloudy,0.818,0,0.8,850,Express,Afternoon,Tuesday,32.745,25.984,32.745,843.6,0,2024-01-23 14:00:00
SHP00974,Chandigarh,Patna,Jaipur,General Network,Chandigarh_Patna,Mixed,Express Van,1636,0.72,Fog,0.732,5,0.75,1000,Economy,Morning Rush,Thursday,64.579,33.963,64.579,2452.1,0,2024-02-01 07:00:00
SHP00975,Lucknow,Ahmedabad,,General Network,Lucknow_Ahmedabad,Expressway,Container,1969,0.87,Storm,0.786,0,0.66,2000,Standard,Morning Rush,Saturday,92.47,34.981,92.47,4085.2,1,2024-02-17 06:00:00
SHP00976,Kochi,Kolkata,,General Network,Kochi_Kolkata,Mixed,FTL Truck,2186,0.18,Storm,0.252,2,0.36,800,Same-Day,Evening Rush,Tuesday,78.678,24.0,78.678,2534.7,1,2024-10-22 19:00:00
SHP00977,Bangalore,Ahmedabad,,General Network,Bangalore_Ahmedabad,Mixed,Container,707,0.97,Heavy Rain,0.71,0,0.32,4200,Standard,Evening Rush,Sunday,44.983,22.862,44.983,1867.2,0,2024-07-28 20:00:00
SHP00978,Hyderabad,Delhi,,General Network,Hyderabad_Delhi,Highway,FTL Truck,822,0.2,Fog,0.328,1,0.52,3800,Standard,Night,Monday,18.244,16.143,18.244,478.1,0,2024-06-24 22:00:00
SHP00979,Ahmedabad,Pune,Nagpur,General Network,Ahmedabad_Pune,Mixed,FTL Truck,1474,0.36,Storm,0.356,3,0.35,2600,Express,Morning Rush,Monday,64.942,36.182,64.942,2422.5,1,2024-09-23 09:00:00
SHP00980,Kolkata,Chennai,Mumbai,General Network,Kolkata_Chennai,Highway,Container,1460,0.71,Rain,0.706,1,0.7,3200,Standard,Afternoon,Friday,48.254,29.45,48.254,1607.0,0,2024-11-01 15:00:00
SHP00981,Kochi,Pune,,General Network,Kochi_Pune,Rural,FTL Truck,995,0.83,Rain,0.814,0,,800,Economy,Midday,Monday,58.068,29.813,58.068,2157.4,0,2024-02-19 13:00:00
SHP00982,Chennai,Kolkata,Vizag,General Network,Chennai_Kolkata,Rural,Express Van,1345,0.59,Cloudy,0.606,3,0.63,3500,Economy,Morning Rush,Wednesday,47.926,38.553,47.926,1316.1,0,2024-03-20 06:00:00
SHP00983,Delhi,Patna,,General Network,Delhi_Patna,Highway,Mini Truck,799,0.31,Rain,0.426,0,0.6,4800,Express,Morning Rush,Tuesday,18.381,17.131,18.381,437.0,0,2024-10-29 06:00:00
SHP00984,Hyderabad,Kolkata,Bhopal,General Network,Hyderabad_Kolkata,Rural,Express Van,125,0.39,Fog,0.618,1,0.96,3800,Standard,Morning Rush,Wednesday,6.351,4.27,6.351,236.1,0,2024-01-31 09:00:00
SHP00985,Indore,Coimbatore,Chennai,General Network,Indore_Coimbatore,Mixed,Express Van,368,0.48,Storm,0.62,4,0.83,1400,Economy,Midday,Friday,20.785,9.634,20.785,927.1,0,2024-03-29 13:00:00
SHP00986,Hyderabad,Lucknow,Patna,General Network,Hyderabad_Lucknow,Expressway,FTL Truck,2193,0.14,Heavy Rain,0.184,0,0.25,3800,Standard,Midday,Tuesday,46.333,34.655,46.333,1395.0,0,2024-07-30 13:00:00
SHP00987,Jaipur,Bangalore,Kochi,General Network,Jaipur_Bangalore,Expressway,Container,1608,0.14,Cloudy,0.168,0,0.21,2200,Economy,Evening Rush,Thursday,27.608,28.258,27.608,461.7,0,2024-02-01 20:00:00
SHP00988,Delhi,Patna,,General Network,Delhi_Patna,Expressway,FTL Truck,293,0.52,Clear,0.464,0,0.38,4800,Express,Midday,Sunday,4.304,6.112,4.304,73.2,0,2024-06-02 12:00:00
SHP00989,Kolkata,Chennai,Jaipur,General Network,Kolkata_Chennai,City Road,Container,2265,0.49,Clear,0.486,6,0.48,3200,Standard,Morning Rush,Monday,108.272,72.0,108.272,1928.3,1,2024-10-14 06:00:00
SHP00990,Vadodara,Indore,Delhi,General Network,Vadodara_Indore,City Road,Mini Truck,425,0.9,Heavy Rain,0.76,1,0.55,750,Same-Day,Evening Rush,Tuesday,36.245,21.862,36.245,1365.2,1,2024-12-24 21:00:00
SHP00991,Jaipur,Bhopal,,General Network,Jaipur_Bhopal,Expressway,Express Van,364,0.97,Heavy Rain,0.862,0,0.7,2200,Standard,Afternoon,Thursday,11.336,6.341,11.336,480.2,0,2024-01-11 14:00:00
SHP00992,Vizag,Kochi,,General Network,Vizag_Kochi,Highway,Container,369,0.1,Storm,0.22,5,0.4,850,Same-Day,Morning Rush,Friday,13.219,10.497,13.219,467.6,0,2024-09-13 07:00:00
SHP00993,Lucknow,Coimbatore,Vizag,General Network,Lucknow_Coimbatore,Expressway,Carting Vehicle,1885,0.68,Fog,0.552,4,0.36,2000,Economy,Morning Rush,Sunday,70.485,37.037,70.485,2641.7,0,2024-07-14 09:00:00
SHP00994,Lucknow,Delhi,,UP Corridor,Lucknow_Delhi,Expressway,Carting Vehicle,1880,0.31,Heavy Rain,0.322,2,0.34,2000,Same-Day,Afternoon,Tuesday,51.226,24.0,51.226,1490.4,1,2024-10-29 15:00:00
SHP00995,Chennai,Chandigarh,,General Network,Chennai_Chandigarh,Highway,Carting Vehicle,652,0.9,Clear,0.892,5,0.88,3500,Same-Day,Morning Rush,Saturday,17.064,18.504,17.064,371.8,0,2024-02-24 08:00:00
SHP00996,Kolkata,Mumbai,,General Network,Kolkata_Mumbai,Rural,Carting Vehicle,2453,0.43,Clear,0.562,4,0.76,3200,Standard,Midday,Saturday,100.41,72.0,100.41,1663.7,1,2024-08-17 10:00:00
SHP00997,Bangalore,Chandigarh,,General Network,Bangalore_Chandigarh,Highway,Container,2343,0.13,Storm,0.422,0,0.86,4200,Same-Day,Night,Monday,72.151,24.0,72.151,2261.7,1,2024-07-01 22:00:00
SHP00998,Ahmedabad,Vadodara,,General Network,Ahmedabad_Vadodara,Expressway,Mini Truck,201,0.94,Fog,0.816,0,0.63,2600,Same-Day,Morning Rush,Saturday,6.216,5.337,6.216,231.9,0,2024-12-07 08:00:00
SHP00999,Kolkata,Ahmedabad,,General Network,Kolkata_Ahmedabad,Expressway,Express Van,434,0.64,Fog,0.492,5,0.27,3200,Standard,Evening Rush,Monday,11.144,6.826,11.144,430.3,0,2024-12-09 19:00:00
SHP01000,Coimbatore,Hyderabad,,General Network,Coimbatore_Hyderabad,Expressway,Container,2074,0.95,Storm,0.866,6,0.74,900,Economy,Afternoon,Friday,112.858,35.808,112.858,5230.4,0,2024-03-01 14:00:00
SHP01001,Bangalore,Vadodara,Chandigarh,General Network,Bangalore_Vadodara,Expressway,Mini Truck,1107,0.14,Clear,0.452,5,0.92,4200,Same-Day,Afternoon,Friday,15.186,18.728,15.186,134.3,0,2024-07-12 17:00:00
SHP01002,Kochi,Indore,Vizag,General Network,Kochi_Indore,City Road,Container,1645,,Rain,0.862,2,0.76,800,Standard,Morning Rush,Wednesday,136.306,72.0,136.306,4860.7,1,2024-08-07 06:00:00
SHP01003,Lucknow,Hyderabad,,General Network,Lucknow_Hyderabad,Highway,Carting Vehicle,756,0.6,Heavy Rain,0.472,1,0.28,2000,Standard,Night,Monday,33.984,19.567,33.984,1283.0,0,2024-01-01 22:00:00
SHP01004,Ahmedabad,Lucknow,,General Network,Ahmedabad_Lucknow,Mixed,Container,1728,0.14,Heavy Rain,0.304,2,0.55,2600,Express,Morning Rush,Monday,63.527,47.156,63.527,1778.7,1,2024-11-04 08:00:00
SHP01005,Vadodara,Bangalore,Ahmedabad,General Network,Vadodara_Bangalore,Highway,Carting Vehicle,1118,1.0,Rain,0.716,6,0.29,750,Standard,Evening Rush,Sunday,49.663,28.506,49.663,1861.8,0,2024-04-14 19:00:00
SHP01006,Chandigarh,Bhopal,,General Network,Chandigarh_Bhopal,Highway,Carting Vehicle,2179,0.14,Rain,0.244,4,0.4,1000,Express,Afternoon,Monday,53.669,48.0,53.669,1041.2,1,2024-03-25 17:00:00
SHP01007,Jaipur,Surat,,General Network,Jaipur_Surat,Expressway,FTL Truck,221,0.65,Cloudy,0.606,5,0.54,2200,Same-Day,Evening Rush,Wednesday,5.842,7.405,5.842,211.0,0,2024-08-28 21:00:00
SHP01008,Bangalore,Vizag,,General Network,Bangalore_Vizag,City Road,Container,285,0.58,Storm,0.668,5,0.8,4200,Same-Day,Evening Rush,Wednesday,28.861,13.465,28.861,1156.9,1,2024-07-24 20:00:00
SHP01009,Hyderabad,Chennai,,Deccan-Southern Corridor,Hyderabad_Chennai,Rural,Express Van,1027,0.47,Clear,0.634,0,0.88,3800,Economy,Midday,Monday,31.324,28.983,31.324,688.7,0,2024-11-11 13:00:00
SHP01010,Kochi,Indore,Hyderabad,General Network,Kochi_Indore,Mixed,Express Van,469,0.94,Fog,0.764,2,0.5,800,Economy,Morning Rush,Tuesday,20.472,11.09,20.472,820.5,0,2024-12-03 07:00:00
SHP01011,Vadodara,Kolkata,Nagpur,General Network,Vadodara_Kolkata,Highway,Express Van,284,0.32,Storm,0.568,5,0.94,750,Economy,Evening Rush,Friday,11.212,5.921,11.212,487.5,0,2024-11-01 18:00:00
SHP01012,Ahmedabad,Patna,,General Network,Ahmedabad_Patna,City Road,Express Van,114,0.44,Clear,0.36,3,0.24,2600,Same-Day,Afternoon,Sunday,4.381,6.972,4.381,92.9,0,2024-03-10 15:00:00
SHP01013,Kochi,Jaipur,Indore,General Network,Kochi_Jaipur,City Road,Mini Truck,2399,1.0,Clear,0.9,2,0.75,800,Same-Day,Afternoon,Monday,118.435,24.0,118.435,2536.6,1,2024-01-08 15:00:00
SHP01014,Chandigarh,Patna,Nagpur,General Network,Chandigarh_Patna,Rural,Container,1400,0.51,Fog,0.69,6,0.96,1000,Standard,Midday,Monday,79.978,51.016,79.978,2602.6,1,2024-08-05 10:00:00
SHP01015,Jaipur,Bhopal,Kolkata,General Network,Jaipur_Bhopal,Expressway,Mini Truck,1744,0.4,Cloudy,0.412,0,0.43,2200,Express,Evening Rush,Wednesday,27.738,30.296,27.738,440.4,0,2024-12-11 19:00:00
SHP01016,Chennai,Pune,Ahmedabad,General Network,Chennai_Pune,City Road,Mini Truck,2040,0.49,Rain,0.658,5,0.91,3500,Express,Morning Rush,Thursday,118.962,48.0,118.962,3252.0,1,2024-07-18 06:00:00
SHP01017,Jaipur,Chennai,Bangalore,General Network,Jaipur_Chennai,Highway,Container,139,0.82,Rain,0.776,0,0.71,2200,Same-Day,Midday,Sunday,4.42,6.501,4.42,142.6,0,2024-10-13 10:00:00
SHP01018,Kolkata,Vadodara,,General Network,Kolkata_Vadodara,Mixed,FTL Truck,1769,0.94,Rain,0.732,1,0.42,3200,Economy,Morning Rush,Saturday,81.898,41.028,81.898,3144.9,0,2024-03-16 09:00:00
SHP01019,Delhi,Ahmedabad,Kolkata,General Network,Delhi_Ahmedabad,Mixed,Mini Truck,1694,0.41,Rain,0.462,5,0.54,4800,Express,Night,Wednesday,55.72,43.255,55.72,1461.0,1,2024-05-15 22:00:00
SHP01020,Chennai,Kochi,,General Network,Chennai_Kochi,City Road,Express Van,275,0.43,Fog,0.578,2,0.8,3500,Same-Day,Afternoon,Sunday,13.187,11.104,13.187,381.3,0,2024-07-07 15:00:00
SHP01021,Surat,Hyderabad,,General Network,Surat_Hyderabad,City Road,Carting Vehicle,1930,0.95,Clear,0.698,5,0.32,1800,Standard,Morning Rush,Wednesday,131.843,72.0,131.843,3499.2,1,2024-11-13 08:00:00
SHP01022,Indore,Pune,,General Network,Indore_Pune,City Road,Carting Vehicle,2387,0.54,Storm,0.412,6,0.22,1400,Same-Day,Afternoon,Saturday,244.714,24.0,244.714,9226.8,1,2024-08-31 17:00:00
SHP01023,Vizag,Delhi,,General Network,Vizag_Delhi,Highway,Carting Vehicle,878,0.84,Fog,0.664,5,0.4,850,Economy,Afternoon,Friday,43.546,22.205,43.546,1734.7,0,2024-03-15 14:00:00
SHP01024,Ahmedabad,Nagpur,,General Network,Ahmedabad_Nagpur,City Road,FTL Truck,537,0.87,Rain,0.878,6,0.89,2600,Standard,Afternoon,Sunday,38.941,22.708,38.941,1415.9,0,2024-09-15 15:00:00
SHP01025,Bangalore,Patna,,General Network,Bangalore_Patna,Rural,Express Van,1167,0.33,Cloudy,0.494,2,0.74,4200,Same-Day,Evening Rush,Saturday,28.381,24.0,28.381,349.8,1,2024-02-03 21:00:00
SHP01026,Pune,Chandigarh,,General Network,Pune_Chandigarh,Mixed,Express Van,2307,0.32,Clear,0.464,1,0.68,2800,Standard,Evening Rush,Wednesday,43.53,45.487,43.53,605.7,0,2024-10-02 18:00:00
SHP01027,Kochi,Vadodara,Bangalore,General Network,Kochi_Vadodara,Expressway,Container,2088,0.15,Fog,0.486,2,0.99,800,Express,Evening Rush,Thursday,42.566,37.339,42.566,1002.5,0,2024-05-09 18:00:00
SHP01028,Vadodara,Vizag,Chennai,General Network,Vadodara_Vizag,Expressway,Carting Vehicle,2374,0.34,Storm,0.572,6,0.92,750,Same-Day,Morning Rush,Thursday,82.482,24.0,82.482,2949.7,1,2024-10-17 09:00:00
SHP01029,Vizag,Chandigarh,Kolkata,General Network,Vizag_Chandigarh,Highway,Container,2191,0.29,Heavy Rain,0.31,6,0.34,850,Express,Morning Rush,Thursday,68.616,43.066,68.616,2183.7,1,2024-02-29 06:00:00
SHP01030,Mumbai,Delhi,,Western Corridor,Mumbai_Delhi,Highway,Mini Truck,2200,0.49,Storm,0.41,0,0.29,5000,Economy,Evening Rush,Thursday,105.362,44.4,105.362,4488.4,0,2024-12-12 21:00:00
SHP01031,Chennai,Mumbai,,General Network,Chennai_Mumbai,Mixed,Carting Vehicle,347,0.44,Clear,0.6,2,0.84,3500,Same-Day,Night,Monday,10.369,14.798,10.369,159.5,0,2024-10-28 22:00:00
SHP01032,Chandigarh,Jaipur,,General Network,Chandigarh_Jaipur,Expressway,Carting Vehicle,1381,0.38,Fog,0.44,4,0.53,1000,Express,Evening Rush,Tuesday,36.295,29.29,36.295,1014.7,0,2024-01-09 20:00:00
SHP01033,Indore,Kolkata,Mumbai,General Network,Indore_Kolkata,Highway,Express Van,406,0.96,Rain,0.844,3,0.67,1400,Same-Day,Afternoon,Sunday,9.959,9.411,9.959,332.8,0,2024-08-04 14:00:00
SHP01034,Indore,Nagpur,,General Network,Indore_Nagpur,Rural,Carting Vehicle,2318,0.99,Clear,0.674,3,0.2,1400,Standard,Afternoon,Tuesday,124.306,72.0,124.306,3337.4,1,2024-10-29 14:00:00
SHP01035,Chandigarh,Delhi,Coimbatore,General Network,Chandigarh_Delhi,Mixed,Express Van,1834,0.8,Fog,0.804,3,0.81,1000,Standard,Midday,Friday,66.675,37.812,66.675,2405.7,0,2024-07-26 11:00:00
SHP01036,Mumbai,Vizag,Indore,General Network,Mumbai_Vizag,City Road,Container,594,0.6,Fog,0.728,4,0.92,5000,Economy,Morning Rush,Sunday,52.502,29.52,52.502,1952.1,0,2024-11-10 08:00:00
SHP01037,Kochi,Bhopal,,General Network,Kochi_Bhopal,City Road,FTL Truck,1057,0.61,Rain,0.734,0,0.92,800,Economy,Night,Tuesday,70.578,44.213,70.578,2422.7,0,2024-08-20 22:00:00
SHP01038,Kolkata,Bhopal,,General Network,Kolkata_Bhopal,Highway,Container,1597,0.87,Rain,0.846,4,0.81,3200,Standard,Afternoon,Wednesday,58.927,32.976,58.927,2126.5,0,2024-09-18 16:00:00
SHP01039,Chennai,Chandigarh,Bhopal,General Network,Chennai_Chandigarh,Expressway,FTL Truck,1695,0.7,Heavy Rain,0.544,2,0.31,3500,Same-Day,Afternoon,Friday,42.757,24.0,42.757,1494.9,1,2024-03-15 14:00:00
SHP01040,Hyderabad,Patna,Kolkata,General Network,Hyderabad_Patna,Rural,Carting Vehicle,412,0.64,Cloudy,0.616,4,0.58,3800,Express,Afternoon,Wednesday,20.104,20.852,20.104,473.8,0,2024-05-15 17:00:00
SHP01041,Chennai,Kochi,,General Network,Chennai_Kochi,Rural,Express Van,1894,0.54,Storm,0.672,2,0.87,3500,Same-Day,Morning Rush,Monday,100.017,24.0,100.017,3805.1,1,2024-01-01 06:00:00
SHP01042,Delhi,Chennai,,General Network,Delhi_Chennai,Expressway,Mini Truck,953,0.35,Cloudy,0.306,1,0.24,4800,Same-Day,Midday,Saturday,14.4,19.458,14.4,195.2,0,2024-09-14 11:00:00
SHP01043,Vadodara,Surat,,General Network,Vadodara_Surat,Rural,FTL Truck,2207,0.54,Clear,0.612,6,0.72,750,Standard,Evening Rush,Wednesday,72.145,68.733,72.145,1386.0,1,2024-02-07 18:00:00
SHP01044,Vizag,Nagpur,,General Network,Vizag_Nagpur,Highway,FTL Truck,326,0.81,Heavy Rain,0.866,5,0.95,850,Standard,Evening Rush,Monday,14.129,6.302,14.129,603.2,0,2024-04-01 20:00:00
SHP01045,Chennai,Bangalore,,Southern Corridor,Chennai_Bangalore,Rural,FTL Truck,1039,0.77,Cloudy,0.554,2,0.23,3500,Economy,Afternoon,Thursday,46.67,31.299,46.67,1414.9,0,2024-08-08 16:00:00
SHP01046,Mumbai,Coimbatore,,General Network,Mumbai_Coimbatore,Rural,Container,1438,0.62,Storm,0.552,5,0.45,5000,Standard,Evening Rush,Tuesday,125.662,53.063,125.662,5284.0,1,2024-09-24 20:00:00
SHP01047,Vizag,Vadodara,,General Network,Vizag_Vadodara,City Road,Carting Vehicle,579,0.64,Heavy Rain,0.552,3,0.42,850,Same-Day,Midday,Friday,52.286,24.0,52.286,1813.7,1,2024-08-30 12:00:00
SHP01048,Vizag,Bangalore,,General Network,Vizag_Bangalore,City Road,FTL Truck,2418,0.33,Storm,0.294,2,0.24,850,Standard,Midday,Friday,192.702,72.0,192.702,7417.0,1,2024-05-31 12:00:00
SHP01049,Nagpur,Chandigarh,,General Network,Nagpur_Chandigarh,Rural,Express Van,352,0.88,Fog,0.656,4,0.32,1600,Express,Midday,Monday,17.847,11.634,17.847,662.7,0,2024-10-28 13:00:00
SHP01050,Jaipur,Surat,,General Network,Jaipur_Surat,Mixed,Container,1037,0.37,Fog,0.358,6,0.34,2200,Express,Evening Rush,Saturday,39.861,29.956,39.861,1171.7,0,2024-06-01 18:00:00
SHP01051,Vizag,Delhi,,General Network,Vizag_Delhi,Rural,Mini Truck,310,0.83,Rain,0.874,5,0.94,850,Standard,Midday,Monday,20.253,12.539,20.253,755.9,0,2024-04-15 11:00:00
SHP01052,Mumbai,Bangalore,,Western-Southern Corridor,Mumbai_Bangalore,Mixed,FTL Truck,230,0.14,Rain,0.364,2,0.7,5000,Same-Day,Evening Rush,Wednesday,6.275,9.788,6.275,146.5,0,2024-02-21 20:00:00
SHP01053,Indore,Chennai,,General Network,Indore_Chennai,Mixed,Carting Vehicle,1676,0.4,Storm,0.416,3,0.44,1400,Standard,Afternoon,Monday,109.47,51.902,109.47,4333.5,1,2024-04-29 16:00:00
SHP01054,Jaipur,Bangalore,Hyderabad,General Network,Jaipur_Bangalore,City Road,Carting Vehicle,2419,0.26,Clear,0.524,6,0.92,2200,Standard,Morning Rush,Thursday,114.376,72.0,114.376,1333.4,1,2024-08-01 07:00:00
SHP01055,Surat,Pune,,General Network,Surat_Pune,City Road,Mini Truck,1892,0.67,Rain,0.678,0,0.69,1800,Same-Day,Evening Rush,Thursday,110.97,24.0,110.97,3054.4,1,2024-03-07 20:00:00
SHP01056,Delhi,Indore,,General Network,Delhi_Indore,Mixed,FTL Truck,352,,Storm,0.844,6,0.73,4800,Same-Day,Midday,Thursday,21.105,12.456,21.105,914.3,0,2024-11-14 12:00:00
SHP01057,Mumbai,Ahmedabad,,Gujarat-Maharashtra Corridor,Mumbai_Ahmedabad,Mixed,Express Van,1836,0.41,Clear,0.626,1,,5000,Standard,Morning Rush,Saturday,36.834,37.762,36.834,613.5,0,2024-11-16 09:00:00
SHP01058,Surat,Kolkata,,General Network,Surat_Kolkata,Mixed,Carting Vehicle,682,0.92,Rain,0.852,2,0.75,1800,Same-Day,Morning Rush,Friday,32.245,20.94,32.245,1025.3,1,2024-09-06 06:00:00
SHP01059,Indore,Vadodara,,General Network,Indore_Vadodara,Expressway,FTL Truck,1158,0.59,Fog,0.662,3,0.77,1400,Standard,Midday,Tuesday,29.643,19.624,29.643,1047.2,0,2024-03-05 12:00:00
SHP01060,Kochi,Lucknow,Pune,General Network,Kochi_Lucknow,Rural,Carting Vehicle,1634,0.12,Fog,0.276,3,0.51,800,Same-Day,Morning Rush,Thursday,68.806,24.0,68.806,1223.5,1,2024-06-27 06:00:00
SHP01061,Indore,Surat,Chennai,General Network,Indore_Surat,Rural,Carting Vehicle,869,0.36,Cloudy,0.444,2,0.57,1400,Economy,Afternoon,Tuesday,42.127,35.07,42.127,982.7,0,2024-04-23 15:00:00
SHP01062,Bangalore,Mumbai,Pune,Western-Southern Corridor,Bangalore_Mumbai,Highway,Mini Truck,143,0.86,Fog,0.612,1,0.24,4200,Standard,Afternoon,Wednesday,5.555,7.236,5.555,214.2,0,2024-09-18 14:00:00
SHP01063,Chennai,Bangalore,Ahmedabad,Southern Corridor,Chennai_Bangalore,Expressway,Carting Vehicle,1254,0.82,Heavy Rain,0.768,0,0.69,3500,Economy,Evening Rush,Friday,59.256,27.864,59.256,2499.3,0,2024-10-11 20:00:00
SHP01064,Bangalore,Pune,,General Network,Bangalore_Pune,Mixed,Express Van,1090,0.25,Storm,0.246,6,0.24,4200,Economy,Midday,Saturday,49.584,24.726,49.584,2027.2,0,2024-12-21 10:00:00
SHP01065,Nagpur,Vizag,Patna,General Network,Nagpur_Vizag,City Road,Mini Truck,596,0.98,Clear,0.952,5,0.91,1600,Same-Day,Morning Rush,Tuesday,31.793,24.0,31.793,772.4,1,2024-10-08 06:00:00
SHP01066,Kolkata,Chennai,,General Network,Kolkata_Chennai,Mixed,FTL Truck,622,0.42,Storm,0.624,6,0.93,3200,Express,Morning Rush,Saturday,30.636,14.494,30.636,1216.2,0,2024-07-06 09:00:00
SHP01067,Chennai,Vizag,Delhi,General Network,Chennai_Vizag,Expressway,Express Van,1397,0.6,Cloudy,0.468,4,0.27,3500,Same-Day,Night,Friday,19.256,18.0,19.256,388.1,0,2024-10-11 22:00:00
SHP01068,Surat,Ahmedabad,,General Network,Surat_Ahmedabad,Expressway,FTL Truck,2199,0.59,Fog,0.554,1,0.5,1800,Express,Afternoon,Tuesday,47.787,33.128,47.787,1478.4,0,2024-06-18 15:00:00
SHP01069,Chennai,Vizag,Lucknow,General Network,Chennai_Vizag,City Road,Carting Vehicle,1320,0.1,Cloudy,0.196,1,0.34,3500,Economy,Afternoon,Wednesday,67.792,70.153,67.792,1050.4,0,2024-01-31 14:00:00
SHP01070,Chandigarh,Jaipur,Pune,General Network,Chandigarh_Jaipur,City Road,Container,2482,0.77,Storm,0.562,2,0.25,1000,Express,Morning Rush,Sunday,273.983,48.0,273.983,11433.2,1,2024-11-17 06:00:00
SHP01071,Delhi,Lucknow,Bangalore,UP Corridor,Delhi_Lucknow,City Road,Carting Vehicle,606,0.75,Cloudy,0.69,6,0.6,4800,Express,Evening Rush,Saturday,40.252,31.534,40.252,1030.0,0,2024-02-17 19:00:00
SHP01072,Bhopal,Jaipur,Bangalore,General Network,Bhopal_Jaipur,Expressway,FTL Truck,1911,0.41,Cloudy,0.578,1,0.83,1200,Standard,Midday,Friday,30.602,29.489,30.602,629.2,0,2024-11-08 13:00:00
SHP01073,Mumbai,Pune,Patna,Mumbai-Pune Expressway,Mumbai_Pune,Mixed,FTL Truck,257,0.52,Clear,0.512,4,0.5,5000,Economy,Afternoon,Monday,9.163,6.685,9.163,292.8,0,2024-05-06 14:00:00
SHP01074,Indore,Kolkata,,General Network,Indore_Kolkata,City Road,Carting Vehicle,2135,,Fog,0.78,0,0.54,1400,Standard,Evening Rush,Thursday,215.021,72.0,215.021,8021.3,1,2024-08-01 18:00:00
SHP01075,Delhi,Bhopal,,General Network,Delhi_Bhopal,City Road,Carting Vehicle,1585,0.18,Storm,0.352,3,0.61,4800,Economy,Evening Rush,Friday,171.611,80.697,171.611,6673.8,1,2024-01-19 20:00:00
SHP01076,Indore,Pune,,General Network,Indore_Pune,Rural,Carting Vehicle,1633,0.61,Fog,0.558,2,0.48,1400,Express,Evening Rush,Saturday,99.814,48.0,99.814,3085.8,1,2024-03-09 19:00:00
SHP01077,Chennai,Bangalore,,Southern Corridor,Chennai_Bangalore,Rural,Carting Vehicle,1522,0.81,Cloudy,0.778,6,0.73,3500,Same-Day,Morning Rush,Thursday,72.762,24.0,72.762,1660.0,1,2024-11-21 07:00:00
SHP01078,Chandigarh,Chennai,,General Network,Chandigarh_Chennai,Mixed,Carting Vehicle,464,0.75,Heavy Rain,0.822,5,0.93,1000,Express,Afternoon,Sunday,30.363,15.287,30.363,1203.1,0,2024-10-13 16:00:00
SHP01079,Hyderabad,Surat,,General Network,Hyderabad_Surat,Expressway,FTL Truck,1159,0.43,Cloudy,0.414,1,,3800,Same-Day,Night,Saturday,15.98,19.686,15.98,226.8,0,2024-07-06 22:00:00
SHP01080,Mumbai,Indore,,General Network,Mumbai_Indore,Rural,Mini Truck,2146,0.92,Rain,0.812,2,0.65,5000,Economy,Afternoon,Friday,145.587,72.732,145.587,5555.9,1,2024-05-17 16:00:00
SHP01081,Nagpur,Ahmedabad,Vadodara,General Network,Nagpur_Ahmedabad,Expressway,Express Van,2163,0.45,Rain,0.646,4,0.94,1600,Economy,Afternoon,Monday,44.767,27.055,44.767,1498.1,0,2024-06-24 15:00:00
SHP01082,Mumbai,Vadodara,Chandigarh,General Network,Mumbai_Vadodara,Rural,Container,1752,0.18,Fog,0.296,6,0.47,5000,Same-Day,Evening Rush,Sunday,69.106,24.0,69.106,1398.1,1,2024-07-14 18:00:00
SHP01083,Kolkata,Chennai,Ahmedabad,General Network,Kolkata_Chennai,City Road,Express Van,583,0.22,Clear,0.328,5,0.49,3200,Economy,Midday,Wednesday,20.694,22.501,20.694,372.5,0,2024-05-15 12:00:00
SHP01084,Bhopal,Chennai,Hyderabad,General Network,Bhopal_Chennai,Rural,Carting Vehicle,1784,0.75,Rain,0.546,4,0.24,1200,Same-Day,Morning Rush,Saturday,102.372,24.0,102.372,2970.8,1,2024-12-14 06:00:00
SHP01085,Chandigarh,Vizag,,General Network,Chandigarh_Vizag,Rural,FTL Truck,493,,Cloudy,0.414,3,0.78,1000,Express,Evening Rush,Sunday,13.444,16.36,13.444,149.3,0,2024-03-31 19:00:00
SHP01086,Coimbatore,Patna,,General Network,Coimbatore_Patna,Rural,FTL Truck,216,0.2,Rain,0.264,1,0.36,900,Economy,Midday,Saturday,9.959,10.208,9.959,309.5,0,2024-03-16 13:00:00
SHP01087,Patna,Chandigarh,,General Network,Patna_Chandigarh,City Road,Mini Truck,1997,0.71,Fog,0.638,1,0.53,1100,Economy,Afternoon,Tuesday,167.927,86.469,167.927,6271.8,1,2024-12-24 17:00:00
SHP01088,Patna,Kochi,Surat,General Network,Patna_Kochi,Highway,Express Van,229,0.68,Clear,0.7,0,0.73,1100,Same-Day,Morning Rush,Wednesday,3.911,6.966,3.911,85.3,0,2024-03-06 08:00:00
SHP01089,Patna,Pune,Bhopal,General Network,Patna_Pune,Highway,Container,598,0.37,Heavy Rain,0.61,5,0.97,1100,Standard,Midday,Thursday,23.569,16.406,23.569,886.5,0,2024-01-18 12:00:00
SHP01090,Vadodara,Nagpur,Indore,General Network,Vadodara_Nagpur,Rural,Container,227,0.8,Storm,0.616,5,0.34,750,Express,Midday,Thursday,21.94,11.24,21.94,960.3,0,2024-09-05 13:00:00
SHP01091,Vadodara,Nagpur,,General Network,Vadodara_Nagpur,City Road,Carting Vehicle,1907,0.24,Cloudy,0.444,6,0.75,750,Express,Evening Rush,Friday,90.205,48.0,90.205,1053.4,1,2024-07-05 21:00:00
SHP01092,Ahmedabad,Indore,Vizag,General Network,Ahmedabad_Indore,City Road,Mini Truck,2028,0.48,Cloudy,0.532,0,0.61,2600,Express,Night,Wednesday,90.45,48.0,90.45,1564.2,1,2024-01-24 22:00:00
SHP01093,Chennai,Vizag,,General Network,Chennai_Vizag,City Road,FTL Truck,1709,0.19,Cloudy,0.35,1,0.59,3500,Economy,Midday,Saturday,70.571,68.049,70.571,1304.5,0,2024-10-12 11:00:00
SHP01094,Chandigarh,Bhopal,Kolkata,General Network,Chandigarh_Bhopal,Rural,Mini Truck,1163,0.53,Fog,0.502,6,0.46,1000,Same-Day,Midday,Thursday,53.938,24.0,53.938,1513.3,1,2024-12-19 10:00:00
SHP01095,Coimbatore,Mumbai,Pune,General Network,Coimbatore_Mumbai,Highway,Express Van,2407,1.0,Fog,0.792,5,0.48,900,Same-Day,Evening Rush,Sunday,62.444,24.0,62.444,2176.9,1,2024-06-30 18:00:00
SHP01096,Vadodara,Surat,,General Network,Vadodara_Surat,City Road,Mini Truck,2056,0.32,Rain,0.56,6,0.92,750,Standard,Evening Rush,Sunday,116.6,72.0,116.6,3079.8,1,2024-05-19 18:00:00
SHP01097,Chandigarh,Jaipur,,General Network,Chandigarh_Jaipur,Highway,Mini Truck,1335,0.7,Cloudy,0.572,4,0.38,1000,Standard,Midday,Tuesday,34.154,25.983,34.154,936.7,0,2024-07-16 11:00:00
SHP01098,Delhi,Vizag,Chennai,General Network,Delhi_Vizag,Rural,Carting Vehicle,1600,0.61,Storm,0.678,5,0.78,4800,Economy,Afternoon,Wednesday,175.908,65.793,175.908,7710.0,1,2024-01-24 17:00:00
SHP01099,Kolkata,Bangalore,,General Network,Kolkata_Bangalore,Rural,Express Van,1502,0.16,Clear,0.356,5,0.65,3200,Economy,Midday,Wednesday,38.766,41.615,38.766,584.5,0,2024-10-30 12:00:00
SHP01100,Patna,Kochi,Bangalore,General Network,Patna_Kochi,Expressway,FTL Truck,170,0.53,Rain,0.398,1,0.2,1100,Express,Evening Rush,Tuesday,3.775,5.993,3.775,119.1,0,2024-02-06 21:00:00
SHP01101,Hyderabad,Surat,,General Network,Hyderabad_Surat,Highway,Mini Truck,2294,0.92,Cloudy,0.832,3,0.7,3800,Express,Evening Rush,Monday,57.458,43.282,57.458,1535.8,1,2024-03-25 19:00:00
SHP01102,Chandigarh,Ahmedabad,,General Network,Chandigarh_Ahmedabad,Highway,Carting Vehicle,224,0.49,Fog,0.498,6,0.51,1000,Express,Evening Rush,Monday,10.56,9.709,10.56,409.6,0,2024-09-30 21:00:00
SHP01103,Bhopal,Nagpur,Chennai,General Network,Bhopal_Nagpur,City Road,Container,918,0.91,Storm,0.85,2,0.76,1200,Express,Afternoon,Thursday,109.352,41.238,109.352,4709.7,1,2024-09-19 16:00:00
SHP01104,Hyderabad,Delhi,Bangalore,General Network,Hyderabad_Delhi,City Road,Express Van,1645,,Clear,0.844,3,0.82,3800,Standard,Evening Rush,Saturday,71.527,55.955,71.527,1839.5,0,2024-05-25 21:00:00
SHP01105,Mumbai,Kolkata,,General Network,Mumbai_Kolkata,Expressway,Mini Truck,1893,0.38,Fog,0.484,6,0.64,5000,Economy,Evening Rush,Thursday,50.544,33.322,50.544,1704.2,0,2024-02-15 19:00:00
SHP01106,Indore,Nagpur,,General Network,Indore_Nagpur,Expressway,Express Van,1102,0.87,,0.614,3,0.23,1400,Standard,Evening Rush,Monday,38.31,14.91,38.31,1693.4,0,2024-10-28 18:00:00
SHP01107,Kochi,Bhopal,Nagpur,General Network,Kochi_Bhopal,Mixed,Mini Truck,1554,0.17,Cloudy,0.466,4,0.91,800,Economy,Morning Rush,Monday,42.519,39.895,42.519,824.5,0,2024-08-26 06:00:00
SHP01108,Chennai,Pune,,General Network,Chennai_Pune,Mixed,Mini Truck,420,0.71,Cloudy,0.642,1,0.54,3500,Economy,Afternoon,Sunday,16.26,13.594,16.26,508.9,0,2024-10-13 16:00:00
SHP01109,Nagpur,Lucknow,,General Network,Nagpur_Lucknow,Expressway,Carting Vehicle,1290,0.37,Storm,0.406,2,0.46,1600,Economy,Midday,Sunday,59.322,26.985,59.322,2473.0,0,2024-07-21 13:00:00
SHP01110,Ahmedabad,Lucknow,Delhi,General Network,Ahmedabad_Lucknow,Rural,Express Van,1161,0.3,Fog,0.54,3,0.9,2600,Economy,Midday,Monday,49.151,32.795,49.151,1603.0,0,2024-10-14 11:00:00
SHP01111,Kochi,Surat,,General Network,Kochi_Surat,Mixed,Container,2471,0.75,Heavy Rain,0.762,1,0.78,800,Express,Morning Rush,Thursday,129.24,48.0,129.24,4847.3,1,2024-03-21 09:00:00
SHP01112,Kochi,Patna,Coimbatore,General Network,Kochi_Patna,City Road,FTL Truck,1437,0.87,Clear,0.846,3,,800,Express,Evening Rush,Monday,65.95,48.0,65.95,1493.6,1,2024-11-18 19:00:00
SHP01113,Kochi,Hyderabad,Chennai,General Network,Kochi_Hyderabad,City Road,FTL Truck,1350,0.14,Clear,0.252,3,0.42,800,Express,Afternoon,Wednesday,40.871,48.0,40.871,138.0,0,2024-03-13 17:00:00
SHP01114,Pune,Chandigarh,,General Network,Pune_Chandigarh,Rural,Container,2486,0.74,Heavy Rain,0.648,2,0.51,2800,Same-Day,Evening Rush,Friday,159.519,24.0,159.519,5671.6,1,2024-10-11 19:00:00
SHP01115,Bangalore,Vadodara,Pune,General Network,Bangalore_Vadodara,Mixed,Express Van,1162,0.74,Cloudy,0.7,1,0.64,4200,Standard,Midday,Thursday,30.901,25.096,30.901,843.6,0,2024-01-25 12:00:00
SHP01116,Pune,Patna,,General Network,Pune_Patna,City Road,FTL Truck,1290,0.87,Storm,0.666,3,0.36,2800,Express,Midday,Monday,127.921,48.0,127.921,5463.8,1,2024-06-03 13:00:00
SHP01117,Kochi,Bhopal,,General Network,Kochi_Bhopal,Mixed,Container,1374,0.85,Storm,0.602,6,0.23,800,Economy,Morning Rush,Saturday,113.943,36.635,113.943,5220.1,0,2024-11-30 08:00:00
SHP01118,Chandigarh,Patna,Vadodara,General Network,Chandigarh_Patna,Rural,Express Van,1387,,Clear,0.254,1,0.23,1000,Economy,Morning Rush,Saturday,36.228,39.008,36.228,565.6,0,2024-07-06 07:00:00
SHP01119,Vadodara,Jaipur,Chennai,General Network,Vadodara_Jaipur,Expressway,Carting Vehicle,745,0.5,Heavy Rain,0.488,6,0.47,750,Same-Day,Midday,Tuesday,24.742,14.63,24.742,857.2,1,2024-01-09 10:00:00
SHP01120,Pune,Ahmedabad,,General Network,Pune_Ahmedabad,Highway,Carting Vehicle,364,0.28,Cloudy,0.38,3,0.53,2800,Standard,Evening Rush,Saturday,10.301,10.712,10.301,254.0,0,2024-01-06 20:00:00
SHP01121,Hyderabad,Coimbatore,,General Network,Hyderabad_Coimbatore,Mixed,Express Van,1241,0.32,Fog,0.512,1,0.8,3800,Same-Day,Afternoon,Friday,30.069,24.0,30.069,725.0,1,2024-10-11 14:00:00
SHP01122,Kolkata,Jaipur,,General Network,Kolkata_Jaipur,Highway,Carting Vehicle,395,0.14,Cloudy,0.336,3,0.63,3200,Same-Day,Morning Rush,Tuesday,8.615,13.227,8.615,121.9,0,2024-01-09 08:00:00
SHP01123,Kolkata,Pune,Surat,General Network,Kolkata_Pune,City Road,Express Van,1790,0.15,Rain,0.43,5,0.85,3200,Standard,Evening Rush,Saturday,72.516,62.14,72.516,1682.6,1,2024-08-31 21:00:00
SHP01124,Bhopal,Chennai,Bangalore,General Network,Bhopal_Chennai,Mixed,Express Van,1045,0.15,Fog,0.286,4,0.49,1200,Express,Midday,Wednesday,24.965,23.843,24.965,589.2,0,2024-08-28 10:00:00
SHP01125,Kolkata,Hyderabad,,General Network,Kolkata_Hyderabad,Rural,Container,2284,0.8,Fog,0.668,3,0.47,3200,Standard,Midday,Tuesday,148.772,72.0,148.772,5343.6,1,2024-05-07 12:00:00
SHP01126,Bangalore,Pune,,General Network,Bangalore_Pune,Highway,FTL Truck,2185,0.98,Cloudy,0.708,3,0.3,4200,Standard,Morning Rush,Wednesday,54.497,39.26,54.497,1631.1,0,2024-07-31 07:00:00
SHP01127,Bangalore,Chandigarh,,General Network,Bangalore_Chandigarh,Highway,FTL Truck,720,0.82,Heavy Rain,0.872,4,0.95,4200,Same-Day,Morning Rush,Tuesday,24.783,13.413,24.783,947.0,1,2024-06-11 09:00:00
SHP01128,Kolkata,Pune,Indore,General Network,Kolkata_Pune,City Road,Express Van,750,0.32,Heavy Rain,0.452,1,0.65,3200,Economy,Midday,Thursday,47.693,25.801,47.693,1743.6,0,2024-07-11 11:00:00
SHP01129,Jaipur,Vadodara,,General Network,Jaipur_Vadodara,Expressway,FTL Truck,1285,0.72,Cloudy,0.772,1,0.85,2200,Express,Night,Thursday,23.163,21.947,23.163,578.2,0,2024-09-12 22:00:00
SHP01130,Surat,Mumbai,,General Network,Surat_Mumbai,Rural,Carting Vehicle,1658,0.11,Heavy Rain,0.266,5,0.5,1800,Standard,Midday,Sunday,98.299,67.928,98.299,2950.4,1,2024-06-09 12:00:00
SHP01131,Patna,Coimbatore,,General Network,Patna_Coimbatore,Rural,Mini Truck,1402,0.48,Fog,0.58,1,0.73,1100,Express,Afternoon,Friday,67.186,48.0,67.186,1954.1,1,2024-03-22 17:00:00
SHP01132,Mumbai,Patna,Chandigarh,General Network,Mumbai_Patna,Highway,Container,216,0.18,Heavy Rain,0.448,1,0.85,5000,Same-Day,Morning Rush,Sunday,6.984,5.733,6.984,228.4,0,2024-05-26 09:00:00
SHP01133,Pune,Delhi,,General Network,Pune_Delhi,City Road,Express Van,1059,0.78,Fog,0.772,3,0.76,2800,Same-Day,Afternoon,Thursday,56.352,24.0,56.352,1802.5,1,2024-11-14 15:00:00
SHP01134,Kolkata,Delhi,Vadodara,Northern-Eastern Corridor,Kolkata_Delhi,Expressway,Express Van,2358,0.7,Heavy Rain,0.7,0,0.7,3200,Standard,Morning Rush,Sunday,60.7,29.486,60.7,2347.0,0,2024-12-01 07:00:00
SHP01135,Ahmedabad,Kolkata,,General Network,Ahmedabad_Kolkata,Highway,Carting Vehicle,792,0.87,Storm,0.634,6,0.28,2600,Standard,Midday,Wednesday,51.02,21.005,51.02,2269.2,0,2024-10-02 10:00:00
SHP01136,Vizag,Bhopal,,General Network,Vizag_Bhopal,Mixed,Express Van,562,0.9,Heavy Rain,0.652,4,0.28,850,Economy,Afternoon,Friday,29.2,11.822,29.2,1263.3,0,2024-06-07 15:00:00
SHP01137,Mumbai,Bangalore,,Western-Southern Corridor,Mumbai_Bangalore,Expressway,Mini Truck,1397,0.67,Cloudy,0.634,6,0.58,5000,Economy,Afternoon,Tuesday,33.194,26.024,33.194,1011.3,0,2024-07-23 15:00:00
SHP01138,Chennai,Patna,Lucknow,General Network,Chennai_Patna,City Road,Carting Vehicle,684,0.2,Cloudy,0.244,3,0.31,3500,Same-Day,Morning Rush,Friday,29.338,24.0,29.338,196.9,1,2024-02-02 07:00:00
SHP01139,Vizag,Pune,,General Network,Vizag_Pune,Highway,Container,543,0.93,Rain,0.818,6,0.65,850,Economy,Afternoon,Thursday,24.898,13.733,24.898,1014.8,0,2024-10-31 14:00:00
SHP01140,Coimbatore,Chennai,Indore,General Network,Coimbatore_Chennai,City Road,FTL Truck,1876,0.76,Fog,0.544,1,0.22,900,Express,Morning Rush,Friday,119.952,48.0,119.952,3981.1,1,2024-12-27 06:00:00
SHP01141,Pune,Kolkata,,General Network,Pune_Kolkata,Mixed,Container,1437,0.46,Rain,0.636,0,0.9,2800,Express,Morning Rush,Tuesday,50.746,41.226,50.746,1354.2,1,2024-10-08 06:00:00
SHP01142,Vizag,Kolkata,,General Network,Vizag_Kolkata,Expressway,Container,1744,0.79,Fog,0.574,3,0.25,850,Express,Midday,Sunday,50.655,30.906,50.655,1743.5,1,2024-08-11 13:00:00
SHP01143,Kolkata,Kochi,Chennai,General Network,Kolkata_Kochi,City Road,Carting Vehicle,453,0.29,Fog,0.41,5,0.59,3200,Economy,Midday,Thursday,37.33,26.68,37.33,1204.4,0,2024-07-25 11:00:00
SHP01144,Ahmedabad,Patna,,General Network,Ahmedabad_Patna,Mixed,FTL Truck,2161,0.98,Rain,0.728,5,0.35,2600,Standard,Night,Tuesday,91.236,50.257,91.236,3313.1,1,2024-02-20 22:00:00
SHP01145,Ahmedabad,Indore,,General Network,Ahmedabad_Indore,City Road,Container,186,,Heavy Rain,0.626,6,0.77,2600,Standard,Afternoon,Monday,19.369,10.818,19.369,787.0,0,2024-11-18 17:00:00
SHP01146,Kolkata,Mumbai,Chandigarh,General Network,Kolkata_Mumbai,Mixed,Express Van,2031,0.32,Fog,0.296,1,0.26,3200,Standard,Morning Rush,Saturday,56.311,41.108,56.311,1612.6,0,2024-09-14 09:00:00
SHP01147,Kochi,Vizag,,General Network,Kochi_Vizag,City Road,Express Van,157,0.69,Fog,0.55,5,0.34,800,Same-Day,Afternoon,Thursday,9.883,8.206,9.883,359.0,0,2024-03-28 17:00:00
SHP01148,Chennai,Kolkata,,General Network,Chennai_Kolkata,Rural,Express Van,1506,0.66,Heavy Rain,0.664,1,0.67,3500,Express,Morning Rush,Thursday,73.897,40.573,73.897,2687.7,1,2024-11-21 06:00:00
SHP01149,Lucknow,Hyderabad,,General Network,Lucknow_Hyderabad,Mixed,Mini Truck,1794,0.34,Fog,0.436,6,0.58,2000,Standard,Morning Rush,Thursday,66.816,46.664,66.816,2015.6,0,2024-09-05 06:00:00
SHP01150,Vizag,Patna,,General Network,Vizag_Patna,Rural,Express Van,2436,0.6,Storm,0.66,6,0.75,850,Economy,Night,Thursday,174.146,64.23,174.146,7624.4,1,2024-11-07 22:00:00
SHP01151,Chennai,Patna,Mumbai,General Network,Chennai_Patna,Expressway,Mini Truck,1749,0.57,Cloudy,0.622,1,0.7,3500,Same-Day,Afternoon,Monday,29.182,24.0,29.182,523.6,1,2024-01-15 14:00:00
SHP01152,Vadodara,Kolkata,Kochi,General Network,Vadodara_Kolkata,Mixed,Express Van,776,0.97,Heavy Rain,0.698,0,0.29,750,Standard,Morning Rush,Tuesday,36.226,17.207,36.226,1498.8,0,2024-05-28 07:00:00
SHP01153,Kolkata,Lucknow,,General Network,Kolkata_Lucknow,Mixed,Container,2326,0.19,Rain,0.266,4,0.38,3200,Same-Day,Midday,Thursday,64.602,24.0,64.602,1139.7,1,2024-10-03 13:00:00
SHP01154,Chandigarh,Jaipur,,General Network,Chandigarh_Jaipur,Highway,Mini Truck,1934,0.99,Fog,0.75,1,0.39,1000,Same-Day,Afternoon,Friday,61.807,24.0,61.807,2096.8,1,2024-12-13 17:00:00
SHP01155,Indore,Chennai,,General Network,Indore_Chennai,Mixed,Carting Vehicle,1684,0.12,Fog,0.46,2,0.97,1400,Same-Day,Afternoon,Friday,52.976,24.0,52.976,933.2,1,2024-12-06 15:00:00
SHP01156,Kochi,Delhi,Lucknow,General Network,Kochi_Delhi,Mixed,FTL Truck,224,0.58,Heavy Rain,0.48,5,0.33,800,Standard,Morning Rush,Wednesday,11.196,7.564,11.196,447.8,0,2024-12-18 09:00:00
SHP01157,Lucknow,Surat,Bhopal,General Network,Lucknow_Surat,Rural,Mini Truck,2393,0.54,Cloudy,0.616,3,,2000,Standard,Morning Rush,Tuesday,95.021,72.0,95.021,2156.1,1,2024-03-05 09:00:00
SHP01158,Vadodara,Bhopal,,General Network,Vadodara_Bhopal,Expressway,Mini Truck,827,0.79,Cloudy,0.614,6,0.35,750,Same-Day,Afternoon,Thursday,17.427,14.436,17.427,465.3,0,2024-11-21 15:00:00
SHP01159,Mumbai,Lucknow,Vizag,General Network,Mumbai_Lucknow,Expressway,Mini Truck,1436,0.37,Rain,0.394,6,0.43,5000,Economy,Midday,Sunday,36.816,26.13,36.816,1201.3,0,2024-04-28 13:00:00
SHP01160,Bangalore,Kolkata,,General Network,Bangalore_Kolkata,Rural,Carting Vehicle,310,0.19,Rain,0.418,6,0.76,4200,Same-Day,Morning Rush,Friday,15.925,15.574,15.925,404.4,0,2024-02-16 08:00:00
SHP01161,Chandigarh,Ahmedabad,Indore,General Network,Chandigarh_Ahmedabad,City Road,Mini Truck,2329,0.24,Storm,0.472,4,0.82,1000,Economy,Afternoon,Tuesday,219.503,98.416,219.503,8734.0,1,2024-04-02 15:00:00
SHP01162,Hyderabad,Nagpur,Bangalore,General Network,Hyderabad_Nagpur,Highway,Container,1921,0.39,Heavy Rain,0.43,0,0.49,3800,Standard,Morning Rush,Friday,67.152,39.841,67.152,2334.1,0,2024-11-22 07:00:00
SHP01163,Jaipur,Chandigarh,Surat,General Network,Jaipur_Chandigarh,Expressway,Mini Truck,1549,0.31,Rain,0.382,1,0.49,2200,Same-Day,Morning Rush,Saturday,27.801,24.0,27.801,581.1,1,2024-08-24 09:00:00
SHP01164,Kochi,Patna,,General Network,Kochi_Patna,City Road,Container,2205,0.28,Rain,0.356,3,0.47,800,Same-Day,Morning Rush,Saturday,108.327,24.0,108.327,2052.6,1,2024-08-03 08:00:00
SHP01165,Bangalore,Ahmedabad,Vadodara,General Network,Bangalore_Ahmedabad,City Road,Mini Truck,2282,0.94,Storm,0.808,4,0.61,4200,Express,Morning Rush,Wednesday,259.199,48.0,259.199,11205.3,1,2024-04-10 06:00:00
SHP01166,Bhopal,Kolkata,,General Network,Bhopal_Kolkata,Rural,Express Van,1773,0.26,Storm,0.38,2,0.56,1200,Standard,Evening Rush,Thursday,92.498,46.849,92.498,3494.2,1,2024-04-25 21:00:00
SHP01167,Coimbatore,Delhi,,General Network,Coimbatore_Delhi,Highway,Express Van,1247,0.48,Fog,0.52,2,0.58,900,Standard,Morning Rush,Monday,29.279,19.271,29.279,943.5,0,2024-07-22 08:00:00
SHP01168,Ahmedabad,Pune,Vadodara,General Network,Ahmedabad_Pune,Expressway,Mini Truck,334,0.67,Cloudy,0.618,2,0.54,2600,Same-Day,Morning Rush,Friday,7.052,6.194,7.052,188.8,0,2024-01-19 09:00:00
SHP01169,Surat,Coimbatore,,General Network,Surat_Coimbatore,City Road,Container,1484,0.92,Fog,0.9,5,0.87,1800,Standard,Midday,Monday,131.178,67.009,131.178,4877.8,1,2024-05-27 11:00:00
SHP01170,Indore,Jaipur,Bhopal,General Network,Indore_Jaipur,Mixed,Container,1992,0.78,Fog,0.836,5,0.92,1400,Same-Day,Evening Rush,Monday,82.801,24.0,82.801,2624.5,1,2024-07-08 21:00:00
SHP01171,Coimbatore,Hyderabad,,General Network,Coimbatore_Hyderabad,Mixed,Container,2500,0.15,Storm,0.214,3,0.31,900,Standard,Afternoon,Monday,122.849,68.08,122.849,4429.8,1,2024-03-11 15:00:00
SHP01172,Pune,Chandigarh,,General Network,Pune_Chandigarh,Highway,Express Van,1432,0.78,Heavy Rain,0.716,2,0.62,2800,Standard,Midday,Wednesday,46.828,22.059,46.828,1875.8,0,2024-09-11 11:00:00
SHP01173,Indore,Vizag,Surat,General Network,Indore_Vizag,Highway,Carting Vehicle,1506,0.67,Clear,0.55,4,0.37,1400,Express,Morning Rush,Sunday,37.711,37.574,37.711,756.7,0,2024-09-08 08:00:00
SHP01174,Kochi,Mumbai,,General Network,Kochi_Mumbai,Highway,FTL Truck,1381,0.5,Storm,0.564,2,0.66,800,Express,Midday,Tuesday,50.373,25.133,50.373,1986.6,1,2024-04-16 13:00:00
SHP01175,Nagpur,Bangalore,Vadodara,General Network,Nagpur_Bangalore,Rural,Mini Truck,1396,0.97,Storm,0.666,6,0.21,1600,Standard,Morning Rush,Saturday,136.29,48.113,136.29,6109.2,1,2024-10-26 08:00:00
SHP01176,Hyderabad,Vadodara,,General Network,Hyderabad_Vadodara,Expressway,Express Van,289,0.41,Rain,0.402,3,0.39,3800,Express,Night,Wednesday,5.427,7.744,5.427,166.9,0,2024-02-21 22:00:00
SHP01177,Delhi,Surat,Bhopal,General Network,Delhi_Surat,Rural,Express Van,386,0.29,,0.402,3,0.57,4800,Express,Evening Rush,Tuesday,10.432,13.727,10.432,178.4,0,2024-03-12 20:00:00
SHP01178,Coimbatore,Indore,Lucknow,General Network,Coimbatore_Indore,Mixed,Express Van,149,0.32,Cloudy,0.468,5,0.69,900,Express,Morning Rush,Thursday,4.773,7.303,4.773,156.8,0,2024-08-08 08:00:00
SHP01179,Patna,Ahmedabad,,General Network,Patna_Ahmedabad,Highway,Mini Truck,2417,0.84,Storm,0.66,3,0.39,1100,Same-Day,Morning Rush,Friday,106.603,24.0,106.603,4382.0,1,2024-12-13 07:00:00
SHP01180,Coimbatore,Ahmedabad,Lucknow,General Network,Coimbatore_Ahmedabad,Expressway,Mini Truck,1831,0.13,Heavy Rain,0.21,4,0.33,900,Express,Night,Sunday,40.917,29.837,40.917,1170.1,0,2024-03-31 22:00:00
SHP01181,Jaipur,Bangalore,Vadodara,General Network,Jaipur_Bangalore,Expressway,FTL Truck,939,0.66,,0.7,2,0.76,2200,Standard,Morning Rush,Wednesday,17.095,14.912,17.095,432.7,0,2024-07-10 09:00:00
SHP01182,Vizag,Mumbai,,General Network,Vizag_Mumbai,City Road,FTL Truck,1817,0.34,Heavy Rain,0.44,1,0.59,850,Express,Afternoon,Wednesday,110.279,48.0,110.279,3501.9,1,2024-11-20 14:00:00
SHP01183,Patna,Chennai,,General Network,Patna_Chennai,Mixed,Container,2462,0.39,Fog,0.382,0,0.37,1100,Express,Morning Rush,Tuesday,87.373,48.0,87.373,2345.9,1,2024-12-03 06:00:00
SHP01184,Kolkata,Vizag,,General Network,Kolkata_Vizag,Mixed,Express Van,553,0.88,Rain,0.848,2,,3200,Economy,Midday,Tuesday,23.333,13.569,23.333,919.1,0,2024-08-20 10:00:00
SHP01185,Chennai,Chandigarh,,General Network,Chennai_Chandigarh,Rural,Mini Truck,536,0.83,Cloudy,0.886,0,0.97,3500,Standard,Midday,Wednesday,25.588,18.345,25.588,741.2,0,2024-06-05 12:00:00
SHP01186,Coimbatore,Bangalore,Lucknow,General Network,Coimbatore_Bangalore,Mixed,Container,2191,0.52,Heavy Rain,0.6,2,0.72,900,Express,Evening Rush,Saturday,101.588,48.0,101.588,3517.6,1,2024-08-31 20:00:00
SHP01187,Chennai,Jaipur,Pune,General Network,Chennai_Jaipur,Highway,Container,902,0.92,Fog,0.932,2,0.95,3500,Standard,Afternoon,Saturday,36.931,18.755,36.931,1420.0,0,2024-03-09 17:00:00
SHP01188,Delhi,Lucknow,Vizag,UP Corridor,Delhi_Lucknow,Highway,Carting Vehicle,1566,0.9,Storm,0.816,5,0.69,4800,Express,Morning Rush,Saturday,92.867,37.962,92.867,4006.0,1,2024-02-03 06:00:00
SHP01189,Kochi,Jaipur,,General Network,Kochi_Jaipur,Highway,Carting Vehicle,2340,0.34,Fog,0.604,1,1.0,800,Express,Midday,Thursday,69.558,48.0,69.558,1833.5,1,2024-03-14 10:00:00
SHP01190,Vizag,Patna,,General Network,Vizag_Patna,Highway,Carting Vehicle,2458,0.77,Fog,0.858,6,0.99,850,Economy,Afternoon,Tuesday,113.367,54.569,113.367,4344.0,0,2024-09-10 15:00:00
SHP01191,Kolkata,Surat,Patna,General Network,Kolkata_Surat,Highway,Carting Vehicle,293,0.48,Rain,0.404,6,0.29,3200,Express,Morning Rush,Saturday,10.091,8.209,10.091,312.5,0,2024-08-31 06:00:00
SHP01192,Patna,Kolkata,Coimbatore,Eastern Corridor,Patna_Kolkata,Highway,FTL Truck,1707,0.64,Cloudy,0.712,1,0.82,1100,Standard,Morning Rush,Sunday,36.563,30.18,36.563,913.5,0,2024-07-28 06:00:00
SHP01193,Chandigarh,Surat,Bangalore,General Network,Chandigarh_Surat,Highway,Mini Truck,2386,0.32,Clear,0.38,6,0.47,1000,Standard,Evening Rush,Thursday,43.224,47.091,43.224,605.1,0,2024-01-18 20:00:00
SHP01194,Chennai,Ahmedabad,,General Network,Chennai_Ahmedabad,Mixed,Container,2119,0.53,Heavy Rain,0.422,3,0.26,3500,Standard,Afternoon,Monday,107.316,58.308,107.316,3946.0,1,2024-06-10 14:00:00
SHP01195,Chennai,Coimbatore,,General Network,Chennai_Coimbatore,Highway,Container,134,0.83,Fog,0.886,3,0.97,3500,Express,Afternoon,Monday,6.862,6.862,6.862,293.5,0,2024-06-03 15:00:00
SHP01196,Hyderabad,Pune,Coimbatore,General Network,Hyderabad_Pune,Rural,Mini Truck,1190,0.11,Cloudy,0.254,1,0.47,3800,Standard,Afternoon,Tuesday,36.263,42.944,36.263,412.8,0,2024-01-09 14:00:00
SHP01197,Chandigarh,Kolkata,,General Network,Chandigarh_Kolkata,Expressway,Carting Vehicle,1546,0.71,Fog,0.642,5,0.54,1000,Standard,Morning Rush,Sunday,52.825,31.07,52.825,1867.6,0,2024-06-02 06:00:00
SHP01198,Hyderabad,Lucknow,Chandigarh,General Network,Hyderabad_Lucknow,Rural,Container,624,0.59,Storm,0.47,0,0.29,3800,Same-Day,Morning Rush,Tuesday,45.267,23.487,45.267,1737.2,1,2024-10-01 08:00:00
SHP01199,Vizag,Indore,Kochi,General Network,Vizag_Indore,Rural,Express Van,1813,0.53,Storm,0.534,4,0.54,850,Economy,Evening Rush,Saturday,124.495,48.646,124.495,5367.7,1,2024-06-08 20:00:00
SHP01200,Ahmedabad,Chandigarh,,General Network,Ahmedabad_Chandigarh,Mixed,Container,2411,0.13,Clear,0.25,6,0.43,2600,Standard,Night,Saturday,53.905,62.658,53.905,397.8,0,2024-10-19 22:00:00
SHP01201,Pune,Bhopal,,General Network,Pune_Bhopal,Mixed,Carting Vehicle,2310,0.81,Storm,0.878,2,0.98,2800,Express,Night,Wednesday,172.766,48.0,172.766,7285.9,1,2024-04-24 22:00:00
SHP01202,Jaipur,Patna,Mumbai,General Network,Jaipur_Patna,City Road,Carting Vehicle,2102,0.16,Cloudy,0.228,5,0.33,2200,Standard,Midday,Tuesday,101.913,72.0,101.913,1310.2,1,2024-04-16 12:00:00
SHP01203,Mumbai,Kochi,Bhopal,General Network,Mumbai_Kochi,Mixed,Express Van,1097,0.77,Heavy Rain,0.862,3,1.0,5000,Express,Morning Rush,Friday,43.362,24.781,43.362,1647.8,0,2024-02-16 09:00:00
SHP01204,Mumbai,Delhi,,Western Corridor,Mumbai_Delhi,Mixed,Container,1050,0.78,Clear,0.748,6,0.7,5000,Economy,Evening Rush,Thursday,40.333,29.592,40.333,1184.7,0,2024-10-24 20:00:00
SHP01205,Vadodara,Delhi,Jaipur,General Network,Vadodara_Delhi,Expressway,Express Van,2350,0.59,Clear,0.702,0,0.87,750,Same-Day,Night,Monday,27.576,24.0,27.576,364.0,1,2024-10-28 22:00:00
SHP01206,Ahmedabad,Patna,,General Network,Ahmedabad_Patna,Highway,Mini Truck,1388,0.17,Clear,0.214,0,0.28,2600,Express,Afternoon,Sunday,20.54,27.539,20.54,75.7,0,2024-05-12 16:00:00
SHP01207,Kochi,Lucknow,Jaipur,General Network,Kochi_Lucknow,City Road,Express Van,1579,0.82,Clear,0.784,0,0.73,800,Express,Afternoon,Monday,60.244,48.0,60.244,1260.8,1,2024-10-21 14:00:00
SHP01208,Indore,Patna,,General Network,Indore_Patna,Expressway,FTL Truck,153,0.15,Cloudy,0.214,5,0.31,1400,Standard,Midday,Monday,4.404,3.46,4.404,167.6,0,2024-09-16 10:00:00
SHP01209,Ahmedabad,Vizag,,General Network,Ahmedabad_Vizag,Expressway,FTL Truck,250,0.23,Fog,0.502,1,0.91,2600,Same-Day,Midday,Tuesday,5.081,8.04,5.081,146.9,0,2024-08-27 13:00:00
SHP01210,Nagpur,Pune,Chennai,General Network,Nagpur_Pune,Expressway,Carting Vehicle,1291,0.41,Rain,0.47,0,0.56,1600,Express,Afternoon,Tuesday,31.334,27.641,31.334,792.9,0,2024-03-12 16:00:00
SHP01211,Bhopal,Bangalore,Kolkata,General Network,Bhopal_Bangalore,City Road,Express Van,1715,0.61,Storm,0.538,6,0.43,1200,Same-Day,Morning Rush,Sunday,121.423,24.0,121.423,4728.9,1,2024-07-28 06:00:00
SHP01212,Vizag,Ahmedabad,Bangalore,General Network,Vizag_Ahmedabad,Mixed,FTL Truck,811,0.13,Cloudy,0.39,5,0.78,850,Economy,Evening Rush,Sunday,21.223,21.512,21.223,462.4,0,2024-11-17 19:00:00
SHP01213,Hyderabad,Mumbai,,General Network,Hyderabad_Mumbai,Rural,FTL Truck,1425,0.55,Fog,0.546,6,0.54,3800,Same-Day,Morning Rush,Sunday,61.648,24.0,61.648,1798.9,1,2024-07-14 07:00:00
SHP01214,Lucknow,Kolkata,,General Network,Lucknow_Kolkata,City Road,Carting Vehicle,189,0.87,Heavy Rain,0.698,6,0.44,2000,Economy,Midday,Thursday,26.501,10.387,26.501,1158.1,0,2024-09-12 12:00:00
SHP01215,Lucknow,Coimbatore,Mumbai,General Network,Lucknow_Coimbatore,City Road,Express Van,1792,0.6,Rain,0.576,3,0.54,2000,Express,Midday,Thursday,86.421,48.0,86.421,2513.9,1,2024-08-22 11:00:00
SHP01216,Coimbatore,Indore,,General Network,Coimbatore_Indore,Expressway,Express Van,629,0.94,Storm,0.896,1,0.83,900,Economy,Evening Rush,Wednesday,26.06,10.97,26.06,1218.1,0,2024-08-14 19:00:00
SHP01217,Patna,Vizag,,General Network,Patna_Vizag,Rural,Mini Truck,2451,0.52,Fog,0.416,1,0.26,1100,Same-Day,Afternoon,Wednesday,110.669,24.0,110.669,3009.0,1,2024-09-18 15:00:00
SHP01218,Chandigarh,Lucknow,,General Network,Chandigarh_Lucknow,City Road,Express Van,318,0.88,Cloudy,0.868,2,0.85,1000,Express,Midday,Monday,15.817,14.286,15.817,475.0,0,2024-10-07 10:00:00
SHP01219,Hyderabad,Bangalore,,General Network,Hyderabad_Bangalore,Rural,Express Van,1557,0.64,Storm,0.704,1,0.8,3800,Economy,Morning Rush,Friday,113.434,41.219,113.434,5000.8,0,2024-05-24 08:00:00
SHP01220,Chennai,Coimbatore,,General Network,Chennai_Coimbatore,City Road,Container,1851,0.23,Fog,0.298,6,0.4,3500,Standard,Night,Monday,112.504,72.0,112.504,3017.1,1,2024-05-27 22:00:00
SHP01221,Coimbatore,Kolkata,Indore,General Network,Coimbatore_Kolkata,Highway,Container,1755,0.82,Fog,0.744,3,0.63,900,Same-Day,Morning Rush,Wednesday,56.514,24.0,56.514,1842.3,1,2024-04-03 08:00:00
SHP01222,Lucknow,Pune,Kochi,General Network,Lucknow_Pune,Rural,Carting Vehicle,307,0.88,Clear,0.644,3,0.29,2000,Express,Evening Rush,Thursday,15.378,14.521,15.378,376.9,0,2024-05-02 21:00:00
SHP01223,Indore,Delhi,,General Network,Indore_Delhi,Highway,FTL Truck,1944,1.0,Cloudy,0.744,4,0.36,1400,Express,Morning Rush,Tuesday,46.544,32.948,46.544,1334.7,0,2024-05-21 07:00:00
SHP01224,Pune,Surat,,General Network,Pune_Surat,Expressway,FTL Truck,2026,0.78,Clear,0.708,0,0.6,2800,Express,Evening Rush,Monday,32.582,29.144,32.582,675.3,0,2024-11-18 18:00:00
SHP01225,Hyderabad,Indore,Kochi,General Network,Hyderabad_Indore,Mixed,FTL Truck,2024,0.62,Clear,0.544,5,0.43,3800,Same-Day,Afternoon,Monday,44.912,24.0,44.912,670.7,1,2024-08-12 16:00:00
SHP01226,Kolkata,Chennai,,General Network,Kolkata_Chennai,Highway,Container,2220,0.58,Heavy Rain,0.704,3,0.89,3200,Express,Midday,Monday,81.321,45.836,81.321,2920.4,1,2024-01-29 13:00:00
SHP01227,Bhopal,Chennai,,General Network,Bhopal_Chennai,Expressway,Container,948,0.52,Clear,0.66,1,0.87,1200,Standard,Midday,Saturday,18.262,18.224,18.262,391.3,0,2024-03-02 12:00:00
SHP01228,Ahmedabad,Delhi,Surat,General Network,Ahmedabad_Delhi,Expressway,FTL Truck,2351,0.26,Heavy Rain,0.328,0,0.43,2600,Standard,Morning Rush,Wednesday,54.208,37.053,54.208,1767.7,0,2024-01-17 06:00:00
SHP01229,Lucknow,Pune,Vizag,General Network,Lucknow_Pune,City Road,Carting Vehicle,2478,0.25,Cloudy,0.494,3,0.86,2000,Economy,Afternoon,Wednesday,141.488,120.0,141.488,2825.3,1,2024-08-21 14:00:00
SHP01230,Mumbai,Bhopal,Hyderabad,General Network,Mumbai_Bhopal,Expressway,FTL Truck,2470,0.49,Storm,0.594,1,0.75,5000,Same-Day,Afternoon,Thursday,68.911,24.0,68.911,2574.6,1,2024-02-15 16:00:00
SHP01231,Bhopal,Lucknow,,General Network,Bhopal_Lucknow,City Road,FTL Truck,1572,0.53,Heavy Rain,0.402,1,0.21,1200,Standard,Afternoon,Thursday,115.62,62.96,115.62,4242.3,1,2024-03-21 15:00:00
SHP01232,Chennai,Kochi,,General Network,Chennai_Kochi,City Road,Express Van,983,0.59,Fog,0.526,0,0.43,3500,Express,Morning Rush,Sunday,49.806,35.703,49.806,1523.0,1,2024-11-03 08:00:00
SHP01233,Surat,Ahmedabad,Vadodara,General Network,Surat_Ahmedabad,Highway,Express Van,1608,0.92,Cloudy,0.752,5,0.5,1800,Standard,Afternoon,Sunday,36.02,24.646,36.02,1112.5,0,2024-11-10 16:00:00
SHP01234,Bangalore,Chennai,,Southern Corridor,Bangalore_Chennai,Highway,FTL Truck,1818,0.89,Rain,0.702,3,0.42,4200,Standard,Evening Rush,Saturday,56.336,32.565,56.336,2016.7,0,2024-10-26 19:00:00
SHP01235,Chennai,Nagpur,,General Network,Chennai_Nagpur,Expressway,Express Van,674,0.77,Cloudy,0.834,0,0.93,3500,Same-Day,Afternoon,Monday,10.853,9.414,10.853,281.0,0,2024-04-29 17:00:00
SHP01236,Chandigarh,Vizag,,General Network,Chandigarh_Vizag,Highway,Express Van,304,0.24,Rain,0.496,5,0.88,1000,Same-Day,Afternoon,Tuesday,6.873,6.829,6.873,214.1,0,2024-03-19 15:00:00
SHP01237,Bhopal,Nagpur,,General Network,Bhopal_Nagpur,Rural,Mini Truck,497,0.23,Heavy Rain,0.334,3,0.49,1200,Economy,Evening Rush,Tuesday,30.428,18.49,30.428,1089.4,0,2024-05-14 21:00:00
SHP01238,Ahmedabad,Coimbatore,,General Network,Ahmedabad_Coimbatore,Highway,Mini Truck,156,0.39,Cloudy,0.626,4,0.98,2600,Standard,Night,Monday,5.774,4.108,5.774,216.4,0,2024-06-03 22:00:00
SHP01239,Patna,Kolkata,,Eastern Corridor,Patna_Kolkata,Expressway,Container,1728,0.26,Clear,0.32,6,0.41,1100,Express,Evening Rush,Wednesday,25.609,32.155,25.609,252.6,0,2024-01-24 20:00:00
SHP01240,Jaipur,Hyderabad,,General Network,Jaipur_Hyderabad,Highway,Carting Vehicle,946,0.23,Heavy Rain,0.522,6,0.96,2200,Economy,Evening Rush,Saturday,40.332,25.18,40.332,1473.9,0,2024-08-31 19:00:00
SHP01241,Nagpur,Hyderabad,,General Network,Nagpur_Hyderabad,City Road,Container,219,0.85,Fog,0.786,3,0.69,1600,Economy,Afternoon,Tuesday,23.234,11.505,23.234,952.4,0,2024-01-30 16:00:00
SHP01242,Ahmedabad,Lucknow,,General Network,Ahmedabad_Lucknow,Highway,Container,2034,0.95,Rain,0.842,1,0.68,2600,Standard,Evening Rush,Sunday,74.905,43.713,74.905,2699.6,1,2024-06-16 20:00:00
SHP01243,Jaipur,Mumbai,,General Network,Jaipur_Mumbai,Rural,Mini Truck,2008,0.51,Cloudy,0.622,4,0.79,2200,Same-Day,Midday,Monday,67.908,24.0,67.908,1099.7,1,2024-01-15 13:00:00
SHP01244,Coimbatore,Jaipur,,General Network,Coimbatore_Jaipur,City Road,Carting Vehicle,1958,0.87,Cloudy,0.842,1,0.8,900,Economy,Midday,Monday,157.565,98.669,157.565,4978.5,1,2024-11-25 10:00:00
SHP01245,Chennai,Bangalore,,Southern Corridor,Chennai_Bangalore,Expressway,Mini Truck,1822,0.65,Rain,0.778,0,0.97,3500,Economy,Evening Rush,Friday,51.281,29.159,51.281,1798.3,0,2024-05-17 18:00:00
SHP01246,Ahmedabad,Delhi,Surat,General Network,Ahmedabad_Delhi,Rural,Mini Truck,824,0.96,Cloudy,0.66,4,0.21,2600,Standard,Morning Rush,Friday,40.295,29.102,40.295,1197.0,0,2024-10-18 06:00:00
SHP01247,Kolkata,Bhopal,,General Network,Kolkata_Bhopal,Rural,FTL Truck,1954,0.48,Heavy Rain,0.376,0,0.22,3200,Standard,Evening Rush,Tuesday,108.929,57.77,108.929,3930.4,1,2024-04-09 20:00:00
SHP01248,Delhi,Nagpur,Lucknow,General Network,Delhi_Nagpur,Highway,Container,1970,0.28,Clear,0.308,6,0.35,4800,Same-Day,Evening Rush,Tuesday,31.814,24.0,31.814,170.6,1,2024-02-27 20:00:00
SHP01249,Patna,Bhopal,Ahmedabad,General Network,Patna_Bhopal,City Road,Container,1728,0.3,Fog,0.44,5,0.65,1100,Standard,Afternoon,Tuesday,109.569,72.0,109.569,3089.1,1,2024-10-08 16:00:00
SHP01250,Vadodara,Ahmedabad,Patna,General Network,Vadodara_Ahmedabad,City Road,Mini Truck,2432,0.26,Heavy Rain,0.512,1,0.89,750,Express,Evening Rush,Saturday,155.929,48.0,155.929,4723.4,1,2024-06-01 19:00:00
SHP01251,Bhopal,Chandigarh,,General Network,Bhopal_Chandigarh,Expressway,Carting Vehicle,1346,0.51,Storm,0.438,5,0.33,1200,Same-Day,Evening Rush,Friday,52.519,24.0,52.519,2017.6,1,2024-01-12 20:00:00
SHP01252,Coimbatore,Kochi,,General Network,Coimbatore_Kochi,Expressway,Mini Truck,1771,0.77,Rain,0.858,6,0.99,900,Standard,Midday,Thursday,49.899,30.588,49.899,1751.1,0,2024-02-22 11:00:00
SHP01253,Kolkata,Pune,,General Network,Kolkata_Pune,Highway,Carting Vehicle,2426,0.66,Rain,0.564,4,0.42,3200,Same-Day,Morning Rush,Friday,75.721,24.0,75.721,2117.3,1,2024-03-29 06:00:00
SHP01254,Ahmedabad,Indore,,General Network,Ahmedabad_Indore,Highway,Express Van,330,0.92,Clear,0.888,2,0.84,2600,Express,Afternoon,Saturday,8.16,9.62,8.16,274.4,0,2024-05-25 16:00:00
SHP01255,Delhi,Jaipur,Vadodara,NCR-Rajasthan Corridor,Delhi_Jaipur,Expressway,Carting Vehicle,879,0.66,Fog,0.716,1,,4800,Same-Day,Morning Rush,Wednesday,25.271,17.567,25.271,776.1,1,2024-10-02 06:00:00
SHP01256,Ahmedabad,Chennai,,General Network,Ahmedabad_Chennai,City Road,FTL Truck,1483,0.25,Rain,0.414,3,0.66,2600,Same-Day,Midday,Sunday,62.194,24.0,62.194,1189.3,1,2024-11-10 10:00:00
SHP01257,Chennai,Kolkata,,General Network,Chennai_Kolkata,City Road,Carting Vehicle,1619,0.17,Heavy Rain,0.33,4,0.57,3500,Economy,Morning Rush,Sunday,142.742,84.647,142.742,4864.0,1,2024-11-24 08:00:00
SHP01258,Patna,Surat,,General Network,Patna_Surat,Mixed,Carting Vehicle,519,0.46,Clear,0.38,1,0.26,1100,Express,Afternoon,Sunday,15.414,16.506,15.414,232.8,0,2024-08-04 14:00:00
SHP01259,Hyderabad,Vizag,Kolkata,General Network,Hyderabad_Vizag,Expressway,FTL Truck,1830,0.91,Rain,0.67,0,0.31,3800,Economy,Afternoon,Sunday,52.971,26.675,52.971,2022.5,0,2024-09-29 14:00:00
SHP01260,Jaipur,Delhi,,NCR-Rajasthan Corridor,Jaipur_Delhi,City Road,FTL Truck,1532,0.42,Cloudy,0.404,2,0.38,2200,Standard,Morning Rush,Tuesday,65.275,60.782,65.275,1290.2,0,2024-03-12 09:00:00
SHP01261,Chennai,Surat,,General Network,Chennai_Surat,City Road,Container,2008,0.87,Storm,0.758,4,0.59,3500,Standard,Midday,Friday,253.665,72.0,253.665,11170.1,1,2024-03-08 10:00:00
SHP01262,Coimbatore,Kochi,,General Network,Coimbatore_Kochi,City Road,Express Van,818,0.73,Storm,0.69,0,0.63,900,Same-Day,Evening Rush,Thursday,60.808,24.0,60.808,2429.1,1,2024-08-08 21:00:00
SHP01263,Kochi,Pune,Vizag,General Network,Kochi_Pune,City Road,Container,492,0.63,Cloudy,0.638,2,0.65,800,Express,Evening Rush,Tuesday,27.202,24.671,27.202,639.9,0,2024-05-28 19:00:00
SHP01264,Surat,Vizag,Hyderabad,General Network,Surat_Vizag,Rural,Container,1900,0.25,,0.478,5,0.82,1800,Express,Afternoon,Tuesday,123.196,48.0,123.196,4411.4,1,2024-09-17 14:00:00
SHP01265,Kochi,Kolkata,,General Network,Kochi_Kolkata,Rural,Express Van,1694,0.76,Rain,0.56,4,0.26,800,Express,Afternoon,Wednesday,69.465,43.98,69.465,2203.8,1,2024-04-03 17:00:00
SHP01266,Indore,Kolkata,Pune,General Network,Indore_Kolkata,Rural,Container,818,0.47,Heavy Rain,0.55,2,0.67,1400,Express,Afternoon,Sunday,50.125,31.973,50.125,1724.3,1,2024-05-05 14:00:00
SHP01267,Vadodara,Mumbai,,General Network,Vadodara_Mumbai,Highway,Mini Truck,656,0.25,Fog,0.45,0,0.75,750,Economy,Afternoon,Thursday,19.074,16.201,19.074,597.8,0,2024-10-24 17:00:00
SHP01268,Kolkata,Bangalore,Nagpur,General Network,Kolkata_Bangalore,Expressway,FTL Truck,461,0.75,Rain,0.726,0,0.69,3200,Standard,Midday,Wednesday,11.231,8.112,11.231,382.7,0,2024-11-13 11:00:00
SHP01269,Patna,Bangalore,,General Network,Patna_Bangalore,Highway,Mini Truck,200,0.87,Fog,0.826,3,0.76,1100,Express,Evening Rush,Monday,8.275,6.212,8.275,329.8,0,2024-12-16 19:00:00
SHP01270,Delhi,Coimbatore,Patna,General Network,Delhi_Coimbatore,Expressway,Express Van,122,0.3,Cloudy,0.428,2,0.62,4800,Economy,Evening Rush,Saturday,2.971,3.146,2.971,111.3,0,2024-05-18 19:00:00
SHP01271,Hyderabad,Jaipur,Nagpur,General Network,Hyderabad_Jaipur,Highway,Mini Truck,1158,0.2,Cloudy,0.404,6,0.71,3800,Express,Afternoon,Thursday,22.186,24.77,22.186,366.1,0,2024-07-18 17:00:00
SHP01272,Chennai,Ahmedabad,,General Network,Chennai_Ahmedabad,Expressway,Mini Truck,2058,0.69,Cloudy,0.618,2,0.51,3500,Economy,Midday,Friday,48.273,33.979,48.273,1452.2,0,2024-12-20 12:00:00
SHP01273,Vadodara,Lucknow,Kolkata,General Network,Vadodara_Lucknow,City Road,Express Van,1443,0.89,Fog,0.874,3,0.85,750,Standard,Midday,Wednesday,93.775,50.991,93.775,3475.4,1,2024-11-13 12:00:00
SHP01274,Delhi,Pune,,General Network,Delhi_Pune,Rural,Mini Truck,2122,0.38,Fog,0.556,0,0.82,4800,Express,Night,Wednesday,94.995,48.0,94.995,2556.0,1,2024-04-10 22:00:00
SHP01275,Kochi,Jaipur,Patna,General Network,Kochi_Jaipur,Expressway,Carting Vehicle,1608,0.42,Fog,0.424,4,0.43,800,Standard,Midday,Tuesday,46.685,31.462,46.685,1447.0,0,2024-08-27 11:00:00
SHP01276,Jaipur,Bangalore,,General Network,Jaipur_Bangalore,Highway,Carting Vehicle,2070,0.55,Clear,0.518,2,0.47,2200,Same-Day,Morning Rush,Thursday,43.343,24.0,43.343,530.6,1,2024-06-13 06:00:00
SHP01277,Delhi,Vadodara,Bhopal,General Network,Delhi_Vadodara,City Road,Express Van,1767,0.7,Heavy Rain,0.516,3,0.24,4800,Standard,Morning Rush,Thursday,124.718,59.174,124.718,4849.0,1,2024-08-22 07:00:00
SHP01278,Bangalore,Kochi,,General Network,Bangalore_Kochi,Expressway,Mini Truck,642,0.33,Storm,0.41,3,0.53,4200,Same-Day,Afternoon,Sunday,19.408,14.46,19.408,713.9,0,2024-02-04 17:00:00
SHP01279,Bangalore,Vizag,Jaipur,General Network,Bangalore_Vizag,Rural,FTL Truck,799,0.23,Fog,0.37,5,0.58,4200,Standard,Evening Rush,Thursday,33.826,26.872,33.826,964.2,0,2024-11-28 18:00:00
SHP01280,Nagpur,Patna,,General Network,Nagpur_Patna,Expressway,FTL Truck,1857,0.31,Clear,0.346,2,0.4,1600,Same-Day,Evening Rush,Tuesday,21.697,24.0,21.697,129.0,0,2024-11-26 20:00:00
SHP01281,Mumbai,Bhopal,,General Network,Mumbai_Bhopal,Expressway,Container,1828,0.94,Storm,0.704,1,0.35,5000,Standard,Night,Tuesday,87.845,30.754,87.845,3912.5,1,2024-01-09 22:00:00
SHP01282,Coimbatore,Bhopal,,General Network,Coimbatore_Bhopal,Rural,Container,956,0.83,Cloudy,0.594,3,0.24,900,Same-Day,Night,Sunday,39.942,24.0,39.942,896.9,1,2024-12-22 22:00:00
SHP01283,Coimbatore,Chandigarh,,General Network,Coimbatore_Chandigarh,Expressway,Express Van,1355,0.86,Clear,0.868,5,0.88,900,Same-Day,Evening Rush,Monday,20.136,19.715,20.136,464.0,0,2024-10-14 19:00:00
SHP01284,Bangalore,Kochi,,General Network,Bangalore_Kochi,Expressway,FTL Truck,334,0.47,Storm,0.426,6,0.36,4200,Economy,Morning Rush,Thursday,13.985,9.294,13.985,628.1,0,2024-12-12 06:00:00
SHP01285,Kochi,Vadodara,Mumbai,General Network,Kochi_Vadodara,City Road,Container,606,0.83,Fog,0.874,3,0.94,800,Standard,Evening Rush,Monday,53.214,30.571,53.214,1970.6,0,2024-04-29 20:00:00
SHP01286,Vizag,Bhopal,,General Network,Vizag_Bhopal,Rural,Carting Vehicle,961,0.46,Fog,0.448,0,0.43,850,Same-Day,Midday,Wednesday,50.18,24.0,50.18,1302.3,1,2024-02-14 13:00:00
SHP01287,Lucknow,Mumbai,Surat,General Network,Lucknow_Mumbai,Highway,Container,1676,0.65,Rain,0.602,0,0.53,2000,Same-Day,Night,Sunday,45.31,24.0,45.31,1239.8,1,2024-05-12 22:00:00
SHP01288,Ahmedabad,Kochi,,General Network,Ahmedabad_Kochi,Mixed,Carting Vehicle,417,0.83,Storm,0.802,6,0.76,2600,Same-Day,Evening Rush,Wednesday,31.512,14.933,31.512,1334.7,1,2024-01-03 18:00:00
SHP01289,Jaipur,Ahmedabad,,General Network,Jaipur_Ahmedabad,Highway,FTL Truck,2468,0.44,Rain,0.616,6,0.88,2200,Standard,Morning Rush,Wednesday,62.244,44.863,62.244,1883.7,0,2024-01-24 09:00:00
SHP01290,Vadodara,Hyderabad,Kolkata,General Network,Vadodara_Hyderabad,Expressway,FTL Truck,2221,0.5,Storm,0.396,0,0.24,750,Same-Day,Evening Rush,Saturday,61.459,24.0,61.459,2284.8,1,2024-02-03 20:00:00
SHP01291,Coimbatore,Kolkata,,General Network,Coimbatore_Kolkata,Mixed,Express Van,204,0.85,Heavy Rain,0.858,2,0.87,900,Express,Evening Rush,Thursday,9.365,8.649,9.365,384.5,0,2024-04-04 20:00:00
SHP01292,Bangalore,Chennai,,Southern Corridor,Bangalore_Chennai,Expressway,Mini Truck,1663,0.94,Fog,0.864,5,0.75,4200,Standard,Morning Rush,Monday,52.444,27.853,52.444,1979.6,0,2024-01-08 07:00:00
SHP01293,Mumbai,Jaipur,Kochi,General Network,Mumbai_Jaipur,Mixed,FTL Truck,893,0.67,Clear,0.738,3,0.84,5000,Economy,Afternoon,Sunday,27.156,22.952,27.156,736.4,0,2024-11-24 14:00:00
SHP01294,Chandigarh,Mumbai,,General Network,Chandigarh_Mumbai,Highway,Express Van,1311,0.83,,0.874,1,0.94,1000,Standard,Morning Rush,Wednesday,27.024,21.156,27.024,766.4,0,2024-01-10 08:00:00
SHP01295,Hyderabad,Jaipur,Nagpur,General Network,Hyderabad_Jaipur,Expressway,FTL Truck,1953,0.26,Rain,0.528,4,0.93,3800,Express,Morning Rush,Saturday,35.485,30.321,35.485,895.6,0,2024-08-17 06:00:00
SHP01296,Ahmedabad,Bhopal,,General Network,Ahmedabad_Bhopal,Rural,FTL Truck,1836,,Cloudy,0.404,6,0.38,2600,Same-Day,Afternoon,Tuesday,53.437,24.0,53.437,758.2,1,2024-08-13 17:00:00
SHP01297,Jaipur,Mumbai,,General Network,Jaipur_Mumbai,City Road,Container,2442,0.59,Heavy Rain,0.474,6,0.3,2200,Same-Day,Midday,Monday,187.604,24.0,187.604,6331.2,1,2024-03-18 12:00:00
SHP01298,Ahmedabad,Patna,,General Network,Ahmedabad_Patna,Highway,Mini Truck,1768,0.64,Heavy Rain,0.664,4,0.7,2600,Economy,Evening Rush,Thursday,77.312,35.248,77.312,3165.4,0,2024-10-17 21:00:00
SHP01299,Kolkata,Hyderabad,Bhopal,General Network,Kolkata_Hyderabad,Highway,Container,2427,0.57,Rain,0.482,3,0.35,3200,Express,Evening Rush,Friday,67.331,48.0,67.331,1898.4,1,2024-10-18 19:00:00
SHP01300,Indore,Vadodara,,General Network,Indore_Vadodara,Mixed,Container,2340,0.92,Storm,0.824,5,0.68,1400,Express,Night,Tuesday,163.856,48.0,163.856,7078.4,1,2024-07-23 22:00:00
SHP01301,Chandigarh,Patna,Kochi,General Network,Chandigarh_Patna,Mixed,Mini Truck,2242,0.11,Cloudy,0.186,2,0.3,1000,Same-Day,Afternoon,Sunday,43.325,24.0,43.325,108.4,1,2024-02-18 16:00:00
SHP01302,Pune,Bangalore,,General Network,Pune_Bangalore,City Road,FTL Truck,1301,0.13,Cloudy,0.446,2,0.92,2800,Economy,Midday,Tuesday,51.819,51.188,51.819,878.8,0,2024-07-23 10:00:00
SHP01303,Bangalore,Surat,,General Network,Bangalore_Surat,City Road,Container,949,0.16,Clear,0.272,0,0.44,4200,Same-Day,Morning Rush,Friday,31.269,24.0,31.269,0.0,1,2024-03-08 07:00:00
SHP01304,Vizag,Bhopal,Kolkata,General Network,Vizag_Bhopal,Rural,Express Van,652,0.24,Storm,0.476,5,0.83,850,Economy,Midday,Thursday,40.404,21.257,40.404,1668.3,0,2024-11-28 10:00:00
SHP01305,Ahmedabad,Nagpur,,General Network,Ahmedabad_Nagpur,City Road,Mini Truck,1184,0.49,Clear,0.674,0,0.95,2600,Economy,Morning Rush,Sunday,59.791,53.771,59.791,1332.2,0,2024-10-06 07:00:00
SHP01306,Nagpur,Bhopal,,General Network,Nagpur_Bhopal,Mixed,FTL Truck,119,0.53,Cloudy,0.514,5,0.49,1600,Standard,Afternoon,Thursday,5.278,7.324,5.278,197.7,0,2024-08-08 16:00:00
SHP01307,Hyderabad,Surat,Vizag,General Network,Hyderabad_Surat,Highway,Express Van,1396,0.54,Rain,0.444,1,0.3,3800,Express,Morning Rush,Monday,28.409,24.128,28.409,794.1,0,2024-02-19 06:00:00
SHP01308,Chandigarh,Pune,,General Network,Chandigarh_Pune,City Road,Express Van,2448,0.16,Clear,0.312,6,0.54,1000,Economy,Morning Rush,Thursday,80.172,81.4,80.172,1161.1,0,2024-11-14 08:00:00
SHP01309,Coimbatore,Chandigarh,,General Network,Coimbatore_Chandigarh,City Road,FTL Truck,1302,0.27,Cloudy,0.478,6,0.79,900,Economy,Morning Rush,Thursday,58.171,50.444,58.171,1258.2,0,2024-08-08 06:00:00
SHP01310,Vizag,Bhopal,,General Network,Vizag_Bhopal,City Road,FTL Truck,2032,0.93,Cloudy,0.922,5,0.91,850,Same-Day,Morning Rush,Thursday,97.314,24.0,97.314,2355.4,1,2024-08-29 07:00:00
SHP01311,Vizag,Nagpur,Indore,General Network,Vizag_Nagpur,Highway,Carting Vehicle,1199,0.88,Heavy Rain,0.796,0,0.67,850,Express,Night,Sunday,57.911,29.212,57.911,2275.6,1,2024-06-30 22:00:00
SHP01312,Vizag,Bangalore,,General Network,Vizag_Bangalore,Highway,Express Van,1593,0.34,Rain,0.54,3,0.84,850,Economy,Evening Rush,Wednesday,36.322,25.103,36.322,1140.4,0,2024-11-27 21:00:00
SHP01313,Mumbai,Bangalore,Vadodara,Western-Southern Corridor,Mumbai_Bangalore,Rural,FTL Truck,594,0.75,Clear,0.634,2,0.46,5000,Express,Midday,Sunday,20.263,21.314,20.263,423.8,0,2024-10-06 10:00:00
SHP01314,Mumbai,Ahmedabad,,Gujarat-Maharashtra Corridor,Mumbai_Ahmedabad,Mixed,Carting Vehicle,1089,0.79,Heavy Rain,0.79,0,0.79,5000,Economy,Afternoon,Monday,80.257,34.679,80.257,3363.4,0,2024-12-16 14:00:00
SHP01315,Mumbai,Chandigarh,Patna,General Network,Mumbai_Chandigarh,Mixed,Carting Vehicle,1469,0.45,Fog,0.402,5,0.33,5000,Standard,Midday,Sunday,69.174,44.264,69.174,2191.8,0,2024-04-14 13:00:00
SHP01316,Hyderabad,Ahmedabad,,General Network,Hyderabad_Ahmedabad,Highway,Express Van,325,0.34,Cloudy,0.292,4,0.22,3800,Economy,Evening Rush,Saturday,6.701,9.452,6.701,190.1,0,2024-10-12 21:00:00
SHP01317,Delhi,Pune,Surat,General Network,Delhi_Pune,Highway,Container,1249,0.73,Storm,0.546,6,0.27,4800,Standard,Morning Rush,Wednesday,65.642,26.437,65.642,2836.5,0,2024-02-21 09:00:00
SHP01318,Vizag,Surat,Nagpur,General Network,Vizag_Surat,Mixed,Carting Vehicle,575,0.82,Clear,0.648,5,0.39,850,Same-Day,Midday,Tuesday,20.097,18.792,20.097,439.2,0,2024-08-20 11:00:00
SHP01319,Ahmedabad,Coimbatore,Bangalore,General Network,Ahmedabad_Coimbatore,Highway,Express Van,346,0.43,Heavy Rain,0.426,3,0.42,2600,Economy,Morning Rush,Thursday,12.175,6.676,12.175,504.8,0,2024-08-15 08:00:00
SHP01320,Vadodara,Kochi,,General Network,Vadodara_Kochi,Rural,Container,1693,0.35,Storm,0.57,3,0.9,750,Express,Evening Rush,Wednesday,116.531,48.0,116.531,4336.2,1,2024-12-25 18:00:00
SHP01321,Nagpur,Ahmedabad,,General Network,Nagpur_Ahmedabad,Highway,FTL Truck,1642,0.77,Cloudy,0.638,1,0.44,1600,Economy,Afternoon,Thursday,42.58,29.75,42.58,1323.3,0,2024-01-25 16:00:00
SHP01322,Delhi,Bhopal,Mumbai,General Network,Delhi_Bhopal,City Road,Mini Truck,268,0.31,Clear,0.53,2,0.86,4800,Economy,Evening Rush,Wednesday,13.948,12.411,13.948,326.4,0,2024-11-20 19:00:00
SHP01323,Vadodara,Vizag,,General Network,Vadodara_Vizag,Mixed,Carting Vehicle,335,0.63,Clear,0.646,1,0.67,750,Standard,Midday,Wednesday,12.29,12.034,12.29,290.7,0,2024-12-18 12:00:00
SHP01324,Patna,Nagpur,,General Network,Patna_Nagpur,Mixed,Carting Vehicle,869,0.87,Heavy Rain,0.786,6,0.66,1100,Same-Day,Midday,Tuesday,52.435,24.0,52.435,1987.4,1,2024-01-23 10:00:00
SHP01325,Patna,Nagpur,,General Network,Patna_Nagpur,Expressway,Express Van,643,0.83,Rain,0.894,4,0.99,1100,Same-Day,Midday,Monday,14.309,9.793,14.309,505.4,0,2024-06-17 13:00:00
SHP01326,Chennai,Kochi,,General Network,Chennai_Kochi,Highway,Container,2261,0.64,Storm,0.576,2,0.48,3500,Standard,Evening Rush,Tuesday,111.759,45.357,111.759,4710.5,1,2024-06-18 18:00:00
SHP01327,Kolkata,Pune,,General Network,Kolkata_Pune,Mixed,Carting Vehicle,1395,0.21,Storm,0.402,0,0.69,3200,Same-Day,Afternoon,Tuesday,68.269,24.0,68.269,2236.1,1,2024-03-12 15:00:00
SHP01328,Mumbai,Chandigarh,Indore,General Network,Mumbai_Chandigarh,Highway,Carting Vehicle,153,0.78,Rain,0.836,3,0.92,5000,Economy,Afternoon,Sunday,8.337,4.567,8.337,347.2,0,2024-09-15 17:00:00
SHP01329,Pune,Mumbai,Indore,Mumbai-Pune Expressway,Pune_Mumbai,Highway,FTL Truck,1816,0.48,Heavy Rain,0.628,2,0.85,2800,Express,Midday,Thursday,53.579,31.533,53.579,1852.8,1,2024-02-08 12:00:00
SHP01330,Lucknow,Chandigarh,Coimbatore,General Network,Lucknow_Chandigarh,Mixed,Mini Truck,961,0.97,Rain,0.898,2,0.79,2000,Standard,Morning Rush,Tuesday,45.764,27.891,45.764,1678.1,0,2024-08-27 07:00:00
SHP01331,Chennai,Vadodara,Kochi,General Network,Chennai_Vadodara,Highway,Mini Truck,1774,0.97,Storm,0.962,6,0.95,3500,Economy,Evening Rush,Friday,110.483,33.81,110.483,5150.6,0,2024-06-14 21:00:00
SHP01332,Patna,Indore,,General Network,Patna_Indore,Mixed,Mini Truck,2068,0.14,Clear,0.224,1,0.35,1100,Same-Day,Morning Rush,Thursday,36.592,24.0,36.592,0.0,1,2024-01-04 09:00:00
SHP01333,Kolkata,Mumbai,Ahmedabad,General Network,Kolkata_Mumbai,Mixed,Mini Truck,706,0.32,Rain,0.332,6,0.35,3200,Economy,Afternoon,Friday,28.37,21.989,28.37,917.8,0,2024-07-26 15:00:00
SHP01334,Vizag,Hyderabad,,General Network,Vizag_Hyderabad,Rural,Mini Truck,1659,0.94,Cloudy,0.932,3,0.92,850,Express,Evening Rush,Monday,74.874,48.0,74.874,2034.7,1,2024-08-12 21:00:00
SHP01335,Vadodara,Kolkata,Hyderabad,General Network,Vadodara_Kolkata,City Road,Carting Vehicle,204,0.14,Storm,0.24,1,0.39,750,Same-Day,Night,Saturday,17.167,11.858,17.167,563.7,0,2024-03-30 22:00:00
SHP01336,Pune,Surat,Patna,General Network,Pune_Surat,Expressway,Container,147,0.63,Storm,0.506,4,0.32,2800,Standard,Afternoon,Friday,7.484,3.703,7.484,339.8,0,2024-05-17 16:00:00
SHP01337,Delhi,Chandigarh,,General Network,Delhi_Chandigarh,Rural,Carting Vehicle,120,0.6,Heavy Rain,0.512,0,0.38,4800,Standard,Midday,Friday,10.076,8.716,10.076,391.2,0,2024-08-09 10:00:00
SHP01338,Chandigarh,Patna,,General Network,Chandigarh_Patna,Expressway,Carting Vehicle,2155,0.95,Heavy Rain,0.782,5,0.53,1000,Express,Morning Rush,Sunday,91.232,41.514,91.232,3659.2,1,2024-09-01 06:00:00
SHP01339,Patna,Mumbai,,General Network,Patna_Mumbai,City Road,FTL Truck,1372,0.31,Fog,0.522,2,0.84,1100,Same-Day,Evening Rush,Saturday,64.401,24.0,64.401,1512.1,1,2024-01-20 21:00:00
SHP01340,Lucknow,Delhi,,UP Corridor,Lucknow_Delhi,City Road,FTL Truck,1614,0.71,Heavy Rain,0.782,3,0.89,2000,Same-Day,Morning Rush,Friday,112.415,24.0,112.415,3978.0,1,2024-10-18 06:00:00
SHP01341,Bhopal,Kolkata,Ahmedabad,General Network,Bhopal_Kolkata,Highway,Mini Truck,1748,0.27,Clear,0.406,2,0.61,1200,Express,Midday,Thursday,28.81,33.821,28.81,272.0,0,2024-09-05 12:00:00
SHP01342,Kochi,Vadodara,,General Network,Kochi_Vadodara,Expressway,Container,2179,0.81,Storm,0.65,5,0.41,800,Same-Day,Morning Rush,Sunday,85.04,24.0,85.04,3483.3,1,2024-06-09 06:00:00
SHP01343,Vadodara,Pune,,General Network,Vadodara_Pune,City Road,Express Van,1157,0.29,Heavy Rain,0.298,1,0.31,750,Economy,Morning Rush,Monday,71.734,42.107,71.734,2579.3,0,2024-09-30 08:00:00
SHP01344,Chennai,Nagpur,,General Network,Chennai_Nagpur,Mixed,Carting Vehicle,855,0.33,Rain,0.278,0,0.2,3500,Same-Day,Midday,Sunday,28.428,24.0,28.428,565.7,1,2024-03-24 10:00:00
SHP01345,Kochi,Coimbatore,Hyderabad,General Network,Kochi_Coimbatore,Rural,Carting Vehicle,1501,0.84,Heavy Rain,0.88,1,0.94,800,Same-Day,Night,Friday,115.322,24.0,115.322,4250.9,1,2024-09-13 22:00:00
SHP01346,Pune,Chandigarh,,General Network,Pune_Chandigarh,Mixed,FTL Truck,1272,0.4,Storm,0.496,6,0.64,2800,Economy,Afternoon,Friday,71.099,31.35,71.099,2994.0,0,2024-04-12 14:00:00
SHP01347,Nagpur,Bhopal,,General Network,Nagpur_Bhopal,Rural,Mini Truck,1862,0.12,Heavy Rain,0.368,4,0.74,1600,Same-Day,Morning Rush,Friday,79.49,24.0,79.49,2010.9,1,2024-05-03 06:00:00
SHP01348,Patna,Hyderabad,,General Network,Patna_Hyderabad,City Road,FTL Truck,1793,0.86,Heavy Rain,0.616,1,0.25,1100,Standard,Afternoon,Friday,155.938,67.993,155.938,6282.6,1,2024-06-14 17:00:00
SHP01349,Patna,Vizag,,General Network,Patna_Vizag,Expressway,Mini Truck,1420,0.7,Rain,0.668,3,0.62,1100,Same-Day,Evening Rush,Friday,32.503,24.0,32.503,953.7,1,2024-05-10 21:00:00
SHP01350,Mumbai,Delhi,Kolkata,Western Corridor,Mumbai_Delhi,Highway,Express Van,2262,0.57,Heavy Rain,0.682,6,0.85,5000,Economy,Afternoon,Sunday,74.374,33.248,74.374,2987.2,0,2024-07-14 17:00:00
SHP01351,Hyderabad,Pune,,General Network,Hyderabad_Pune,Rural,FTL Truck,1292,0.79,Rain,0.742,3,0.67,3800,Same-Day,Morning Rush,Tuesday,57.502,24.0,57.502,1727.4,1,2024-08-06 06:00:00
SHP01352,Ahmedabad,Nagpur,,General Network,Ahmedabad_Nagpur,Expressway,Mini Truck,305,0.12,Clear,0.232,1,0.4,2600,Standard,Night,Thursday,5.125,6.253,5.125,93.5,0,2024-04-18 22:00:00
SHP01353,Delhi,Pune,,General Network,Delhi_Pune,Highway,FTL Truck,242,0.59,Storm,0.67,1,0.79,4800,Same-Day,Evening Rush,Friday,9.59,7.246,9.59,393.9,0,2024-10-25 19:00:00
SHP01354,Vadodara,Chandigarh,Delhi,General Network,Vadodara_Chandigarh,Mixed,Carting Vehicle,2371,0.86,Heavy Rain,0.704,1,0.47,750,Economy,Morning Rush,Thursday,180.039,71.933,180.039,7641.0,1,2024-09-26 06:00:00
SHP01355,Patna,Pune,Chandigarh,General Network,Patna_Pune,Rural,Express Van,2447,0.99,Heavy Rain,0.986,0,0.98,1100,Economy,Morning Rush,Friday,171.981,62.546,171.981,7481.7,1,2024-06-21 07:00:00
SHP01356,Mumbai,Pune,,Mumbai-Pune Expressway,Mumbai_Pune,Mixed,Carting Vehicle,1040,0.69,Rain,0.754,0,0.85,5000,Same-Day,Afternoon,Tuesday,43.784,24.0,43.784,1240.4,1,2024-03-12 16:00:00
SHP01357,Vadodara,Mumbai,Patna,General Network,Vadodara_Mumbai,Expressway,Carting Vehicle,1911,0.14,Cloudy,0.196,5,0.28,750,Same-Day,Afternoon,Wednesday,29.484,24.0,29.484,159.7,1,2024-02-28 15:00:00
SHP01358,Jaipur,Vizag,,General Network,Jaipur_Vizag,City Road,Container,1423,0.57,Cloudy,0.654,6,0.78,2200,Standard,Morning Rush,Tuesday,80.415,66.405,80.415,1955.0,1,2024-05-21 09:00:00
SHP01359,Kolkata,Jaipur,,General Network,Kolkata_Jaipur,City Road,FTL Truck,1662,0.76,Cloudy,0.652,4,0.49,3200,Economy,Morning Rush,Wednesday,95.805,66.444,95.805,2899.2,0,2024-04-17 09:00:00
SHP01360,Patna,Pune,,General Network,Patna_Pune,Highway,Carting Vehicle,457,0.86,Heavy Rain,0.664,5,0.37,1100,Economy,Evening Rush,Friday,27.709,14.595,27.709,1205.5,0,2024-02-16 20:00:00
SHP01361,Hyderabad,Surat,,General Network,Hyderabad_Surat,City Road,Express Van,201,0.61,Heavy Rain,0.578,4,0.53,3800,Same-Day,Evening Rush,Friday,13.51,10.107,13.51,511.0,0,2024-03-01 20:00:00
SHP01362,Kochi,Mumbai,Vadodara,General Network,Kochi_Mumbai,City Road,Mini Truck,1854,0.71,Cloudy,0.69,0,0.66,800,Express,Evening Rush,Sunday,94.343,48.0,94.343,2129.2,1,2024-11-17 20:00:00
SHP01363,Jaipur,Chandigarh,,General Network,Jaipur_Chandigarh,Expressway,Express Van,2133,0.16,Fog,0.428,3,0.83,2200,Same-Day,Morning Rush,Thursday,30.359,24.0,30.359,650.1,1,2024-10-03 07:00:00
SHP01364,Pune,Chandigarh,Vadodara,General Network,Pune_Chandigarh,Mixed,Container,2401,0.16,Clear,0.336,0,0.6,2800,Same-Day,Evening Rush,Monday,46.004,24.0,46.004,0.0,1,2024-12-30 18:00:00
SHP01365,Pune,Vizag,,General Network,Pune_Vizag,Rural,Mini Truck,179,0.28,Fog,0.256,1,0.22,2800,Economy,Morning Rush,Tuesday,9.174,7.467,9.174,285.2,0,2024-11-19 06:00:00
SHP01366,Surat,Bangalore,,General Network,Surat_Bangalore,Mixed,Carting Vehicle,2246,0.94,Fog,0.852,4,0.72,1800,Standard,Morning Rush,Saturday,133.656,66.278,133.656,5024.7,1,2024-03-09 06:00:00
SHP01367,Chandigarh,Mumbai,,General Network,Chandigarh_Mumbai,Expressway,FTL Truck,2059,0.14,Heavy Rain,0.352,1,0.67,1000,Standard,Night,Friday,43.591,30.071,43.591,1315.0,0,2024-12-27 22:00:00
SHP01368,Bhopal,Lucknow,Coimbatore,General Network,Bhopal_Lucknow,Mixed,Carting Vehicle,1452,0.74,Heavy Rain,0.54,3,0.24,1200,Standard,Midday,Thursday,93.534,45.021,93.534,3676.0,1,2024-04-25 12:00:00
SHP01369,Mumbai,Coimbatore,Chennai,General Network,Mumbai_Coimbatore,Expressway,Carting Vehicle,510,0.86,Cloudy,0.808,1,0.73,5000,Standard,Afternoon,Wednesday,14.202,12.065,14.202,422.6,0,2024-01-17 17:00:00
SHP01370,Coimbatore,Chandigarh,Vizag,General Network,Coimbatore_Chandigarh,Mixed,Container,282,0.35,Fog,0.554,2,0.86,900,Express,Afternoon,Friday,10.79,9.025,10.79,315.6,0,2024-02-09 15:00:00
SHP01371,Delhi,Hyderabad,,General Network,Delhi_Hyderabad,City Road,FTL Truck,566,0.28,Cloudy,0.42,3,0.63,4800,Same-Day,Evening Rush,Saturday,20.575,22.321,20.575,264.2,0,2024-01-20 20:00:00
SHP01372,Patna,Chandigarh,Ahmedabad,General Network,Patna_Chandigarh,Mixed,Carting Vehicle,1195,0.67,Clear,0.578,6,0.44,1100,Express,Afternoon,Friday,39.694,37.17,39.694,788.3,0,2024-08-30 15:00:00
SHP01373,Bhopal,Patna,,General Network,Bhopal_Patna,Rural,Mini Truck,2058,0.3,Clear,0.304,2,0.31,1200,Standard,Afternoon,Thursday,64.216,69.388,64.216,804.1,0,2024-09-12 17:00:00
SHP01374,Kolkata,Hyderabad,,General Network,Kolkata_Hyderabad,Expressway,Container,935,0.45,,0.53,5,0.65,3200,Standard,Afternoon,Sunday,19.537,17.378,19.537,477.5,0,2024-07-07 15:00:00
SHP01375,Ahmedabad,Jaipur,Patna,General Network,Ahmedabad_Jaipur,City Road,Mini Truck,2354,0.87,Rain,0.838,0,0.79,2600,Standard,Midday,Monday,178.04,72.0,178.04,6198.6,1,2024-08-26 12:00:00
SHP01376,Chandigarh,Jaipur,,General Network,Chandigarh_Jaipur,Expressway,Express Van,1245,0.77,Cloudy,0.726,4,0.66,1000,Standard,Morning Rush,Friday,23.134,18.778,23.134,704.3,0,2024-11-08 09:00:00
SHP01377,Patna,Mumbai,,General Network,Patna_Mumbai,Rural,Carting Vehicle,2427,0.17,Clear,0.394,3,,1100,Express,Afternoon,Sunday,76.548,48.0,76.548,278.2,1,2024-06-02 14:00:00
SHP01378,Indore,Delhi,,General Network,Indore_Delhi,Mixed,Mini Truck,643,0.83,Rain,0.67,5,0.43,1400,Express,Midday,Monday,29.37,18.624,29.37,1047.8,0,2024-05-27 13:00:00
SHP01379,Mumbai,Kolkata,,General Network,Mumbai_Kolkata,Expressway,FTL Truck,853,0.62,Storm,0.66,3,0.72,5000,Same-Day,Evening Rush,Friday,26.478,15.072,26.478,1050.0,1,2024-07-12 19:00:00
SHP01380,Bangalore,Mumbai,Jaipur,Western-Southern Corridor,Bangalore_Mumbai,City Road,Carting Vehicle,638,0.35,Rain,0.55,0,0.85,4200,Economy,Morning Rush,Sunday,50.032,33.477,50.032,1543.6,0,2024-11-10 07:00:00
SHP01381,Patna,Bhopal,Kolkata,General Network,Patna_Bhopal,Mixed,Mini Truck,2050,0.42,Cloudy,0.568,0,0.79,1100,Economy,Afternoon,Monday,62.98,51.966,62.98,1501.0,0,2024-05-20 15:00:00
SHP01382,Pune,Jaipur,Hyderabad,General Network,Pune_Jaipur,Rural,Express Van,1346,0.87,Clear,0.894,3,0.93,2800,Economy,Evening Rush,Tuesday,51.422,35.023,51.422,1524.7,0,2024-10-08 18:00:00
SHP01383,Indore,Pune,,General Network,Indore_Pune,Highway,Mini Truck,2476,0.9,Fog,0.824,2,0.71,1400,Same-Day,Afternoon,Saturday,76.356,24.0,76.356,2518.0,1,2024-02-17 15:00:00
SHP01384,Mumbai,Ahmedabad,,Gujarat-Maharashtra Corridor,Mumbai_Ahmedabad,Mixed,Carting Vehicle,950,0.77,Rain,0.65,0,0.47,5000,Standard,Evening Rush,Tuesday,48.652,29.468,48.652,1652.4,0,2024-10-08 18:00:00
SHP01385,Kolkata,Kochi,,General Network,Kolkata_Kochi,Mixed,Express Van,366,0.52,Cloudy,0.468,1,0.39,3200,Standard,Afternoon,Tuesday,8.988,9.391,8.988,221.0,0,2024-09-03 15:00:00
SHP01386,Pune,Hyderabad,Indore,General Network,Pune_Hyderabad,Rural,Express Van,2226,0.73,Clear,0.706,4,0.67,2800,Standard,Morning Rush,Wednesday,69.73,57.173,69.73,1602.9,0,2024-12-18 06:00:00
SHP01387,Lucknow,Ahmedabad,Bangalore,General Network,Lucknow_Ahmedabad,Expressway,Mini Truck,2267,0.19,Heavy Rain,0.258,5,0.36,2000,Economy,Afternoon,Tuesday,63.47,39.329,63.47,2217.3,0,2024-02-13 15:00:00
SHP01388,Surat,Bangalore,,General Network,Surat_Bangalore,Highway,Mini Truck,505,0.53,Rain,0.53,5,0.53,1800,Express,Morning Rush,Monday,14.782,12.313,14.782,466.1,0,2024-02-19 07:00:00
SHP01389,Indore,Vizag,Jaipur,General Network,Indore_Vizag,Rural,Carting Vehicle,1780,0.4,Heavy Rain,0.464,0,0.56,1400,Same-Day,Morning Rush,Sunday,107.162,24.0,107.162,3265.3,1,2024-05-05 08:00:00
SHP01390,Kolkata,Ahmedabad,,General Network,Kolkata_Ahmedabad,Highway,FTL Truck,1869,0.27,Heavy Rain,0.258,4,0.24,3200,Standard,Morning Rush,Sunday,52.973,32.712,52.973,1776.6,0,2024-12-22 06:00:00
SHP01391,Hyderabad,Pune,,General Network,Hyderabad_Pune,Rural,FTL Truck,1784,0.36,Storm,0.344,3,0.32,3800,Standard,Morning Rush,Wednesday,113.211,54.803,113.211,4414.0,1,2024-01-10 09:00:00
SHP01392,Indore,Patna,Bhopal,General Network,Indore_Patna,City Road,Carting Vehicle,229,0.22,Cloudy,0.256,0,0.31,1400,Express,Midday,Friday,11.331,12.863,11.331,156.4,0,2024-12-06 11:00:00
SHP01393,Hyderabad,Mumbai,,General Network,Hyderabad_Mumbai,Highway,FTL Truck,1349,0.2,Storm,0.268,4,0.37,3800,Standard,Morning Rush,Friday,44.35,23.647,44.35,1649.2,0,2024-07-12 09:00:00
SHP01394,Kolkata,Jaipur,,General Network,Kolkata_Jaipur,Mixed,Mini Truck,1337,0.71,Rain,0.614,1,0.47,3200,Same-Day,Evening Rush,Friday,47.108,24.0,47.108,1340.9,1,2024-11-08 20:00:00
SHP01395,Mumbai,Pune,,Mumbai-Pune Expressway,Mumbai_Pune,Rural,Mini Truck,2491,0.27,Fog,0.298,0,0.34,5000,Economy,Afternoon,Saturday,125.853,84.578,125.853,3860.8,1,2024-05-04 14:00:00
SHP01396,Vizag,Nagpur,Bhopal,General Network,Vizag_Nagpur,City Road,Carting Vehicle,1461,0.42,,0.6,0,0.87,850,Economy,Morning Rush,Wednesday,125.953,74.971,125.953,4217.8,1,2024-06-19 08:00:00
SHP01397,Kolkata,Indore,,General Network,Kolkata_Indore,City Road,Container,1201,0.92,Storm,0.764,0,0.53,3200,Standard,Afternoon,Friday,154.644,56.273,154.644,6856.4,1,2024-03-22 15:00:00
SHP01398,Jaipur,Bhopal,Pune,General Network,Jaipur_Bhopal,Expressway,Carting Vehicle,1758,0.4,Storm,0.5,5,0.65,2200,Same-Day,Midday,Saturday,64.528,24.0,64.528,2391.3,1,2024-06-22 13:00:00
SHP01399,Indore,Coimbatore,,General Network,Indore_Coimbatore,Mixed,FTL Truck,1980,0.4,Cloudy,0.348,5,0.27,1400,Same-Day,Afternoon,Tuesday,43.286,24.0,43.286,617.2,1,2024-12-03 15:00:00
SHP01400,Surat,Vizag,,General Network,Surat_Vizag,Expressway,Mini Truck,700,0.81,Cloudy,0.69,4,0.51,1800,Standard,Morning Rush,Thursday,16.814,12.589,16.814,517.6,0,2024-11-07 08:00:00
SHP01401,Nagpur,Ahmedabad,,General Network,Nagpur_Ahmedabad,Mixed,Mini Truck,1976,0.91,Clear,0.79,1,0.61,1600,Standard,Midday,Thursday,63.878,50.089,63.878,1637.1,0,2024-08-29 11:00:00
SHP01402,Mumbai,Hyderabad,,General Network,Mumbai_Hyderabad,Rural,Mini Truck,2365,0.96,Fog,0.944,0,0.92,5000,Economy,Morning Rush,Friday,173.842,77.746,173.842,6926.8,1,2024-03-08 09:00:00
SHP01403,Indore,Pune,,General Network,Indore_Pune,Mixed,Mini Truck,707,0.27,Rain,0.446,6,0.71,1400,Economy,Midday,Friday,28.395,19.398,28.395,918.2,0,2024-07-26 12:00:00
SHP01404,Pune,Chennai,,General Network,Pune_Chennai,Expressway,FTL Truck,2156,0.29,Cloudy,0.518,2,0.86,2800,Same-Day,Evening Rush,Wednesday,27.964,24.0,27.964,316.2,1,2024-12-25 18:00:00
SHP01405,Kochi,Patna,,General Network,Kochi_Patna,Highway,Mini Truck,2349,0.99,Fog,0.682,5,0.22,800,Economy,Afternoon,Wednesday,99.814,44.971,99.814,4031.3,0,2024-03-27 17:00:00
SHP01406,Kochi,Mumbai,,General Network,Kochi_Mumbai,Highway,Container,425,0.64,Heavy Rain,0.7,0,0.79,800,Express,Evening Rush,Saturday,16.35,10.213,16.35,606.0,0,2024-08-31 19:00:00
SHP01407,Pune,Lucknow,,General Network,Pune_Lucknow,Mixed,FTL Truck,1171,0.84,Clear,0.76,5,0.64,2800,Same-Day,Afternoon,Wednesday,30.992,24.0,30.992,688.5,1,2024-02-07 14:00:00
SHP01408,Bangalore,Hyderabad,Vadodara,General Network,Bangalore_Hyderabad,Expressway,Container,421,0.69,,0.682,5,0.67,4200,Same-Day,Morning Rush,Saturday,8.23,11.374,8.23,181.0,0,2024-03-23 07:00:00
SHP01409,Bhopal,Patna,,General Network,Bhopal_Patna,Highway,FTL Truck,1284,0.89,Heavy Rain,0.806,1,0.68,1200,Standard,Afternoon,Monday,50.72,24.836,50.72,2080.2,0,2024-06-17 15:00:00
SHP01410,Hyderabad,Delhi,Indore,General Network,Hyderabad_Delhi,City Road,FTL Truck,504,0.48,Rain,0.592,4,0.76,3800,Express,Evening Rush,Saturday,28.897,20.119,28.897,869.8,0,2024-10-05 18:00:00
SHP01411,Chandigarh,Chennai,,General Network,Chandigarh_Chennai,Highway,Carting Vehicle,2486,0.89,Heavy Rain,0.866,0,0.83,1000,Standard,Midday,Wednesday,129.029,56.719,129.029,5255.7,1,2024-01-03 11:00:00
SHP01412,Coimbatore,Kochi,,General Network,Coimbatore_Kochi,Highway,FTL Truck,1325,0.22,Rain,0.384,6,0.63,900,Standard,Midday,Thursday,29.329,25.32,29.329,766.0,0,2024-11-07 12:00:00
SHP01413,Chandigarh,Vizag,Lucknow,General Network,Chandigarh_Vizag,Rural,Express Van,1093,0.87,Heavy Rain,0.662,0,0.35,1000,Economy,Evening Rush,Monday,72.725,30.916,72.725,3096.2,0,2024-02-26 18:00:00
SHP01414,Kolkata,Jaipur,Chandigarh,General Network,Kolkata_Jaipur,City Road,Express Van,438,,Clear,0.638,1,0.26,3200,Same-Day,Midday,Friday,16.07,17.534,16.07,311.3,0,2024-08-09 11:00:00
SHP01415,Vizag,Jaipur,,General Network,Vizag_Jaipur,Rural,Express Van,1361,0.26,Rain,0.444,5,0.72,850,Express,Evening Rush,Saturday,42.64,35.449,42.64,980.4,0,2024-12-28 20:00:00
SHP01416,Vadodara,Jaipur,,General Network,Vadodara_Jaipur,Mixed,Mini Truck,987,0.45,Fog,0.442,4,0.43,750,Same-Day,Afternoon,Tuesday,33.26,24.0,33.26,898.9,1,2024-12-24 16:00:00
SHP01417,Nagpur,Bhopal,Patna,General Network,Nagpur_Bhopal,City Road,Container,1956,0.37,Rain,0.35,1,0.32,1600,Same-Day,Afternoon,Friday,101.999,24.0,101.999,2175.1,1,2024-07-26 17:00:00
SHP01418,Mumbai,Coimbatore,Kochi,General Network,Mumbai_Coimbatore,Highway,FTL Truck,549,0.36,Storm,0.616,2,1.0,5000,Standard,Midday,Saturday,21.27,11.958,21.27,864.4,0,2024-08-03 11:00:00
SHP01419,Patna,Chennai,Pune,General Network,Patna_Chennai,Highway,Mini Truck,521,0.59,Clear,0.454,2,0.25,1100,Economy,Morning Rush,Monday,12.392,12.413,12.392,309.3,0,2024-02-26 09:00:00
SHP01420,Hyderabad,Jaipur,Surat,General Network,Hyderabad_Jaipur,City Road,Carting Vehicle,2292,0.26,Fog,0.284,0,0.32,3800,Express,Afternoon,Tuesday,146.026,48.0,146.026,3522.7,1,2024-07-02 15:00:00
SHP01421,Bangalore,Delhi,,General Network,Bangalore_Delhi,Mixed,Container,503,0.82,Rain,0.644,6,0.38,4200,Economy,Afternoon,Tuesday,29.394,16.919,29.394,1171.9,0,2024-04-09 16:00:00
SHP01422,Patna,Hyderabad,Vadodara,General Network,Patna_Hyderabad,City Road,FTL Truck,1583,0.81,Storm,0.706,0,0.55,1100,Express,Midday,Wednesday,151.269,48.0,151.269,6362.4,1,2024-09-25 13:00:00
SHP01423,Mumbai,Chennai,Vadodara,General Network,Mumbai_Chennai,Highway,Container,1092,0.36,Rain,0.572,2,0.89,5000,Standard,Afternoon,Sunday,30.175,23.919,30.175,847.0,0,2024-02-18 14:00:00
SHP01424,Bhopal,Chandigarh,,General Network,Bhopal_Chandigarh,Rural,Container,2394,0.13,Storm,0.186,4,0.27,1200,Express,Morning Rush,Wednesday,140.634,48.0,140.634,4682.7,1,2024-09-11 06:00:00
SHP01425,Ahmedabad,Chandigarh,,General Network,Ahmedabad_Chandigarh,Mixed,Carting Vehicle,1917,0.19,Fog,0.458,4,0.86,2600,Standard,Afternoon,Wednesday,76.871,58.683,76.871,2056.2,1,2024-06-12 16:00:00
SHP01426,Nagpur,Coimbatore,Hyderabad,General Network,Nagpur_Coimbatore,Rural,FTL Truck,108,0.59,Fog,0.522,4,0.42,1600,Same-Day,Afternoon,Thursday,6.144,6.671,6.144,224.7,0,2024-12-19 15:00:00
SHP01427,Coimbatore,Kochi,,General Network,Coimbatore_Kochi,Expressway,FTL Truck,1977,0.76,Clear,0.66,3,0.51,900,Economy,Midday,Tuesday,38.491,28.386,38.491,1060.8,0,2024-06-11 10:00:00
SHP01428,Bangalore,Jaipur,,General Network,Bangalore_Jaipur,Expressway,Express Van,1559,0.63,Storm,0.634,1,0.64,4200,Standard,Midday,Tuesday,48.714,20.329,48.714,2066.7,0,2024-07-23 11:00:00
SHP01429,Indore,Lucknow,Delhi,General Network,Indore_Lucknow,Rural,Mini Truck,151,0.87,Rain,0.658,6,0.34,1400,Economy,Night,Monday,11.831,6.543,11.831,486.1,0,2024-06-03 22:00:00
SHP01430,Jaipur,Bangalore,Vizag,General Network,Jaipur_Bangalore,Expressway,Express Van,1749,0.2,Storm,0.304,1,0.46,2200,Express,Morning Rush,Friday,37.651,23.073,37.651,1298.5,0,2024-05-24 06:00:00
SHP01431,Kochi,Indore,Vadodara,General Network,Kochi_Indore,Highway,Carting Vehicle,966,0.43,Cloudy,0.358,6,0.25,800,Same-Day,Morning Rush,Tuesday,22.682,23.365,22.682,394.9,0,2024-04-23 08:00:00
SHP01432,Hyderabad,Vizag,Coimbatore,General Network,Hyderabad_Vizag,Expressway,Express Van,1887,0.12,Cloudy,0.416,4,0.86,3800,Standard,Evening Rush,Friday,23.378,25.923,23.378,366.3,0,2024-02-16 20:00:00
SHP01433,Lucknow,Kolkata,Hyderabad,General Network,Lucknow_Kolkata,Mixed,FTL Truck,811,0.37,Cloudy,0.434,4,0.53,2000,Express,Morning Rush,Saturday,19.489,20.988,19.489,358.3,0,2024-08-31 06:00:00
SHP01434,Nagpur,Delhi,Jaipur,General Network,Nagpur_Delhi,City Road,Container,1547,0.24,Clear,0.24,4,0.24,1600,Express,Morning Rush,Saturday,58.452,48.0,58.452,387.1,1,2024-10-26 07:00:00
SHP01435,Ahmedabad,Pune,,General Network,Ahmedabad_Pune,Rural,Mini Truck,91,0.64,Fog,0.492,0,0.27,2600,Express,Midday,Friday,4.634,4.319,4.634,143.2,0,2024-03-15 11:00:00
SHP01436,Indore,Jaipur,,General Network,Indore_Jaipur,Expressway,Express Van,1958,0.97,Clear,0.762,5,0.45,1400,Same-Day,Afternoon,Monday,30.007,24.0,30.007,725.1,1,2024-01-01 15:00:00
SHP01437,Nagpur,Pune,Chennai,General Network,Nagpur_Pune,City Road,FTL Truck,2020,0.97,Storm,0.87,3,0.72,1600,Express,Evening Rush,Sunday,209.086,48.0,209.086,9082.3,1,2024-05-05 20:00:00
SHP01438,Vadodara,Lucknow,Mumbai,General Network,Vadodara_Lucknow,Rural,FTL Truck,1830,0.7,Cloudy,0.812,3,0.98,750,Standard,Evening Rush,Wednesday,71.744,56.502,71.744,1864.6,0,2024-11-27 19:00:00
SHP01439,Kochi,Kolkata,Coimbatore,General Network,Kochi_Kolkata,Mixed,Mini Truck,334,0.59,Clear,0.566,0,0.53,800,Same-Day,Morning Rush,Wednesday,8.299,11.229,8.299,126.8,0,2024-08-14 06:00:00
SHP01440,Bhopal,Pune,,General Network,Bhopal_Pune,Rural,Carting Vehicle,1574,0.28,Cloudy,0.404,4,0.59,1200,Express,Night,Thursday,59.787,48.0,59.787,789.0,1,2024-11-21 22:00:00
SHP01441,Coimbatore,Nagpur,,General Network,Coimbatore_Nagpur,Expressway,FTL Truck,1368,0.17,Cloudy,0.454,4,0.88,900,Economy,Midday,Sunday,21.438,21.067,21.438,422.3,0,2024-05-05 10:00:00
SHP01442,Bangalore,Ahmedabad,Vadodara,General Network,Bangalore_Ahmedabad,City Road,Express Van,1660,0.64,,0.664,6,0.7,4200,Economy,Afternoon,Tuesday,100.189,56.53,100.189,3536.8,0,2024-10-01 14:00:00
SHP01443,Pune,Coimbatore,Kolkata,General Network,Pune_Coimbatore,Expressway,Express Van,254,0.91,Rain,0.922,1,0.94,2800,Standard,Evening Rush,Sunday,6.961,7.238,6.961,278.2,0,2024-03-24 19:00:00
SHP01444,Bhopal,Chandigarh,Indore,General Network,Bhopal_Chandigarh,City Road,Carting Vehicle,1508,0.54,Rain,0.72,2,0.99,1200,Standard,Evening Rush,Saturday,117.144,72.0,117.144,3581.8,1,2024-07-06 18:00:00
SHP01445,Vadodara,Chandigarh,,General Network,Vadodara_Chandigarh,Expressway,Container,1257,0.36,Rain,0.432,1,0.54,750,Economy,Morning Rush,Monday,32.38,23.738,32.38,1008.8,0,2024-06-10 06:00:00
SHP01446,Kochi,Hyderabad,Jaipur,General Network,Kochi_Hyderabad,Mixed,Mini Truck,668,0.58,Heavy Rain,0.536,0,0.47,800,Same-Day,Evening Rush,Thursday,28.48,20.084,28.48,966.6,1,2024-08-01 21:00:00
SHP01447,Surat,Mumbai,,General Network,Surat_Mumbai,Mixed,Express Van,386,0.72,Heavy Rain,0.6,1,0.42,1800,Express,Midday,Friday,15.607,11.877,15.607,600.8,0,2024-04-05 10:00:00
SHP01448,Lucknow,Coimbatore,,General Network,Lucknow_Coimbatore,Expressway,Express Van,2432,0.92,Fog,0.944,5,0.98,2000,Standard,Afternoon,Monday,60.556,30.404,60.556,2297.7,0,2024-09-23 15:00:00
SHP01449,Delhi,Chandigarh,Bhopal,General Network,Delhi_Chandigarh,Highway,Container,2364,0.58,Cloudy,0.456,3,0.27,4800,Express,Afternoon,Thursday,52.611,48.0,52.611,1070.8,1,2024-10-17 14:00:00
SHP01450,Chandigarh,Indore,,General Network,Chandigarh_Indore,Expressway,Carting Vehicle,2237,0.47,Clear,0.434,1,0.38,1000,Economy,Morning Rush,Monday,48.39,45.769,48.39,1019.6,0,2024-03-18 06:00:00
SHP01451,Delhi,Vizag,Vadodara,General Network,Delhi_Vizag,Rural,Carting Vehicle,2317,0.45,Fog,0.43,6,0.4,4800,Same-Day,Night,Friday,120.821,24.0,120.821,3130.1,1,2024-01-12 22:00:00
SHP01452,Vadodara,Indore,Nagpur,General Network,Vadodara_Indore,Expressway,Carting Vehicle,1155,0.44,Storm,0.616,5,0.88,750,Standard,Midday,Saturday,51.97,25.581,51.97,2145.5,0,2024-11-02 10:00:00
SHP01453,Bhopal,Jaipur,Nagpur,General Network,Bhopal_Jaipur,Mixed,FTL Truck,1598,0.88,Storm,0.656,4,0.32,1200,Standard,Morning Rush,Monday,101.797,39.5,101.797,4509.8,1,2024-01-01 08:00:00
SHP01454,Lucknow,Bhopal,Bangalore,General Network,Lucknow_Bhopal,Highway,Container,359,0.74,Heavy Rain,0.812,5,0.92,2000,Same-Day,Morning Rush,Tuesday,16.233,9.959,16.233,657.2,0,2024-09-17 07:00:00
SHP01455,Delhi,Surat,,General Network,Delhi_Surat,Highway,FTL Truck,1476,0.41,Rain,0.45,4,0.51,4800,Express,Midday,Friday,34.017,25.397,34.017,934.0,0,2024-09-20 12:00:00
SHP01456,Patna,Surat,,General Network,Patna_Surat,Rural,Carting Vehicle,1764,0.14,Fog,0.368,0,0.71,1100,Standard,Evening Rush,Friday,88.203,70.736,88.203,2156.2,1,2024-09-06 20:00:00
SHP01457,Delhi,Chennai,,General Network,Delhi_Chennai,Mixed,Mini Truck,2274,0.81,Clear,0.778,3,0.73,4800,Express,Evening Rush,Saturday,65.447,48.0,65.447,1400.1,1,2024-09-21 18:00:00
SHP01458,Coimbatore,Bhopal,,General Network,Coimbatore_Bhopal,Highway,Mini Truck,2227,0.49,Clear,0.558,5,0.66,900,Economy,Afternoon,Monday,50.347,41.472,50.347,1165.0,0,2024-01-22 16:00:00
SHP01459,Surat,Kochi,Kolkata,General Network,Surat_Kochi,City Road,Express Van,1531,0.42,Rain,0.504,4,0.63,1800,Express,Night,Monday,67.189,48.0,67.189,1749.1,1,2024-05-06 22:00:00
SHP01460,Indore,Bhopal,Pune,General Network,Indore_Bhopal,City Road,Mini Truck,1466,0.4,Clear,0.332,5,0.23,1400,Economy,Midday,Thursday,71.291,63.213,71.291,1485.1,0,2024-09-05 12:00:00
SHP01461,Mumbai,Kolkata,Pune,General Network,Mumbai_Kolkata,Mixed,Carting Vehicle,1680,0.91,Rain,0.774,3,0.57,5000,Express,Morning Rush,Sunday,85.018,48.0,85.018,2861.1,1,2024-12-29 07:00:00
SHP01462,Coimbatore,Nagpur,,General Network,Coimbatore_Nagpur,Rural,Carting Vehicle,860,0.1,Heavy Rain,0.316,6,0.64,900,Standard,Evening Rush,Friday,52.638,36.014,52.638,1629.4,0,2024-01-05 20:00:00
SHP01463,Ahmedabad,Kochi,,General Network,Ahmedabad_Kochi,City Road,Mini Truck,561,0.51,Heavy Rain,0.626,6,0.8,2600,Economy,Night,Saturday,54.236,27.082,54.236,2185.6,0,2024-11-30 22:00:00
SHP01464,Pune,Mumbai,Vizag,Mumbai-Pune Expressway,Pune_Mumbai,Mixed,Mini Truck,676,0.92,Clear,0.68,0,0.32,2800,Standard,Morning Rush,Saturday,22.108,18.435,22.108,575.4,0,2024-04-20 07:00:00
SHP01465,Patna,Coimbatore,Indore,General Network,Patna_Coimbatore,Highway,FTL Truck,547,0.71,Fog,0.694,3,0.67,1100,Economy,Afternoon,Saturday,19.506,12.967,19.506,760.1,0,2024-07-27 15:00:00
SHP01466,Coimbatore,Ahmedabad,Chandigarh,General Network,Coimbatore_Ahmedabad,City Road,FTL Truck,759,0.12,Rain,0.38,1,0.77,900,Same-Day,Afternoon,Monday,30.156,24.0,30.156,508.2,1,2024-12-30 17:00:00
SHP01467,Vadodara,Pune,,General Network,Vadodara_Pune,City Road,Container,163,0.17,Cloudy,0.266,4,0.41,750,Standard,Afternoon,Wednesday,7.939,8.323,7.939,147.6,0,2024-02-28 16:00:00
SHP01468,Kochi,Chennai,,General Network,Kochi_Chennai,Highway,FTL Truck,726,0.14,Rain,0.292,6,0.52,800,Standard,Midday,Thursday,15.897,13.336,15.897,409.3,0,2024-06-27 12:00:00
SHP01469,Patna,Surat,,General Network,Patna_Surat,Mixed,Carting Vehicle,949,0.39,Heavy Rain,0.478,5,0.61,1100,Express,Morning Rush,Friday,48.011,30.027,48.011,1615.3,1,2024-10-18 08:00:00
SHP01470,Indore,Ahmedabad,,General Network,Indore_Ahmedabad,Mixed,Express Van,186,0.71,Heavy Rain,0.582,1,0.39,1400,Economy,Evening Rush,Tuesday,9.558,6.484,9.558,411.7,0,2024-03-12 19:00:00
SHP01471,Hyderabad,Vizag,Bhopal,General Network,Hyderabad_Vizag,City Road,Container,792,0.4,Rain,0.596,4,0.89,3800,Economy,Midday,Wednesday,57.485,39.131,57.485,1851.8,0,2024-12-11 10:00:00
SHP01472,Delhi,Chennai,,General Network,Delhi_Chennai,Rural,FTL Truck,1481,0.39,Storm,0.502,4,0.67,4800,Economy,Midday,Wednesday,107.895,47.294,107.895,4499.0,0,2024-07-24 12:00:00
SHP01473,Pune,Jaipur,Coimbatore,General Network,Pune_Jaipur,Rural,Mini Truck,137,0.64,Heavy Rain,0.708,1,0.81,2800,Express,Midday,Monday,9.489,8.681,9.489,366.4,0,2024-10-28 13:00:00
SHP01474,Coimbatore,Chennai,,General Network,Coimbatore_Chennai,Highway,Carting Vehicle,1472,0.57,Rain,0.738,1,0.99,900,Standard,Morning Rush,Tuesday,51.285,36.667,51.285,1605.1,0,2024-04-02 07:00:00
SHP01475,Ahmedabad,Delhi,,General Network,Ahmedabad_Delhi,Rural,Mini Truck,1815,0.48,Storm,0.396,6,0.27,2600,Express,Evening Rush,Monday,127.948,48.0,127.948,4988.0,1,2024-03-11 19:00:00
SHP01476,Nagpur,Vadodara,,General Network,Nagpur_Vadodara,Rural,Mini Truck,986,0.86,Heavy Rain,0.876,5,0.9,1600,Same-Day,Midday,Thursday,66.675,24.0,66.675,2539.8,1,2024-06-27 12:00:00
SHP01477,Ahmedabad,Mumbai,,Gujarat-Maharashtra Corridor,Ahmedabad_Mumbai,Mixed,Carting Vehicle,657,0.64,Heavy Rain,0.66,2,0.69,2600,Economy,Evening Rush,Monday,46.261,21.669,46.261,1899.7,0,2024-04-29 21:00:00
SHP01478,Nagpur,Mumbai,,General Network,Nagpur_Mumbai,Highway,Mini Truck,2138,0.53,Heavy Rain,0.674,4,0.89,1600,Economy,Midday,Friday,87.604,42.236,87.604,3474.5,0,2024-10-04 12:00:00
SHP01479,Ahmedabad,Patna,Pune,General Network,Ahmedabad_Patna,Mixed,FTL Truck,770,0.18,Fog,0.396,6,0.72,2600,Same-Day,Night,Friday,22.237,19.423,22.237,564.2,0,2024-09-20 22:00:00
SHP01480,Patna,Indore,Surat,General Network,Patna_Indore,Highway,Carting Vehicle,2320,0.27,Heavy Rain,0.534,4,0.93,1100,Same-Day,Morning Rush,Tuesday,73.741,24.0,73.741,2104.4,1,2024-06-11 09:00:00
SHP01481,Vadodara,Chandigarh,Bangalore,General Network,Vadodara_Chandigarh,Expressway,Mini Truck,1655,0.39,Heavy Rain,0.506,3,0.68,750,Express,Afternoon,Saturday,43.834,29.132,43.834,1468.6,0,2024-01-13 16:00:00
SHP01482,Lucknow,Chennai,,General Network,Lucknow_Chennai,Expressway,Express Van,374,0.53,Clear,0.586,4,0.67,2000,Economy,Afternoon,Sunday,7.788,6.86,7.788,261.9,0,2024-07-21 17:00:00
SHP01483,Vizag,Kochi,,General Network,Vizag_Kochi,Expressway,Express Van,1560,0.57,Clear,0.434,6,0.23,850,Standard,Evening Rush,Tuesday,22.222,22.117,22.222,476.6,0,2024-09-24 20:00:00
SHP01484,Chandigarh,Nagpur,Delhi,General Network,Chandigarh_Nagpur,Expressway,FTL Truck,591,0.8,Clear,0.748,0,0.67,1000,Express,Night,Friday,10.224,11.622,10.224,240.2,0,2024-02-02 22:00:00
SHP01485,Chandigarh,Jaipur,Delhi,General Network,Chandigarh_Jaipur,City Road,Mini Truck,832,0.7,Fog,0.692,1,0.68,1000,Standard,Evening Rush,Tuesday,62.102,37.872,62.102,2141.4,0,2024-01-09 18:00:00
SHP01486,Mumbai,Coimbatore,,General Network,Mumbai_Coimbatore,City Road,Express Van,1822,0.81,Clear,0.854,5,0.92,5000,Express,Evening Rush,Thursday,70.882,48.0,70.882,1536.9,1,2024-05-02 21:00:00
SHP01487,Lucknow,Mumbai,Nagpur,General Network,Lucknow_Mumbai,Rural,Express Van,1611,0.37,Heavy Rain,0.606,4,0.96,2000,Standard,Midday,Monday,75.57,43.641,75.57,2666.4,1,2024-09-09 12:00:00
SHP01488,Jaipur,Indore,Surat,General Network,Jaipur_Indore,City Road,FTL Truck,2303,0.35,Rain,0.498,4,0.72,2200,Same-Day,Night,Friday,102.919,24.0,102.919,2227.2,1,2024-05-17 22:00:00
SHP01489,Vizag,Ahmedabad,Coimbatore,General Network,Vizag_Ahmedabad,Rural,Carting Vehicle,1883,0.87,,0.87,1,0.87,850,Economy,Evening Rush,Friday,234.493,76.182,234.493,10722.0,1,2024-08-23 21:00:00
SHP01490,Mumbai,Vizag,,General Network,Mumbai_Vizag,Mixed,Carting Vehicle,2390,0.8,Rain,0.768,6,0.72,5000,Express,Afternoon,Thursday,115.47,48.0,115.47,3741.5,1,2024-08-08 16:00:00
SHP01491,Delhi,Indore,Ahmedabad,General Network,Delhi_Indore,Highway,Express Van,248,0.82,Storm,0.688,5,0.49,4800,Same-Day,Midday,Thursday,9.512,4.537,9.512,409.0,0,2024-08-22 12:00:00
SHP01492,Kochi,Delhi,Mumbai,General Network,Kochi_Delhi,Expressway,Mini Truck,1386,0.92,Heavy Rain,0.904,4,0.88,800,Express,Morning Rush,Tuesday,49.526,24.742,49.526,1999.0,1,2024-12-17 06:00:00
SHP01493,Bangalore,Patna,,General Network,Bangalore_Patna,City Road,FTL Truck,118,0.42,Rain,0.548,5,0.74,4200,Same-Day,Midday,Monday,8.389,6.629,8.389,301.1,0,2024-06-24 13:00:00
SHP01494,Hyderabad,Chandigarh,Indore,General Network,Hyderabad_Chandigarh,Mixed,Carting Vehicle,1446,0.78,Rain,0.748,6,0.7,3800,Express,Midday,Tuesday,69.764,46.396,69.764,2257.9,1,2024-02-27 10:00:00
SHP01495,Kochi,Mumbai,,General Network,Kochi_Mumbai,Rural,Express Van,725,0.27,Cloudy,0.39,2,0.57,800,Economy,Morning Rush,Friday,22.77,20.588,22.77,525.6,0,2024-12-20 07:00:00
SHP01496,Chandigarh,Ahmedabad,Bangalore,General Network,Chandigarh_Ahmedabad,Mixed,Express Van,1848,0.36,Cloudy,0.6,2,0.96,1000,Same-Day,Midday,Saturday,34.101,24.0,34.101,439.1,1,2024-10-26 13:00:00
SHP01497,Chandigarh,Lucknow,Hyderabad,General Network,Chandigarh_Lucknow,Rural,Carting Vehicle,1799,0.72,Rain,0.736,6,0.76,1000,Same-Day,Evening Rush,Wednesday,103.072,24.0,103.072,2986.1,1,2024-05-08 18:00:00
SHP01498,Bangalore,Nagpur,Mumbai,General Network,Bangalore_Nagpur,Expressway,Carting Vehicle,818,0.78,Rain,0.632,0,0.41,4200,Economy,Evening Rush,Sunday,29.753,16.399,29.753,1096.3,0,2024-12-01 20:00:00
SHP01499,Kochi,Delhi,,General Network,Kochi_Delhi,Expressway,FTL Truck,1081,0.64,Fog,0.604,0,0.55,800,Express,Morning Rush,Thursday,24.218,16.03,24.218,770.4,0,2024-06-20 07:00:00
SHP01500,Vadodara,Kochi,,General Network,Vadodara_Kochi,Mixed,Mini Truck,802,0.5,Cloudy,0.596,0,0.74,750,Express,Night,Friday,21.719,23.409,21.719,412.0,0,2024-10-11 22:00:00
SHP01501,Lucknow,Vizag,Hyderabad,General Network,Lucknow_Vizag,Rural,Carting Vehicle,1097,0.15,Clear,0.29,6,0.5,2000,Same-Day,Morning Rush,Wednesday,32.79,24.0,32.79,17.1,1,2024-05-01 09:00:00
SHP01502,Chandigarh,Nagpur,,General Network,Chandigarh_Nagpur,Rural,Mini Truck,1454,,Heavy Rain,0.438,0,,1000,Economy,Morning Rush,Tuesday,88.528,50.186,88.528,3157.6,0,2024-04-09 08:00:00
SHP01503,Pune,Surat,,General Network,Pune_Surat,City Road,Carting Vehicle,759,0.92,Heavy Rain,0.66,0,0.27,2800,Same-Day,Morning Rush,Sunday,76.801,24.0,76.801,2873.2,1,2024-12-15 09:00:00
SHP01504,Patna,Hyderabad,Kolkata,General Network,Patna_Hyderabad,Expressway,Mini Truck,1839,0.29,Rain,0.306,0,0.33,1100,Standard,Evening Rush,Saturday,37.085,29.176,37.085,934.6,0,2024-09-14 21:00:00
SHP01505,Kolkata,Chennai,,General Network,Kolkata_Chennai,Mixed,Mini Truck,1906,0.61,Fog,0.47,2,0.26,3200,Express,Night,Wednesday,73.016,48.0,73.016,2263.2,1,2024-10-16 22:00:00
SHP01506,Chandigarh,Mumbai,,General Network,Chandigarh_Mumbai,Expressway,Express Van,434,0.87,Storm,0.838,6,0.79,1000,Same-Day,Morning Rush,Saturday,15.844,7.261,15.844,712.3,0,2024-01-27 06:00:00
SHP01507,Kolkata,Mumbai,,General Network,Kolkata_Mumbai,City Road,Container,233,0.32,Storm,0.432,4,0.6,3200,Economy,Evening Rush,Saturday,26.36,13.559,26.36,1111.7,0,2024-09-14 18:00:00
SHP01508,Indore,Delhi,,General Network,Indore_Delhi,City Road,Express Van,939,0.11,Storm,0.394,6,0.82,1400,Standard,Morning Rush,Saturday,58.834,34.046,58.834,2130.3,0,2024-06-01 08:00:00
SHP01509,Hyderabad,Jaipur,Nagpur,General Network,Hyderabad_Jaipur,Expressway,FTL Truck,649,0.17,Fog,0.258,4,0.39,3800,Standard,Morning Rush,Thursday,12.862,10.859,12.862,361.8,0,2024-07-11 07:00:00
SHP01510,Kolkata,Hyderabad,,General Network,Kolkata_Hyderabad,Highway,Container,1057,0.69,Clear,0.55,6,0.34,3200,Express,Evening Rush,Friday,23.671,21.995,23.671,487.6,0,2024-02-09 18:00:00
SHP01511,Bhopal,Ahmedabad,,General Network,Bhopal_Ahmedabad,Expressway,Container,2056,0.61,Clear,0.658,0,0.73,1200,Express,Evening Rush,Wednesday,35.308,36.925,35.308,590.8,0,2024-11-27 21:00:00
SHP01512,Kolkata,Delhi,,Northern-Eastern Corridor,Kolkata_Delhi,Highway,Carting Vehicle,316,0.17,Clear,0.406,0,0.76,3200,Same-Day,Afternoon,Friday,5.889,9.581,5.889,37.3,0,2024-05-17 17:00:00
SHP01513,Mumbai,Kochi,,General Network,Mumbai_Kochi,Mixed,Carting Vehicle,418,0.3,Rain,0.264,2,0.21,5000,Standard,Afternoon,Thursday,17.488,15.646,17.488,492.0,0,2024-07-04 14:00:00
SHP01514,Bhopal,Coimbatore,,General Network,Bhopal_Coimbatore,City Road,Express Van,871,0.4,Fog,0.584,4,0.86,1200,Economy,Morning Rush,Monday,49.913,30.888,49.913,1696.4,0,2024-12-16 09:00:00
SHP01515,Coimbatore,Vizag,Vadodara,General Network,Coimbatore_Vizag,Expressway,Carting Vehicle,1749,0.63,Cloudy,0.586,1,0.52,900,Economy,Evening Rush,Tuesday,46.464,34.365,46.464,1315.0,0,2024-04-16 20:00:00
SHP01516,Coimbatore,Chandigarh,,General Network,Coimbatore_Chandigarh,Rural,Carting Vehicle,1286,0.3,Clear,0.468,5,0.72,900,Express,Midday,Sunday,46.555,48.0,46.555,507.1,0,2024-07-14 11:00:00
SHP01517,Pune,Ahmedabad,Chandigarh,General Network,Pune_Ahmedabad,Highway,FTL Truck,1312,0.82,Rain,0.704,0,0.53,2800,Standard,Evening Rush,Monday,38.482,22.771,38.482,1324.9,0,2024-07-22 19:00:00
SHP01518,Jaipur,Coimbatore,Vadodara,General Network,Jaipur_Coimbatore,Highway,Express Van,2201,0.44,Rain,0.656,3,0.98,2200,Economy,Morning Rush,Sunday,53.184,34.306,53.184,1755.6,0,2024-04-28 06:00:00
SHP01519,Ahmedabad,Coimbatore,,General Network,Ahmedabad_Coimbatore,Mixed,Mini Truck,1527,0.76,Storm,0.756,0,0.75,2600,Express,Morning Rush,Thursday,93.426,41.712,93.426,3908.9,1,2024-10-31 09:00:00
SHP01520,Kolkata,Coimbatore,Kochi,General Network,Kolkata_Coimbatore,Highway,Container,308,0.3,Heavy Rain,0.28,2,0.25,3200,Same-Day,Evening Rush,Sunday,10.325,9.204,10.325,347.8,0,2024-02-11 20:00:00
SHP01521,Kolkata,Lucknow,,General Network,Kolkata_Lucknow,Expressway,FTL Truck,2494,0.18,Clear,0.224,5,0.29,3200,Express,Afternoon,Monday,29.552,37.232,29.552,197.9,0,2024-09-23 14:00:00
SHP01522,Chandigarh,Lucknow,,General Network,Chandigarh_Lucknow,Mixed,Container,638,0.64,Fog,0.564,6,0.45,1000,Economy,Afternoon,Sunday,34.189,19.448,34.189,1300.8,0,2024-07-28 16:00:00
SHP01523,Nagpur,Vizag,,General Network,Nagpur_Vizag,Highway,FTL Truck,1389,0.49,Fog,0.53,5,0.59,1600,Standard,Afternoon,Saturday,38.424,24.244,38.424,1263.7,0,2024-08-24 17:00:00
SHP01524,Patna,Kolkata,Pune,Eastern Corridor,Patna_Kolkata,Expressway,Container,2408,0.37,Clear,0.434,3,0.53,1100,Economy,Morning Rush,Thursday,44.826,43.333,44.826,900.4,0,2024-09-26 07:00:00
SHP01525,Delhi,Hyderabad,,General Network,Delhi_Hyderabad,City Road,Mini Truck,862,0.17,Storm,0.498,2,0.99,4800,Standard,Morning Rush,Friday,69.771,40.258,69.771,2544.3,0,2024-05-03 08:00:00
SHP01526,Coimbatore,Surat,,General Network,Coimbatore_Surat,Rural,FTL Truck,1103,0.38,Fog,0.5,0,0.68,900,Standard,Night,Tuesday,48.672,35.863,48.672,1449.7,0,2024-07-09 22:00:00
SHP01527,Coimbatore,Ahmedabad,Lucknow,General Network,Coimbatore_Ahmedabad,Rural,Carting Vehicle,595,0.71,Storm,0.798,4,0.93,900,Economy,Afternoon,Thursday,70.17,24.535,70.17,3152.4,0,2024-06-13 16:00:00
SHP01528,Bangalore,Pune,Surat,General Network,Bangalore_Pune,Rural,Express Van,526,0.85,Fog,0.866,1,0.89,4200,Standard,Evening Rush,Sunday,26.426,14.363,26.426,975.7,0,2024-12-22 18:00:00
SHP01529,Nagpur,Jaipur,,General Network,Nagpur_Jaipur,Highway,Express Van,333,0.31,Cloudy,0.366,1,0.45,1600,Same-Day,Morning Rush,Friday,5.251,7.791,5.251,97.9,0,2024-06-21 07:00:00
SHP01530,Bhopal,Lucknow,Bangalore,General Network,Bhopal_Lucknow,Rural,Carting Vehicle,2422,0.67,Fog,0.774,0,0.93,1200,Economy,Midday,Wednesday,185.427,94.722,185.427,6819.8,1,2024-09-04 12:00:00
SHP01531,Bhopal,Indore,Kolkata,General Network,Bhopal_Indore,Mixed,Carting Vehicle,1864,0.29,Clear,0.454,1,0.7,1200,Standard,Midday,Saturday,52.393,57.675,52.393,658.3,0,2024-01-06 11:00:00
SHP01532,Kolkata,Lucknow,,General Network,Kolkata_Lucknow,Highway,FTL Truck,1068,0.47,Storm,0.654,1,,3200,Express,Morning Rush,Saturday,39.08,18.732,39.08,1543.8,0,2024-10-05 09:00:00
SHP01533,Lucknow,Surat,,General Network,Lucknow_Surat,Rural,Container,216,0.89,Cloudy,0.702,5,0.42,2000,Same-Day,Evening Rush,Thursday,11.541,11.132,11.541,353.6,0,2024-06-06 20:00:00
SHP01534,Bangalore,Hyderabad,,General Network,Bangalore_Hyderabad,Mixed,Express Van,2457,0.47,Heavy Rain,0.45,4,0.42,4200,Standard,Morning Rush,Thursday,89.292,48.061,89.292,3221.0,1,2024-10-03 08:00:00
SHP01535,Patna,Delhi,,General Network,Patna_Delhi,Rural,Express Van,340,0.85,Rain,0.906,5,0.99,1100,Express,Morning Rush,Tuesday,17.537,12.828,17.537,658.0,0,2024-02-06 06:00:00
SHP01536,Surat,Bhopal,,General Network,Surat_Bhopal,Rural,Carting Vehicle,264,0.77,Fog,0.73,1,0.67,1800,Same-Day,Evening Rush,Sunday,16.758,12.698,16.758,536.2,0,2024-07-14 19:00:00
SHP01537,Bhopal,Kolkata,,General Network,Bhopal_Kolkata,City Road,Carting Vehicle,1109,0.31,Fog,0.39,4,0.51,1200,Same-Day,Midday,Tuesday,69.114,24.0,69.114,1612.0,1,2024-01-09 13:00:00
SHP01538,Lucknow,Hyderabad,,General Network,Lucknow_Hyderabad,Rural,Express Van,2190,0.1,Storm,0.276,1,0.54,2000,Express,Night,Wednesday,93.03,48.0,93.03,3042.6,1,2024-12-11 22:00:00
SHP01539,Ahmedabad,Jaipur,Vadodara,General Network,Ahmedabad_Jaipur,Rural,Express Van,1668,0.19,Cloudy,0.502,4,0.97,2600,Economy,Midday,Monday,48.672,46.135,48.672,986.4,0,2024-05-27 11:00:00
SHP01540,Kolkata,Bhopal,,General Network,Kolkata_Bhopal,Mixed,Express Van,204,0.12,Cloudy,0.24,2,0.42,3200,Same-Day,Night,Sunday,4.3,7.88,4.3,80.6,0,2024-10-13 22:00:00
SHP01541,Nagpur,Jaipur,,General Network,Nagpur_Jaipur,Expressway,Carting Vehicle,1826,0.61,Storm,0.706,4,0.85,1600,Standard,Afternoon,Tuesday,86.279,35.936,86.279,3639.0,1,2024-01-23 14:00:00
SHP01542,Vizag,Coimbatore,,General Network,Vizag_Coimbatore,City Road,Container,2366,0.82,Clear,0.68,1,0.47,850,Standard,Evening Rush,Saturday,132.859,72.0,132.859,3199.8,1,2024-05-25 18:00:00
SHP01543,Coimbatore,Bhopal,,General Network,Coimbatore_Bhopal,Expressway,Mini Truck,198,0.11,Heavy Rain,0.37,3,0.76,900,Same-Day,Midday,Sunday,5.403,4.339,5.403,185.3,0,2024-01-14 12:00:00
SHP01544,Jaipur,Chandigarh,,General Network,Jaipur_Chandigarh,Highway,Mini Truck,1414,0.85,Rain,0.726,5,0.54,2200,Economy,Morning Rush,Sunday,54.346,29.442,54.346,2082.4,0,2024-08-04 06:00:00
SHP01545,Indore,Coimbatore,,General Network,Indore_Coimbatore,Rural,Carting Vehicle,1897,0.36,Rain,0.364,2,0.37,1400,Express,Afternoon,Tuesday,94.825,48.0,94.825,2317.0,1,2024-01-09 16:00:00
SHP01546,Bhopal,Vadodara,,General Network,Bhopal_Vadodara,City Road,Express Van,1173,0.14,Heavy Rain,0.428,5,0.86,1200,Same-Day,Midday,Wednesday,52.478,24.0,52.478,1400.1,1,2024-12-25 11:00:00
SHP01547,Patna,Chennai,,General Network,Patna_Chennai,Rural,Express Van,1099,0.15,Clear,0.446,6,0.89,1100,Express,Night,Monday,24.243,31.63,24.243,180.4,0,2024-06-03 22:00:00
SHP01548,Bangalore,Patna,,General Network,Bangalore_Patna,City Road,Container,2373,0.32,Fog,0.512,6,0.8,4200,Same-Day,Morning Rush,Tuesday,130.73,24.0,130.73,3057.9,1,2024-04-23 06:00:00
SHP01549,Bangalore,Mumbai,,Western-Southern Corridor,Bangalore_Mumbai,Highway,Container,933,0.62,Cloudy,0.644,0,0.68,4200,Economy,Evening Rush,Saturday,25.777,22.463,25.777,723.4,0,2024-12-28 21:00:00
SHP01550,Coimbatore,Indore,,General Network,Coimbatore_Indore,Expressway,Mini Truck,1823,0.39,Clear,0.362,1,0.32,900,Express,Afternoon,Thursday,26.383,29.563,26.383,303.7,0,2024-10-31 14:00:00
SHP01551,Vadodara,Indore,,General Network,Vadodara_Indore,City Road,Container,1013,0.16,Cloudy,0.484,1,0.97,750,Standard,Midday,Saturday,42.905,48.874,42.905,531.3,0,2024-08-17 13:00:00
SHP01552,Patna,Lucknow,,General Network,Patna_Lucknow,Rural,Mini Truck,660,0.9,Rain,0.676,3,0.34,1100,Economy,Morning Rush,Sunday,45.158,24.338,45.158,1731.7,0,2024-12-22 07:00:00
SHP01553,Vizag,Chandigarh,,General Network,Vizag_Chandigarh,Expressway,Express Van,1078,0.65,Rain,0.69,5,0.75,850,Economy,Afternoon,Friday,26.867,14.588,26.867,1020.0,0,2024-08-23 14:00:00
SHP01554,Mumbai,Jaipur,,General Network,Mumbai_Jaipur,Expressway,Mini Truck,696,0.6,Heavy Rain,0.532,2,0.43,5000,Economy,Afternoon,Sunday,25.899,13.451,25.899,1065.5,0,2024-02-11 15:00:00
SHP01555,Nagpur,Pune,,General Network,Nagpur_Pune,Rural,Express Van,934,0.78,Clear,0.792,5,0.81,1600,Standard,Morning Rush,Wednesday,32.163,26.747,32.163,846.9,0,2024-05-22 07:00:00
SHP01556,Nagpur,Bhopal,Kolkata,General Network,Nagpur_Bhopal,Rural,Carting Vehicle,1113,0.77,Storm,0.774,2,0.78,1600,Express,Afternoon,Sunday,109.964,46.49,109.964,4619.2,1,2024-08-04 17:00:00
SHP01557,Pune,Hyderabad,,General Network,Pune_Hyderabad,Expressway,FTL Truck,234,0.88,Heavy Rain,0.62,3,0.23,2800,Standard,Afternoon,Friday,8.9,6.542,8.9,386.2,0,2024-12-06 17:00:00
SHP01558,Bangalore,Chennai,,Southern Corridor,Bangalore_Chennai,Mixed,Express Van,1415,0.99,Storm,0.702,0,0.27,4200,Economy,Evening Rush,Tuesday,90.395,30.81,90.395,4193.3,0,2024-05-21 18:00:00
SHP01559,Lucknow,Surat,,General Network,Lucknow_Surat,Expressway,FTL Truck,2204,0.56,Heavy Rain,0.66,3,0.81,2000,Economy,Evening Rush,Friday,69.174,32.76,69.174,2758.4,0,2024-11-29 18:00:00
SHP01560,Hyderabad,Mumbai,,General Network,Hyderabad_Mumbai,Rural,Express Van,1616,0.46,Storm,0.668,4,0.98,3800,Express,Midday,Monday,89.086,42.7,89.086,3471.5,1,2024-03-25 13:00:00
SHP01561,Mumbai,Pune,Chennai,Mumbai-Pune Expressway,Mumbai_Pune,Mixed,Mini Truck,1389,0.48,Storm,0.46,0,0.43,5000,Express,Afternoon,Sunday,72.336,38.097,72.336,2796.8,1,2024-02-04 14:00:00
SHP01562,Pune,Bangalore,Coimbatore,General Network,Pune_Bangalore,Mixed,FTL Truck,1090,0.38,Heavy Rain,0.408,6,0.45,2800,Economy,Afternoon,Friday,50.333,25.63,50.333,1930.0,0,2024-09-13 16:00:00
SHP01563,Lucknow,Surat,,General Network,Lucknow_Surat,City Road,Express Van,775,0.65,,0.562,0,0.43,2000,Express,Evening Rush,Sunday,27.39,26.359,27.39,488.1,0,2024-12-15 19:00:00
SHP01564,Chandigarh,Coimbatore,,General Network,Chandigarh_Coimbatore,Rural,FTL Truck,2162,0.97,Clear,0.954,0,0.93,1000,Express,Evening Rush,Thursday,79.575,48.0,79.575,1891.8,1,2024-05-16 19:00:00
SHP01565,Vizag,Bangalore,,General Network,Vizag_Bangalore,Rural,Carting Vehicle,1443,0.72,Cloudy,0.668,4,0.59,850,Same-Day,Morning Rush,Thursday,65.994,24.0,65.994,1394.3,1,2024-12-12 08:00:00
SHP01566,Vizag,Indore,,General Network,Vizag_Indore,Rural,Mini Truck,995,0.51,Rain,0.63,1,0.81,850,Standard,Morning Rush,Saturday,49.927,35.289,49.927,1521.5,0,2024-06-08 08:00:00
SHP01567,Delhi,Bangalore,,General Network,Delhi_Bangalore,City Road,Express Van,807,0.88,Fog,0.668,1,0.35,4800,Standard,Morning Rush,Friday,51.708,28.918,51.708,1899.5,0,2024-05-03 07:00:00
SHP01568,Chennai,Pune,Delhi,General Network,Chennai_Pune,Highway,Carting Vehicle,454,0.52,Fog,0.452,0,0.35,3500,Same-Day,Afternoon,Wednesday,13.685,11.835,13.685,367.1,0,2024-06-19 17:00:00
SHP01569,Bangalore,Nagpur,,General Network,Bangalore_Nagpur,City Road,FTL Truck,1920,0.83,Clear,0.674,3,0.44,4200,Express,Afternoon,Saturday,85.518,48.0,85.518,1839.7,1,2024-07-27 17:00:00
SHP01570,Lucknow,Nagpur,Jaipur,General Network,Lucknow_Nagpur,Rural,Mini Truck,1330,0.31,Heavy Rain,0.522,2,0.84,2000,Economy,Morning Rush,Tuesday,84.279,44.426,84.279,3086.4,0,2024-10-29 09:00:00
SHP01571,Surat,Hyderabad,Kochi,General Network,Surat_Hyderabad,Highway,FTL Truck,502,0.94,Heavy Rain,0.936,6,0.93,1800,Same-Day,Morning Rush,Thursday,19.237,11.72,19.237,777.7,0,2024-12-19 08:00:00
SHP01572,Hyderabad,Pune,Patna,General Network,Hyderabad_Pune,Rural,Mini Truck,604,0.58,Cloudy,0.56,4,0.53,3800,Standard,Evening Rush,Friday,25.965,22.385,25.965,663.1,0,2024-11-22 18:00:00
SHP01573,Vadodara,Kochi,,General Network,Vadodara_Kochi,Expressway,Container,433,0.27,Cloudy,0.33,4,0.42,750,Standard,Afternoon,Wednesday,8.78,10.504,8.78,205.1,0,2024-11-20 17:00:00
SHP01574,Hyderabad,Kochi,,General Network,Hyderabad_Kochi,Expressway,Carting Vehicle,1994,0.23,Clear,0.234,5,0.24,3800,Express,Midday,Friday,33.003,40.322,33.003,301.0,0,2024-05-10 12:00:00
SHP01575,Chennai,Kolkata,Patna,General Network,Chennai_Kolkata,Mixed,Express Van,284,0.4,Rain,0.608,6,0.92,3500,Standard,Night,Saturday,11.339,9.177,11.339,433.4,0,2024-03-16 22:00:00
SHP01576,Delhi,Surat,Mumbai,General Network,Delhi_Surat,Mixed,Carting Vehicle,1340,0.34,Clear,0.416,2,0.53,4800,Express,Afternoon,Wednesday,35.982,41.308,35.982,372.3,0,2024-11-06 16:00:00
SHP01577,Jaipur,Bangalore,,General Network,Jaipur_Bangalore,Mixed,Mini Truck,230,0.45,Storm,0.57,1,0.75,2200,Same-Day,Evening Rush,Friday,12.097,7.075,12.097,470.2,0,2024-09-20 21:00:00
SHP01578,Coimbatore,Patna,,General Network,Coimbatore_Patna,Expressway,Container,1677,0.66,Rain,0.552,1,0.39,900,Economy,Morning Rush,Tuesday,50.059,31.708,50.059,1757.5,0,2024-10-29 06:00:00
SHP01579,Chennai,Ahmedabad,,General Network,Chennai_Ahmedabad,Mixed,Express Van,1916,0.53,Heavy Rain,0.586,5,0.67,3500,Standard,Night,Saturday,74.065,38.416,74.065,2777.8,1,2024-05-11 22:00:00
SHP01580,Surat,Ahmedabad,,General Network,Surat_Ahmedabad,Mixed,Express Van,1172,0.17,Cloudy,0.41,0,0.77,1800,Same-Day,Afternoon,Monday,19.043,24.0,19.043,123.4,0,2024-04-29 15:00:00
SHP01581,Vizag,Ahmedabad,,General Network,Vizag_Ahmedabad,Mixed,Mini Truck,2412,0.53,Rain,0.602,6,0.71,850,Standard,Night,Friday,91.96,62.298,91.96,2837.6,1,2024-05-10 22:00:00
SHP01582,Indore,Vizag,,General Network,Indore_Vizag,Expressway,Carting Vehicle,2281,0.63,Rain,0.51,6,0.33,1400,Economy,Morning Rush,Tuesday,78.139,46.243,78.139,2767.5,0,2024-10-01 06:00:00
SHP01583,Chennai,Vizag,,General Network,Chennai_Vizag,City Road,Express Van,2207,0.29,Cloudy,0.394,4,0.55,3500,Express,Evening Rush,Sunday,70.115,48.0,70.115,917.0,1,2024-07-28 21:00:00
SHP01584,Vadodara,Indore,Coimbatore,General Network,Vadodara_Indore,Rural,Mini Truck,1449,0.98,Rain,0.904,4,0.79,750,Express,Midday,Thursday,83.576,48.0,83.576,2867.9,1,2024-11-21 12:00:00
SHP01585,Surat,Indore,,General Network,Surat_Indore,Rural,Container,1970,0.73,Fog,0.674,4,0.59,1800,Express,Midday,Monday,114.118,48.0,114.118,3756.9,1,2024-12-16 11:00:00
SHP01586,Surat,Chennai,Hyderabad,General Network,Surat_Chennai,Highway,Mini Truck,1766,0.33,Fog,0.35,4,,1800,Economy,Evening Rush,Sunday,53.808,34.319,53.808,1756.8,0,2024-11-24 19:00:00
SHP01587,Vadodara,Indore,,General Network,Vadodara_Indore,Expressway,Carting Vehicle,320,0.94,Fog,0.648,6,0.21,750,Economy,Midday,Sunday,16.127,10.179,16.127,698.1,0,2024-07-21 12:00:00
SHP01588,Bangalore,Nagpur,,General Network,Bangalore_Nagpur,Mixed,Carting Vehicle,1264,0.93,Heavy Rain,0.686,4,0.32,4200,Express,Midday,Sunday,83.096,40.605,83.096,3300.4,1,2024-11-03 11:00:00
SHP01589,Bhopal,Kochi,,General Network,Bhopal_Kochi,Highway,Mini Truck,2155,0.69,Fog,0.51,0,0.24,1200,Same-Day,Midday,Wednesday,59.621,24.0,59.621,1781.4,1,2024-06-19 13:00:00
SHP01590,Ahmedabad,Indore,,General Network,Ahmedabad_Indore,Mixed,Mini Truck,1222,0.19,Heavy Rain,0.306,2,0.48,2600,Economy,Morning Rush,Saturday,54.129,32.762,54.129,1890.0,0,2024-07-20 07:00:00
SHP01591,Bhopal,Coimbatore,,General Network,Bhopal_Coimbatore,Rural,Carting Vehicle,949,0.55,Storm,0.426,2,0.24,1200,Economy,Midday,Thursday,100.93,37.982,100.93,4368.7,0,2024-12-19 10:00:00
SHP01592,Nagpur,Patna,,General Network,Nagpur_Patna,Expressway,Container,1563,0.43,Storm,0.35,0,0.23,1600,Express,Midday,Monday,53.337,28.759,53.337,2038.9,1,2024-12-02 12:00:00
SHP01593,Mumbai,Coimbatore,Vadodara,General Network,Mumbai_Coimbatore,Expressway,Container,853,0.22,Rain,0.504,3,0.93,5000,Same-Day,Evening Rush,Monday,16.723,16.781,16.723,369.6,0,2024-05-27 18:00:00
SHP01594,Vadodara,Mumbai,Surat,General Network,Vadodara_Mumbai,Expressway,Container,2151,0.73,Rain,0.818,4,0.95,750,Standard,Afternoon,Sunday,61.498,35.903,61.498,2091.6,0,2024-10-20 14:00:00
SHP01595,Vadodara,Kolkata,Nagpur,General Network,Vadodara_Kolkata,Rural,Mini Truck,2224,0.93,Cloudy,0.838,1,0.7,750,Standard,Afternoon,Saturday,106.325,72.0,106.325,3084.7,1,2024-08-10 17:00:00
SHP01596,Kochi,Delhi,,General Network,Kochi_Delhi,Expressway,Express Van,981,0.37,Clear,0.498,5,0.69,800,Same-Day,Evening Rush,Tuesday,12.352,15.737,12.352,202.4,0,2024-10-01 21:00:00
SHP01597,Chennai,Nagpur,,General Network,Chennai_Nagpur,Expressway,Carting Vehicle,331,0.75,Fog,0.794,2,0.86,3500,Express,Evening Rush,Wednesday,12.181,8.422,12.181,452.1,0,2024-07-03 20:00:00
SHP01598,Delhi,Bangalore,,General Network,Delhi_Bangalore,Highway,Express Van,1297,0.52,Clear,0.668,6,0.89,4800,Same-Day,Afternoon,Tuesday,21.156,19.614,21.156,423.5,0,2024-12-03 14:00:00
SHP01599,Chandigarh,Hyderabad,,General Network,Chandigarh_Hyderabad,City Road,Mini Truck,519,0.97,Rain,0.77,2,0.47,1000,Same-Day,Afternoon,Monday,35.926,22.8,35.926,1167.0,1,2024-09-30 16:00:00
SHP01600,Nagpur,Chandigarh,,General Network,Nagpur_Chandigarh,City Road,Carting Vehicle,1629,0.31,Fog,0.314,2,0.32,1600,Same-Day,Afternoon,Friday,99.559,24.0,99.559,2250.1,1,2024-10-25 17:00:00
SHP01601,Vadodara,Lucknow,,General Network,Vadodara_Lucknow,Expressway,Mini Truck,1195,,Rain,0.404,4,0.32,750,Standard,Afternoon,Sunday,28.558,22.136,28.558,874.9,0,2024-12-01 15:00:00
SHP01602,Lucknow,Mumbai,,General Network,Lucknow_Mumbai,Expressway,Mini Truck,489,0.83,Clear,0.898,3,1.0,2000,Same-Day,Midday,Saturday,10.457,10.795,10.457,284.2,0,2024-12-21 13:00:00
SHP01603,Chennai,Kochi,Bangalore,General Network,Chennai_Kochi,Rural,Container,998,0.41,Storm,0.338,5,0.23,3500,Same-Day,Evening Rush,Sunday,67.412,24.0,67.412,2479.2,1,2024-04-07 18:00:00
SHP01604,Patna,Nagpur,,General Network,Patna_Nagpur,Mixed,FTL Truck,1678,0.78,Storm,0.688,0,0.55,1100,Standard,Evening Rush,Saturday,100.468,39.655,100.468,4350.1,1,2024-09-07 19:00:00
SHP01605,Kolkata,Vizag,,General Network,Kolkata_Vizag,Rural,Mini Truck,1612,0.91,Rain,0.674,5,0.32,3200,Standard,Evening Rush,Thursday,98.236,55.085,98.236,3506.0,1,2024-08-15 18:00:00
SHP01606,Nagpur,Pune,Bangalore,General Network,Nagpur_Pune,Expressway,Express Van,2277,0.89,Heavy Rain,0.87,5,0.84,1600,Express,Midday,Saturday,61.368,29.913,61.368,2431.5,1,2024-03-09 12:00:00
SHP01607,Pune,Jaipur,Chandigarh,General Network,Pune_Jaipur,Rural,Container,2016,0.11,Clear,0.234,0,0.42,2800,Express,Midday,Tuesday,53.446,48.0,53.446,44.4,1,2024-12-10 13:00:00
SHP01608,Patna,Bangalore,,General Network,Patna_Bangalore,Rural,Carting Vehicle,128,0.73,Fog,0.79,5,0.88,1100,Standard,Evening Rush,Friday,12.382,6.844,12.382,515.4,0,2024-07-05 19:00:00
SHP01609,Vizag,Hyderabad,Chennai,General Network,Vizag_Hyderabad,Expressway,Express Van,1081,0.26,Clear,0.552,3,0.99,850,Express,Night,Monday,13.615,14.429,13.615,223.2,0,2024-09-16 22:00:00
SHP01610,Bangalore,Kolkata,,General Network,Bangalore_Kolkata,City Road,FTL Truck,755,0.34,Cloudy,0.496,2,0.73,4200,Express,Midday,Sunday,28.143,31.0,28.143,394.3,0,2024-11-24 10:00:00
SHP01611,Vadodara,Lucknow,Bhopal,General Network,Vadodara_Lucknow,Expressway,Express Van,970,0.67,Rain,0.57,2,0.42,750,Economy,Afternoon,Monday,22.434,12.98,22.434,813.3,0,2024-02-19 16:00:00
SHP01612,Patna,Pune,Chennai,General Network,Patna_Pune,Mixed,Carting Vehicle,2297,0.15,Clear,0.346,5,0.64,1100,Same-Day,Night,Wednesday,51.758,24.0,51.758,42.8,1,2024-08-07 22:00:00
SHP01613,Vizag,Jaipur,Pune,General Network,Vizag_Jaipur,Expressway,Mini Truck,1182,0.7,Clear,0.552,0,0.33,850,Same-Day,Evening Rush,Thursday,18.565,19.362,18.565,284.4,0,2024-04-04 20:00:00
SHP01614,Indore,Mumbai,,General Network,Indore_Mumbai,City Road,Mini Truck,305,0.93,Clear,0.786,3,0.57,1400,Economy,Morning Rush,Saturday,20.152,16.247,20.152,628.2,0,2024-08-10 09:00:00
SHP01615,Ahmedabad,Chandigarh,,General Network,Ahmedabad_Chandigarh,Expressway,FTL Truck,389,0.53,Cloudy,0.606,5,0.72,2600,Same-Day,Evening Rush,Saturday,8.038,8.506,8.038,236.6,0,2024-09-21 18:00:00
SHP01616,Lucknow,Chennai,Bangalore,General Network,Lucknow_Chennai,Mixed,FTL Truck,1684,,Heavy Rain,0.524,1,0.86,2000,Express,Evening Rush,Wednesday,59.145,38.513,59.145,1864.7,1,2024-08-07 20:00:00
SHP01617,Indore,Delhi,,General Network,Indore_Delhi,Rural,Container,2413,0.71,Storm,0.63,2,0.51,1400,Express,Afternoon,Thursday,201.811,48.0,201.811,8323.6,1,2024-03-07 16:00:00
SHP01618,Chennai,Chandigarh,Nagpur,General Network,Chennai_Chandigarh,Highway,Express Van,2320,0.6,Clear,0.472,3,0.28,3500,Standard,Midday,Tuesday,38.282,33.826,38.282,783.9,0,2024-05-21 11:00:00
SHP01619,Ahmedabad,Bangalore,,General Network,Ahmedabad_Bangalore,Mixed,Carting Vehicle,1724,0.8,Cloudy,0.668,1,0.47,2600,Economy,Night,Saturday,77.315,50.905,77.315,2340.2,0,2024-12-28 22:00:00
SHP01620,Jaipur,Vizag,Ahmedabad,General Network,Jaipur_Vizag,Highway,Carting Vehicle,2161,0.8,Cloudy,0.676,1,0.49,2200,Express,Evening Rush,Wednesday,60.391,48.0,60.391,1462.4,1,2024-01-03 19:00:00
SHP01621,Surat,Bangalore,,General Network,Surat_Bangalore,Expressway,Express Van,1500,0.44,Rain,0.412,5,0.37,1800,Same-Day,Midday,Thursday,23.455,22.08,23.455,583.5,0,2024-02-15 10:00:00
SHP01622,Ahmedabad,Pune,Vizag,General Network,Ahmedabad_Pune,Highway,Express Van,2091,0.56,Fog,0.62,5,0.71,2600,Same-Day,Evening Rush,Monday,44.89,24.0,44.89,1329.7,1,2024-11-04 20:00:00
SHP01623,Bangalore,Coimbatore,,General Network,Bangalore_Coimbatore,Highway,Express Van,2446,0.47,Cloudy,0.506,0,0.56,4200,Standard,Afternoon,Friday,40.933,36.883,40.933,860.7,0,2024-07-19 14:00:00
SHP01624,Ahmedabad,Kochi,,General Network,Ahmedabad_Kochi,Mixed,Carting Vehicle,2391,0.5,Rain,0.56,0,0.65,2600,Express,Evening Rush,Saturday,96.277,48.0,96.277,2588.6,1,2024-12-07 19:00:00
SHP01625,Mumbai,Bhopal,Lucknow,General Network,Mumbai_Bhopal,Rural,Express Van,1983,0.95,Cloudy,0.858,5,0.72,5000,Same-Day,Midday,Tuesday,66.034,24.0,66.034,1662.9,1,2024-01-23 13:00:00
SHP01626,Kochi,Bhopal,,General Network,Kochi_Bhopal,Expressway,Express Van,100,1.0,Rain,0.788,6,0.47,800,Economy,Afternoon,Sunday,5.662,5.625,5.662,284.8,0,2024-10-27 15:00:00
SHP01627,Patna,Pune,,General Network,Patna_Pune,Highway,Express Van,1275,0.45,Fog,0.626,6,0.89,1100,Standard,Afternoon,Wednesday,31.265,22.773,31.265,1044.4,0,2024-10-23 15:00:00
SHP01628,Bhopal,Chennai,Coimbatore,General Network,Bhopal_Chennai,Highway,Mini Truck,1364,0.96,Clear,0.84,3,0.66,1200,Standard,Evening Rush,Sunday,34.804,27.032,34.804,951.6,0,2024-06-23 20:00:00
SHP01629,Hyderabad,Pune,Chandigarh,General Network,Hyderabad_Pune,Expressway,Express Van,194,0.56,Storm,0.5,5,0.41,3800,Express,Evening Rush,Thursday,7.506,5.422,7.506,343.8,0,2024-06-27 19:00:00
SHP01630,Indore,Vadodara,,General Network,Indore_Vadodara,Mixed,FTL Truck,2354,0.3,Cloudy,0.304,3,0.31,1400,Economy,Evening Rush,Tuesday,61.415,53.775,61.415,1330.9,0,2024-08-13 20:00:00
SHP01631,Nagpur,Chandigarh,Coimbatore,General Network,Nagpur_Chandigarh,Highway,Container,1635,0.61,Storm,0.71,1,0.86,1600,Express,Morning Rush,Monday,74.096,35.949,74.096,3003.1,1,2024-02-05 08:00:00
SHP01632,Ahmedabad,Indore,,General Network,Ahmedabad_Indore,Highway,Carting Vehicle,2300,0.27,Cloudy,0.494,3,0.83,2600,Economy,Morning Rush,Friday,58.463,51.604,58.463,1207.8,0,2024-05-03 07:00:00
SHP01633,Pune,Vadodara,,General Network,Pune_Vadodara,City Road,Mini Truck,216,0.12,Rain,0.28,5,0.52,2800,Same-Day,Afternoon,Saturday,11.44,9.924,11.44,275.0,0,2024-11-09 17:00:00
SHP01634,Pune,Nagpur,,General Network,Pune_Nagpur,Expressway,Express Van,671,0.8,Fog,0.752,0,0.68,2800,Economy,Evening Rush,Wednesday,17.153,12.323,17.153,660.7,0,2024-01-17 18:00:00
SHP01635,Jaipur,Lucknow,Nagpur,General Network,Jaipur_Lucknow,Mixed,Express Van,1091,0.58,Fog,0.676,2,0.82,2200,Same-Day,Midday,Saturday,30.88,24.0,30.88,904.1,1,2024-05-11 11:00:00
SHP01636,Hyderabad,Vizag,,General Network,Hyderabad_Vizag,Highway,Mini Truck,1596,0.47,Rain,0.678,1,0.99,3800,Express,Night,Monday,40.158,33.255,40.158,1079.5,0,2024-08-05 22:00:00
SHP01637,Patna,Kochi,,General Network,Patna_Kochi,Expressway,FTL Truck,778,0.31,Clear,0.454,1,0.67,1100,Express,Evening Rush,Saturday,9.421,12.018,9.421,73.9,0,2024-06-15 18:00:00
SHP01638,Pune,Vadodara,Kolkata,General Network,Pune_Vadodara,Mixed,Container,2072,0.83,Storm,0.758,6,0.65,2800,Express,Morning Rush,Tuesday,140.428,48.0,140.428,5988.0,1,2024-12-24 08:00:00
SHP01639,Lucknow,Vadodara,Mumbai,General Network,Lucknow_Vadodara,Rural,Container,2470,0.84,Heavy Rain,0.736,5,0.58,2000,Express,Night,Saturday,180.816,48.0,180.816,6974.5,1,2024-10-12 22:00:00
SHP01640,Mumbai,Nagpur,Vizag,General Network,Mumbai_Nagpur,Highway,Carting Vehicle,413,0.57,Storm,0.522,5,0.45,5000,Standard,Morning Rush,Thursday,24.759,10.585,24.759,1072.5,0,2024-12-26 06:00:00
SHP01641,Nagpur,Lucknow,Patna,General Network,Nagpur_Lucknow,Rural,Mini Truck,362,0.35,Rain,0.45,1,0.6,1600,Standard,Morning Rush,Wednesday,16.413,13.898,16.413,448.5,0,2024-01-10 09:00:00
SHP01642,Kochi,Patna,Nagpur,General Network,Kochi_Patna,Rural,FTL Truck,2085,0.31,Rain,0.498,0,0.78,800,Express,Midday,Saturday,75.445,48.0,75.445,1746.7,1,2024-04-06 12:00:00
SHP01643,Coimbatore,Chandigarh,Vadodara,General Network,Coimbatore_Chandigarh,City Road,Mini Truck,285,0.58,Cloudy,0.636,3,0.72,900,Express,Morning Rush,Thursday,15.556,13.3,15.556,390.5,0,2024-09-05 08:00:00
SHP01644,Surat,Vizag,Hyderabad,General Network,Surat_Vizag,Highway,FTL Truck,2423,0.19,Fog,0.21,0,0.24,1800,Economy,Midday,Sunday,58.949,44.275,58.949,1719.7,0,2024-12-08 10:00:00
SHP01645,Nagpur,Bangalore,,General Network,Nagpur_Bangalore,Mixed,FTL Truck,1533,0.86,Cloudy,0.644,5,0.32,1600,Standard,Midday,Friday,49.506,34.23,49.506,1437.4,0,2024-05-17 12:00:00
SHP01646,Kochi,Surat,Kolkata,General Network,Kochi_Surat,Mixed,Express Van,1408,0.58,Cloudy,0.728,2,0.95,800,Standard,Evening Rush,Tuesday,34.521,30.736,34.521,846.9,0,2024-11-26 20:00:00
SHP01647,Mumbai,Chandigarh,,General Network,Mumbai_Chandigarh,Rural,FTL Truck,1339,1.0,Heavy Rain,0.988,1,0.97,5000,Same-Day,Morning Rush,Sunday,83.524,24.0,83.524,3226.1,1,2024-11-03 08:00:00
SHP01648,Vizag,Ahmedabad,Lucknow,General Network,Vizag_Ahmedabad,Highway,Container,1936,0.96,Cloudy,0.964,3,0.97,850,Same-Day,Evening Rush,Saturday,49.372,24.0,49.372,1254.1,1,2024-08-24 21:00:00
SHP01649,Lucknow,Pune,Kochi,General Network,Lucknow_Pune,Rural,Express Van,792,0.66,Cloudy,0.624,3,0.57,2000,Same-Day,Afternoon,Monday,23.572,22.52,23.572,496.1,0,2024-12-30 15:00:00
SHP01650,Delhi,Pune,,General Network,Delhi_Pune,Mixed,Carting Vehicle,1303,0.34,Fog,0.456,0,0.63,4800,Standard,Morning Rush,Friday,55.968,40.317,55.968,1620.8,0,2024-01-26 06:00:00
SHP01651,Kochi,Lucknow,Hyderabad,General Network,Kochi_Lucknow,Highway,Mini Truck,1788,0.73,Fog,0.674,3,0.59,800,Standard,Midday,Monday,59.873,36.059,59.873,2102.4,0,2024-03-11 10:00:00
SHP01652,Delhi,Jaipur,,NCR-Rajasthan Corridor,Delhi_Jaipur,Expressway,FTL Truck,326,0.64,Fog,0.492,2,0.27,4800,Express,Morning Rush,Sunday,8.495,6.428,8.495,303.8,0,2024-12-29 09:00:00
SHP01653,Kolkata,Pune,,General Network,Kolkata_Pune,Expressway,Express Van,2421,0.54,Rain,0.68,3,0.89,3200,Standard,Midday,Wednesday,46.673,32.25,46.673,1470.8,0,2024-04-24 12:00:00
SHP01654,Vadodara,Coimbatore,,General Network,Vadodara_Coimbatore,Rural,Carting Vehicle,1442,0.24,Heavy Rain,0.396,1,0.63,750,Same-Day,Morning Rush,Sunday,78.803,24.0,78.803,2164.6,1,2024-09-01 08:00:00
SHP01655,Ahmedabad,Mumbai,,Gujarat-Maharashtra Corridor,Ahmedabad_Mumbai,City Road,Carting Vehicle,1072,0.77,Cloudy,0.69,6,0.57,2600,Economy,Morning Rush,Saturday,83.518,54.153,83.518,2560.8,0,2024-01-20 07:00:00
SHP01656,Patna,Bhopal,,General Network,Patna_Bhopal,Highway,Express Van,1430,0.23,Storm,0.378,1,0.6,1100,Same-Day,Midday,Saturday,35.947,24.0,35.947,1224.2,1,2024-05-25 11:00:00
SHP01657,Chennai,Bhopal,Ahmedabad,General Network,Chennai_Bhopal,Mixed,FTL Truck,1212,0.76,Heavy Rain,0.676,2,0.55,3500,Express,Afternoon,Wednesday,55.145,28.861,55.145,2096.7,1,2024-01-10 14:00:00
SHP01658,Kochi,Kolkata,Jaipur,General Network,Kochi_Kolkata,Rural,Container,1128,0.72,Cloudy,0.62,1,0.47,800,Economy,Midday,Tuesday,57.703,39.416,57.703,1692.8,0,2024-09-03 13:00:00
SHP01659,Pune,Delhi,Bangalore,General Network,Pune_Delhi,City Road,Express Van,2044,0.19,Cloudy,0.25,2,0.34,2800,Economy,Midday,Monday,72.516,68.852,72.516,1304.0,0,2024-01-29 13:00:00
SHP01660,Surat,Bangalore,Lucknow,General Network,Surat_Bangalore,Expressway,Carting Vehicle,227,0.84,Clear,0.688,6,0.46,1800,Express,Evening Rush,Monday,8.112,6.568,8.112,295.6,0,2024-09-30 21:00:00
SHP01661,Delhi,Lucknow,,UP Corridor,Delhi_Lucknow,City Road,Express Van,743,0.45,Cloudy,0.374,4,0.26,4800,Same-Day,Evening Rush,Friday,25.749,24.0,25.749,437.4,1,2024-01-19 21:00:00
SHP01662,Bangalore,Vadodara,Coimbatore,General Network,Bangalore_Vadodara,Highway,FTL Truck,1389,0.41,Cloudy,0.562,5,0.79,4200,Same-Day,Evening Rush,Monday,25.292,24.0,25.292,475.8,1,2024-11-11 21:00:00
SHP01663,Surat,Indore,,General Network,Surat_Indore,Expressway,Mini Truck,635,0.82,Clear,0.628,4,0.34,1800,Economy,Afternoon,Thursday,15.274,12.297,15.274,470.8,0,2024-02-08 17:00:00
SHP01664,Bhopal,Ahmedabad,,General Network,Bhopal_Ahmedabad,Rural,FTL Truck,268,0.51,Cloudy,0.686,2,0.95,1200,Standard,Night,Tuesday,10.341,10.992,10.341,263.2,0,2024-07-16 22:00:00
SHP01665,Bhopal,Chandigarh,,General Network,Bhopal_Chandigarh,Expressway,Carting Vehicle,210,0.72,Clear,0.732,3,0.75,1200,Same-Day,Morning Rush,Thursday,5.623,8.497,5.623,160.5,0,2024-08-01 09:00:00
SHP01666,Pune,Hyderabad,,General Network,Pune_Hyderabad,Expressway,Container,1687,0.63,Fog,0.47,6,0.23,2800,Standard,Night,Saturday,49.218,30.251,49.218,1699.6,0,2024-07-27 22:00:00
SHP01667,Vizag,Nagpur,,General Network,Vizag_Nagpur,Highway,Mini Truck,261,0.94,Fog,0.66,2,0.24,850,Same-Day,Midday,Monday,9.105,6.354,9.105,328.8,0,2024-09-02 11:00:00
SHP01668,Mumbai,Coimbatore,Chandigarh,General Network,Mumbai_Coimbatore,City Road,Carting Vehicle,557,0.84,Storm,0.816,4,0.78,5000,Economy,Evening Rush,Saturday,89.267,30.417,89.267,4082.9,0,2024-06-29 19:00:00
SHP01669,Coimbatore,Ahmedabad,,General Network,Coimbatore_Ahmedabad,Highway,FTL Truck,2512,0.79,Fog,0.746,4,0.68,900,Express,Midday,Monday,73.122,42.956,73.122,2503.3,1,2024-10-07 12:00:00
SHP01670,Bangalore,Lucknow,Nagpur,General Network,Bangalore_Lucknow,Expressway,Container,2215,0.13,Heavy Rain,0.298,4,0.55,4200,Same-Day,Morning Rush,Sunday,47.77,24.0,47.77,1220.4,1,2024-09-08 09:00:00
SHP01671,Nagpur,Patna,Indore,General Network,Nagpur_Patna,Highway,Mini Truck,478,,Rain,0.35,6,0.44,1600,Same-Day,Midday,Wednesday,11.146,10.217,11.146,270.4,0,2024-01-17 10:00:00
SHP01672,Bhopal,Surat,,General Network,Bhopal_Surat,City Road,Mini Truck,905,0.53,Cloudy,0.474,5,0.39,1200,Economy,Midday,Wednesday,52.584,40.273,52.584,1431.2,0,2024-10-30 11:00:00
SHP01673,Chennai,Indore,,General Network,Chennai_Indore,Rural,Carting Vehicle,323,0.11,Fog,0.178,2,0.28,3500,Economy,Afternoon,Monday,18.807,16.074,18.807,554.2,0,2024-06-24 15:00:00
SHP01674,Delhi,Vizag,Surat,General Network,Delhi_Vizag,Highway,Container,1083,0.86,Storm,0.724,3,0.52,4800,Express,Midday,Friday,56.058,23.214,56.058,2407.9,1,2024-07-19 12:00:00
SHP01675,Ahmedabad,Vizag,,General Network,Ahmedabad_Vizag,City Road,FTL Truck,1371,0.13,Storm,0.182,1,0.26,2600,Standard,Morning Rush,Wednesday,95.823,54.689,95.823,3399.1,1,2024-05-22 09:00:00
SHP01676,Kochi,Vadodara,Patna,General Network,Kochi_Vadodara,Expressway,Mini Truck,2125,0.78,Rain,0.596,4,0.32,800,Same-Day,Midday,Thursday,49.646,24.0,49.646,1487.5,1,2024-03-21 10:00:00
SHP01677,Surat,Bhopal,,General Network,Surat_Bhopal,Highway,Carting Vehicle,262,0.32,Clear,0.312,2,0.3,1800,Express,Morning Rush,Wednesday,6.459,7.085,6.459,125.5,0,2024-07-03 08:00:00
SHP01678,Coimbatore,Vadodara,,General Network,Coimbatore_Vadodara,Highway,Container,2156,0.87,Rain,0.654,6,0.33,900,Standard,Morning Rush,Sunday,76.738,43.943,76.738,2701.9,1,2024-12-29 09:00:00
SHP01679,Pune,Vadodara,Hyderabad,General Network,Pune_Vadodara,City Road,Express Van,2384,0.54,Heavy Rain,0.6,4,,2800,Same-Day,Afternoon,Wednesday,132.005,24.0,132.005,4366.5,1,2024-10-09 15:00:00
SHP01680,Mumbai,Kolkata,Chennai,General Network,Mumbai_Kolkata,City Road,Express Van,383,0.58,Rain,0.696,1,0.87,5000,Express,Morning Rush,Saturday,19.344,13.677,19.344,589.7,0,2024-07-06 07:00:00
SHP01681,Chennai,Kochi,Bangalore,General Network,Chennai_Kochi,Highway,Mini Truck,594,0.71,Storm,0.71,6,0.71,3500,Express,Morning Rush,Tuesday,29.588,11.751,29.588,1280.3,0,2024-02-13 06:00:00
SHP01682,Coimbatore,Vadodara,Delhi,General Network,Coimbatore_Vadodara,Highway,Express Van,684,0.86,Clear,0.716,5,0.5,900,Express,Afternoon,Thursday,14.482,12.874,14.482,422.8,0,2024-04-18 15:00:00
SHP01683,Ahmedabad,Lucknow,Chennai,General Network,Ahmedabad_Lucknow,Highway,Carting Vehicle,2423,0.78,Rain,0.712,0,0.61,2600,Standard,Midday,Sunday,92.8,56.288,92.8,3145.0,1,2024-04-28 11:00:00
SHP01684,Patna,Vadodara,Vizag,General Network,Patna_Vadodara,Highway,Mini Truck,2442,0.13,Rain,0.274,0,0.49,1100,Same-Day,Morning Rush,Tuesday,45.128,24.0,45.128,672.7,1,2024-08-20 09:00:00
SHP01685,Patna,Vizag,,General Network,Patna_Vizag,City Road,Carting Vehicle,1693,0.19,Clear,0.454,2,,1100,Standard,Afternoon,Thursday,75.449,72.0,75.449,657.2,1,2024-08-29 14:00:00
SHP01686,Patna,Jaipur,Surat,General Network,Patna_Jaipur,Highway,Mini Truck,2259,0.34,Cloudy,0.48,4,0.69,1100,Express,Midday,Saturday,41.857,42.775,41.857,628.9,0,2024-02-24 13:00:00
SHP01687,Bangalore,Pune,Delhi,General Network,Bangalore_Pune,Expressway,FTL Truck,1855,0.85,Rain,0.594,1,0.21,4200,Standard,Midday,Monday,46.422,27.775,46.422,1613.7,0,2024-07-22 13:00:00
SHP01688,Bangalore,Mumbai,,Western-Southern Corridor,Bangalore_Mumbai,Mixed,Express Van,1413,0.37,Fog,0.554,1,0.83,4200,Economy,Afternoon,Thursday,45.277,28.776,45.277,1487.9,0,2024-02-01 14:00:00
SHP01689,Coimbatore,Indore,Delhi,General Network,Coimbatore_Indore,Expressway,Container,2242,0.44,Fog,0.548,4,0.71,900,Same-Day,Morning Rush,Friday,49.563,24.0,49.563,1307.9,1,2024-07-26 09:00:00
SHP01690,Patna,Chandigarh,,General Network,Patna_Chandigarh,Highway,Mini Truck,2068,0.95,Clear,0.894,1,0.81,1100,Economy,Morning Rush,Saturday,57.665,39.128,57.665,1736.6,0,2024-04-13 07:00:00
SHP01691,Chennai,Hyderabad,,Deccan-Southern Corridor,Chennai_Hyderabad,Highway,Container,246,0.73,Heavy Rain,0.654,0,0.54,3500,Standard,Afternoon,Monday,10.882,6.047,10.882,435.9,0,2024-07-01 16:00:00
SHP01692,Bhopal,Chandigarh,,General Network,Bhopal_Chandigarh,Rural,Carting Vehicle,2418,0.7,Cloudy,0.668,5,0.62,1200,Express,Midday,Saturday,116.604,48.0,116.604,2697.5,1,2024-03-23 13:00:00
SHP01693,Chennai,Coimbatore,,General Network,Chennai_Coimbatore,Highway,Express Van,325,0.32,Cloudy,0.272,6,0.2,3500,Express,Midday,Thursday,6.805,7.209,6.805,196.3,0,2024-06-27 12:00:00
SHP01694,Chennai,Coimbatore,,General Network,Chennai_Coimbatore,Expressway,Mini Truck,1840,0.29,Cloudy,0.434,2,0.65,3500,Standard,Afternoon,Wednesday,30.227,31.868,30.227,522.4,0,2024-04-10 17:00:00
SHP01695,Indore,Surat,,General Network,Indore_Surat,City Road,Mini Truck,474,0.69,Fog,0.618,3,0.51,1400,Express,Evening Rush,Monday,34.452,21.365,34.452,1164.3,0,2024-03-04 21:00:00
SHP01696,Indore,Chandigarh,Mumbai,General Network,Indore_Chandigarh,Highway,Express Van,1037,0.43,Heavy Rain,0.542,3,0.71,1400,Standard,Evening Rush,Sunday,28.668,19.177,28.668,1043.8,0,2024-03-03 18:00:00
SHP01697,Indore,Vadodara,Mumbai,General Network,Indore_Vadodara,Mixed,Express Van,971,0.78,Fog,0.672,3,0.51,1400,Express,Afternoon,Sunday,33.884,21.945,33.884,1188.7,0,2024-11-17 16:00:00
SHP01698,Ahmedabad,Jaipur,Delhi,General Network,Ahmedabad_Jaipur,Rural,Mini Truck,2320,0.73,Storm,0.834,5,0.99,2600,Express,Afternoon,Thursday,186.554,48.0,186.554,7756.2,1,2024-07-04 16:00:00
SHP01699,Surat,Mumbai,,General Network,Surat_Mumbai,Mixed,FTL Truck,538,0.11,Cloudy,0.358,6,0.73,1800,Economy,Afternoon,Monday,14.075,14.998,14.075,306.5,0,2024-04-08 14:00:00
SHP01700,Vadodara,Coimbatore,,General Network,Vadodara_Coimbatore,Highway,Carting Vehicle,2185,0.1,Cloudy,0.356,4,0.74,750,Standard,Evening Rush,Friday,45.413,51.756,45.413,539.8,0,2024-12-06 18:00:00
SHP01701,Vadodara,Delhi,,General Network,Vadodara_Delhi,Mixed,Carting Vehicle,347,0.28,Heavy Rain,0.548,0,0.95,750,Economy,Midday,Sunday,19.377,14.941,19.377,700.0,0,2024-11-17 13:00:00
SHP01702,Bhopal,Nagpur,,General Network,Bhopal_Nagpur,Rural,FTL Truck,2287,0.65,Storm,0.51,0,0.3,1200,Economy,Night,Sunday,190.56,68.712,190.56,8384.3,1,2024-02-11 22:00:00
SHP01703,Indore,Lucknow,,General Network,Indore_Lucknow,Highway,FTL Truck,995,0.67,Heavy Rain,0.682,5,0.7,1400,Economy,Evening Rush,Thursday,40.428,18.914,40.428,1679.5,0,2024-05-02 19:00:00
SHP01704,Surat,Vadodara,,General Network,Surat_Vadodara,Highway,Mini Truck,1038,0.35,Heavy Rain,0.558,1,0.87,1800,Economy,Midday,Tuesday,38.2,22.678,38.2,1427.0,0,2024-12-03 11:00:00
SHP01705,Hyderabad,Kochi,Patna,General Network,Hyderabad_Kochi,City Road,Mini Truck,1093,0.92,Storm,0.688,4,0.34,3800,Economy,Afternoon,Friday,150.111,49.548,150.111,6924.8,1,2024-04-05 16:00:00
SHP01706,Jaipur,Lucknow,,General Network,Jaipur_Lucknow,Rural,Carting Vehicle,2327,0.82,Storm,0.812,3,0.8,2200,Same-Day,Afternoon,Thursday,215.481,24.0,215.481,8792.0,1,2024-02-08 15:00:00
SHP01707,Ahmedabad,Jaipur,,General Network,Ahmedabad_Jaipur,Highway,FTL Truck,2412,0.64,Heavy Rain,0.632,2,0.62,2600,Same-Day,Morning Rush,Saturday,71.153,24.0,71.153,2460.2,1,2024-12-21 07:00:00
SHP01708,Indore,Kolkata,Chandigarh,General Network,Indore_Kolkata,Expressway,Container,490,0.15,Fog,0.466,4,0.94,1400,Economy,Evening Rush,Tuesday,13.646,12.707,13.646,454.6,0,2024-04-30 20:00:00
SHP01709,Kolkata,Bhopal,,General Network,Kolkata_Bhopal,Expressway,Carting Vehicle,410,0.23,Storm,0.322,2,0.46,3200,Standard,Evening Rush,Saturday,15.992,10.838,15.992,614.2,0,2024-09-07 20:00:00
SHP01710,Patna,Vadodara,,General Network,Patna_Vadodara,City Road,Mini Truck,392,0.87,Fog,0.702,2,0.45,1100,Same-Day,Afternoon,Monday,28.877,18.197,28.877,986.0,1,2024-08-19 14:00:00
SHP01711,Bangalore,Chennai,Vadodara,Southern Corridor,Bangalore_Chennai,Expressway,Mini Truck,2268,0.97,Storm,0.806,1,0.56,4200,Express,Midday,Thursday,96.398,37.209,96.398,4192.3,1,2024-02-22 11:00:00
SHP01712,Lucknow,Kolkata,,General Network,Lucknow_Kolkata,City Road,FTL Truck,243,0.59,Cloudy,0.55,1,0.49,2000,Standard,Midday,Thursday,12.092,10.69,12.092,309.0,0,2024-05-09 10:00:00
SHP01713,Ahmedabad,Kolkata,,General Network,Ahmedabad_Kolkata,Highway,Container,1901,0.57,Clear,0.45,5,,2600,Economy,Morning Rush,Thursday,48.082,38.738,48.082,1207.6,0,2024-04-04 06:00:00
SHP01714,Mumbai,Chennai,,General Network,Mumbai_Chennai,Mixed,Container,391,0.37,Heavy Rain,0.478,2,0.64,5000,Standard,Midday,Thursday,18.869,13.419,18.869,672.1,0,2024-08-08 12:00:00
SHP01715,Surat,Bangalore,Pune,General Network,Surat_Bangalore,City Road,Express Van,178,0.4,Fog,0.54,0,0.75,1800,Same-Day,Midday,Saturday,8.034,8.9,8.034,216.7,0,2024-05-11 10:00:00
SHP01716,Pune,Delhi,,General Network,Pune_Delhi,Highway,FTL Truck,1401,1.0,Cloudy,0.724,1,0.31,2800,Economy,Midday,Friday,39.608,24.69,39.608,1325.7,0,2024-12-27 12:00:00
SHP01717,Hyderabad,Lucknow,Chandigarh,General Network,Hyderabad_Lucknow,City Road,Carting Vehicle,2436,0.62,Heavy Rain,0.764,6,0.98,3800,Same-Day,Midday,Sunday,216.272,24.0,216.272,7408.3,1,2024-07-21 13:00:00
SHP01718,Vadodara,Indore,Chandigarh,General Network,Vadodara_Indore,Mixed,FTL Truck,1628,0.32,Heavy Rain,0.548,2,0.89,750,Same-Day,Evening Rush,Tuesday,53.48,24.0,53.48,1580.8,1,2024-02-20 19:00:00
SHP01719,Mumbai,Delhi,Kolkata,Western Corridor,Mumbai_Delhi,Mixed,Express Van,500,0.6,Rain,0.472,5,0.28,5000,Same-Day,Midday,Tuesday,15.085,11.1,15.085,470.3,0,2024-01-02 10:00:00
SHP01720,Nagpur,Mumbai,,General Network,Nagpur_Mumbai,Rural,Container,886,0.62,Clear,0.676,0,0.76,1600,Economy,Midday,Friday,39.124,32.438,39.124,957.6,0,2024-03-22 13:00:00
SHP01721,Hyderabad,Kochi,,General Network,Hyderabad_Kochi,Highway,Mini Truck,1529,0.68,Rain,0.692,1,0.71,3800,Express,Afternoon,Saturday,43.838,32.587,43.838,1356.1,0,2024-03-30 16:00:00
SHP01722,Pune,Indore,,General Network,Pune_Indore,Highway,FTL Truck,1429,0.92,Clear,0.88,6,0.82,2800,Standard,Midday,Friday,33.681,24.948,33.681,949.1,0,2024-08-16 11:00:00
SHP01723,Ahmedabad,Bangalore,Lucknow,General Network,Ahmedabad_Bangalore,Expressway,Carting Vehicle,2297,0.12,Rain,0.444,2,0.93,2600,Standard,Midday,Friday,50.481,44.637,50.481,1094.5,0,2024-06-07 10:00:00
SHP01724,Nagpur,Surat,Pune,General Network,Nagpur_Surat,Rural,Container,1560,0.89,Storm,0.63,5,0.24,1600,Same-Day,Morning Rush,Wednesday,132.48,24.0,132.48,5501.7,1,2024-11-06 08:00:00
SHP01725,Patna,Vadodara,,General Network,Patna_Vadodara,Mixed,Express Van,1907,0.78,Cloudy,0.696,1,0.57,1100,Standard,Afternoon,Friday,51.269,36.931,51.269,1417.9,0,2024-10-18 17:00:00
SHP01726,Kochi,Patna,Bhopal,General Network,Kochi_Patna,Highway,Carting Vehicle,1665,0.26,Clear,0.484,1,0.82,800,Same-Day,Midday,Friday,30.219,24.0,30.219,148.1,1,2024-09-20 12:00:00
SHP01727,Bangalore,Kolkata,,General Network,Bangalore_Kolkata,Mixed,FTL Truck,1685,0.72,Storm,0.808,2,0.94,4200,Express,Midday,Monday,91.55,40.529,91.55,3808.0,1,2024-09-02 10:00:00
SHP01728,Surat,Bhopal,Chennai,General Network,Surat_Bhopal,Highway,Container,1533,0.71,Cloudy,0.746,4,0.8,1800,Express,Night,Monday,37.788,34.16,37.788,914.7,0,2024-10-14 22:00:00
SHP01729,Vizag,Jaipur,,General Network,Vizag_Jaipur,City Road,Mini Truck,115,0.73,Fog,0.534,4,0.24,850,Economy,Afternoon,Saturday,11.233,8.193,11.233,454.9,0,2024-11-30 15:00:00
SHP01730,Surat,Chandigarh,,General Network,Surat_Chandigarh,Rural,FTL Truck,2471,0.86,Rain,0.608,3,0.23,1800,Same-Day,Afternoon,Monday,112.104,24.0,112.104,3431.6,1,2024-06-24 15:00:00
SHP01731,Lucknow,Chandigarh,,General Network,Lucknow_Chandigarh,Rural,Mini Truck,1122,0.13,Fog,0.414,2,0.84,2000,Standard,Morning Rush,Saturday,47.922,38.332,47.922,1213.1,0,2024-11-16 07:00:00
SHP01732,Vadodara,Kochi,,General Network,Vadodara_Kochi,Expressway,Mini Truck,2136,0.56,Rain,0.488,5,0.38,750,Same-Day,Evening Rush,Friday,45.636,24.0,45.636,1239.2,1,2024-07-12 21:00:00
SHP01733,Pune,Surat,,General Network,Pune_Surat,Highway,FTL Truck,2017,1.0,Heavy Rain,0.888,0,0.72,2800,Express,Morning Rush,Monday,75.957,34.549,75.957,3044.7,1,2024-12-02 06:00:00
SHP01734,Mumbai,Coimbatore,Vadodara,General Network,Mumbai_Coimbatore,Mixed,Mini Truck,2152,0.63,Fog,0.506,1,0.32,5000,Express,Afternoon,Thursday,83.031,48.0,83.031,2590.7,1,2024-10-24 16:00:00
SHP01735,Surat,Delhi,Bangalore,General Network,Surat_Delhi,City Road,Carting Vehicle,1382,0.94,Cloudy,0.864,3,0.75,1800,Standard,Evening Rush,Saturday,102.597,72.0,102.597,2996.9,1,2024-05-25 20:00:00
SHP01736,Pune,Hyderabad,,General Network,Pune_Hyderabad,City Road,Mini Truck,1432,0.54,Cloudy,0.496,6,0.43,2800,Same-Day,Evening Rush,Tuesday,63.197,24.0,63.197,1064.2,1,2024-06-25 20:00:00
SHP01737,Delhi,Kolkata,Lucknow,Northern-Eastern Corridor,Delhi_Kolkata,Highway,FTL Truck,1362,0.52,Clear,0.416,3,0.26,4800,Economy,Midday,Monday,28.284,26.329,28.284,675.6,0,2024-02-26 11:00:00
SHP01738,Vadodara,Bangalore,,General Network,Vadodara_Bangalore,City Road,Mini Truck,512,0.39,Heavy Rain,0.454,3,0.55,750,Standard,Midday,Thursday,39.285,26.044,39.285,1381.9,0,2024-11-28 13:00:00
SHP01739,Mumbai,Indore,,General Network,Mumbai_Indore,Expressway,Mini Truck,113,0.6,Rain,0.552,5,0.48,5000,Same-Day,Midday,Saturday,4.647,2.922,4.647,199.5,0,2024-07-27 12:00:00
SHP01740,Bhopal,Mumbai,Chandigarh,General Network,Bhopal_Mumbai,Expressway,Container,980,0.65,Heavy Rain,0.686,6,0.74,1200,Economy,Morning Rush,Monday,40.137,20.208,40.137,1680.0,0,2024-04-08 07:00:00
SHP01741,Delhi,Mumbai,Indore,Western Corridor,Delhi_Mumbai,Mixed,Mini Truck,689,0.61,Cloudy,0.678,6,0.78,4800,Express,Evening Rush,Tuesday,23.029,18.186,23.029,616.2,0,2024-10-15 20:00:00
SHP01742,Mumbai,Bhopal,Bangalore,General Network,Mumbai_Bhopal,Highway,Mini Truck,375,0.68,Heavy Rain,0.78,0,0.93,5000,Standard,Midday,Saturday,15.518,7.994,15.518,618.6,0,2024-10-26 12:00:00
SHP01743,Patna,Bhopal,,General Network,Patna_Bhopal,Mixed,FTL Truck,888,0.44,Heavy Rain,0.576,4,0.78,1100,Express,Midday,Friday,35.507,23.596,35.507,1242.4,0,2024-11-01 11:00:00
SHP01744,Indore,Hyderabad,Coimbatore,General Network,Indore_Hyderabad,Highway,Carting Vehicle,1793,0.12,Clear,0.18,1,0.27,1400,Same-Day,Night,Friday,28.452,24.0,28.452,0.0,1,2024-03-15 22:00:00
SHP01745,Patna,Jaipur,Kochi,General Network,Patna_Jaipur,City Road,Express Van,2331,,Heavy Rain,0.476,3,0.65,1100,Standard,Midday,Tuesday,137.044,72.0,137.044,4747.9,1,2024-04-09 10:00:00
SHP01746,Mumbai,Chennai,,General Network,Mumbai_Chennai,City Road,Express Van,2178,0.33,Heavy Rain,0.502,2,0.76,5000,Standard,Morning Rush,Sunday,124.209,72.0,124.209,4205.9,1,2024-07-28 06:00:00
SHP01747,Bhopal,Mumbai,Delhi,General Network,Bhopal_Mumbai,Expressway,Carting Vehicle,1494,0.73,Rain,0.602,6,0.41,1200,Economy,Afternoon,Monday,53.785,30.136,53.785,1969.0,0,2024-10-07 14:00:00
SHP01748,Vadodara,Jaipur,Vizag,General Network,Vadodara_Jaipur,Expressway,Mini Truck,442,0.51,Rain,0.662,3,0.89,750,Economy,Afternoon,Tuesday,13.587,10.147,13.587,505.0,0,2024-03-19 15:00:00
SHP01749,Delhi,Kolkata,Patna,Northern-Eastern Corridor,Delhi_Kolkata,Mixed,FTL Truck,597,0.74,Cloudy,0.764,2,0.8,4800,Economy,Morning Rush,Monday,20.683,15.999,20.683,644.0,0,2024-08-05 07:00:00
SHP01750,Vizag,Coimbatore,,General Network,Vizag_Coimbatore,Highway,Mini Truck,2467,0.44,Cloudy,0.664,6,1.0,850,Standard,Morning Rush,Sunday,53.858,47.874,53.858,1175.7,0,2024-04-07 09:00:00
SHP01751,Jaipur,Hyderabad,,General Network,Jaipur_Hyderabad,Mixed,Carting Vehicle,445,0.98,Storm,0.884,2,0.74,2200,Same-Day,Morning Rush,Monday,33.643,16.081,33.643,1425.2,1,2024-05-13 06:00:00
SHP01752,Mumbai,Hyderabad,Lucknow,General Network,Mumbai_Hyderabad,Expressway,Mini Truck,271,0.89,Clear,0.646,1,0.28,5000,Economy,Afternoon,Thursday,6.086,8.917,6.086,175.0,0,2024-08-29 15:00:00
SHP01753,Ahmedabad,Patna,Vizag,General Network,Ahmedabad_Patna,Mixed,Mini Truck,1308,0.64,Fog,0.608,1,0.56,2600,Same-Day,Morning Rush,Saturday,47.36,24.0,47.36,1388.3,1,2024-10-19 06:00:00
SHP01754,Delhi,Hyderabad,,General Network,Delhi_Hyderabad,Expressway,FTL Truck,710,0.75,Fog,0.534,0,0.21,4800,Same-Day,Midday,Saturday,15.449,11.37,15.449,478.5,0,2024-11-16 13:00:00
SHP01755,Vadodara,Kolkata,Chandigarh,General Network,Vadodara_Kolkata,Highway,Carting Vehicle,2035,0.66,Clear,0.76,2,0.91,750,Standard,Evening Rush,Saturday,53.345,46.427,53.345,1165.7,0,2024-04-27 19:00:00
SHP01756,Lucknow,Jaipur,,General Network,Lucknow_Jaipur,City Road,Mini Truck,1146,,Rain,0.716,6,0.74,2000,Express,Midday,Thursday,74.342,48.0,74.342,2277.7,1,2024-06-27 12:00:00
SHP01757,Delhi,Indore,Hyderabad,General Network,Delhi_Indore,Highway,Mini Truck,1049,0.94,Cloudy,0.96,6,0.99,4800,Express,Evening Rush,Thursday,29.426,23.074,29.426,891.4,0,2024-11-07 20:00:00
SHP01758,Indore,Mumbai,,General Network,Indore_Mumbai,Mixed,Mini Truck,1351,0.79,Rain,0.814,3,0.85,1400,Same-Day,Evening Rush,Monday,51.124,24.0,51.124,1566.3,1,2024-11-11 18:00:00
SHP01759,Bangalore,Lucknow,,General Network,Bangalore_Lucknow,Rural,Container,1494,0.15,Fog,0.474,6,0.96,4200,Standard,Morning Rush,Tuesday,68.562,52.798,68.562,1770.2,0,2024-06-18 06:00:00
SHP01760,Kochi,Vizag,Bangalore,General Network,Kochi_Vizag,Expressway,Express Van,1924,0.44,Cloudy,0.42,1,0.39,800,Express,Night,Tuesday,24.954,24.256,24.954,440.6,0,2024-01-30 22:00:00
SHP01761,Vizag,Jaipur,Chandigarh,General Network,Vizag_Jaipur,Expressway,Container,1434,0.65,Storm,0.682,5,0.73,850,Economy,Midday,Friday,68.356,25.734,68.356,3035.8,0,2024-09-13 12:00:00
SHP01762,Pune,Lucknow,Indore,General Network,Pune_Lucknow,Mixed,Carting Vehicle,736,0.23,Clear,0.494,2,0.89,2800,Standard,Morning Rush,Saturday,21.985,24.913,21.985,337.8,0,2024-03-09 06:00:00
SHP01763,Lucknow,Kochi,Ahmedabad,General Network,Lucknow_Kochi,City Road,Container,361,0.88,Fog,0.836,1,0.77,2000,Economy,Morning Rush,Tuesday,35.7,18.562,35.7,1413.9,0,2024-07-16 06:00:00
SHP01764,Patna,Chennai,Kolkata,General Network,Patna_Chennai,Expressway,Mini Truck,1181,0.99,Storm,0.954,0,0.9,1100,Same-Day,Afternoon,Thursday,46.666,20.301,46.666,1971.2,1,2024-01-25 14:00:00
SHP01765,Vadodara,Kolkata,,General Network,Vadodara_Kolkata,Expressway,Container,1980,0.93,Heavy Rain,0.802,4,0.61,750,Economy,Afternoon,Thursday,89.078,33.991,89.078,3873.5,0,2024-09-19 14:00:00
SHP01766,Lucknow,Bangalore,Coimbatore,General Network,Lucknow_Bangalore,City Road,FTL Truck,2473,0.93,Rain,0.934,1,0.94,2000,Standard,Evening Rush,Monday,174.051,72.0,174.051,6203.6,1,2024-06-17 19:00:00
SHP01767,Surat,Bangalore,,General Network,Surat_Bangalore,Mixed,Mini Truck,543,0.91,Cloudy,0.79,0,0.61,1800,Same-Day,Evening Rush,Saturday,16.545,15.986,16.545,389.4,0,2024-05-04 19:00:00
SHP01768,Nagpur,Patna,,General Network,Nagpur_Patna,Highway,Mini Truck,636,0.6,Clear,0.568,5,0.52,1600,Same-Day,Morning Rush,Monday,13.614,16.251,13.614,286.8,0,2024-08-26 06:00:00
SHP01769,Surat,Jaipur,,General Network,Surat_Jaipur,Mixed,Carting Vehicle,642,0.19,Clear,0.206,5,0.23,1800,Same-Day,Midday,Wednesday,16.11,21.307,16.11,110.6,0,2024-12-11 11:00:00
SHP01770,Chandigarh,Bangalore,Mumbai,General Network,Chandigarh_Bangalore,Mixed,Express Van,1805,0.37,Heavy Rain,0.582,2,0.9,1000,Express,Morning Rush,Saturday,58.437,35.428,58.437,1936.7,1,2024-11-16 08:00:00
SHP01771,Chandigarh,Kochi,Bhopal,General Network,Chandigarh_Kochi,City Road,Container,1788,0.78,Fog,0.564,3,0.24,1000,Economy,Evening Rush,Wednesday,164.852,80.456,164.852,6285.1,1,2024-07-24 18:00:00
SHP01772,Surat,Lucknow,,General Network,Surat_Lucknow,Highway,Carting Vehicle,821,0.67,Fog,0.658,4,0.64,1800,Standard,Evening Rush,Tuesday,33.904,22.448,33.904,1213.3,0,2024-09-24 18:00:00
SHP01773,Delhi,Nagpur,Bangalore,General Network,Delhi_Nagpur,Mixed,Container,1361,0.93,Rain,0.83,6,0.68,4800,Economy,Morning Rush,Saturday,76.663,39.653,76.663,2998.6,0,2024-08-17 07:00:00
SHP01774,Ahmedabad,Bangalore,,General Network,Ahmedabad_Bangalore,City Road,Container,463,0.59,Storm,0.71,3,0.89,2600,Express,Evening Rush,Friday,47.719,21.299,47.719,1929.4,0,2024-08-09 18:00:00
SHP01775,Lucknow,Hyderabad,,General Network,Lucknow_Hyderabad,Expressway,Container,1475,0.45,Storm,0.486,4,0.54,2000,Economy,Morning Rush,Sunday,63.072,27.636,63.072,2688.4,0,2024-03-17 06:00:00
SHP01776,Chandigarh,Patna,,General Network,Chandigarh_Patna,Mixed,Mini Truck,1756,0.97,Cloudy,0.97,0,0.97,1000,Same-Day,Afternoon,Friday,53.859,24.0,53.859,1280.4,1,2024-11-22 17:00:00
SHP01777,Nagpur,Coimbatore,Hyderabad,General Network,Nagpur_Coimbatore,City Road,Carting Vehicle,1966,0.27,Rain,0.45,6,0.72,1600,Economy,Evening Rush,Monday,146.326,99.722,146.326,4285.9,1,2024-07-01 21:00:00
SHP01778,Patna,Ahmedabad,Chandigarh,General Network,Patna_Ahmedabad,City Road,Mini Truck,764,0.93,Cloudy,0.646,5,0.22,1100,Same-Day,Afternoon,Monday,40.975,24.0,40.975,1003.2,1,2024-06-24 16:00:00
SHP01779,Coimbatore,Ahmedabad,,General Network,Coimbatore_Ahmedabad,Mixed,FTL Truck,2399,0.36,Heavy Rain,0.328,3,0.28,900,Economy,Evening Rush,Sunday,105.424,56.116,105.424,3926.5,0,2024-05-26 18:00:00
SHP01780,Patna,Ahmedabad,,General Network,Patna_Ahmedabad,Mixed,Mini Truck,2205,0.65,Heavy Rain,0.566,2,0.44,1100,Same-Day,Midday,Tuesday,95.915,24.0,95.915,3304.9,1,2024-04-16 11:00:00
SHP01781,Vadodara,Bangalore,,General Network,Vadodara_Bangalore,City Road,Express Van,198,0.58,Rain,0.72,3,0.93,750,Same-Day,Afternoon,Sunday,10.86,8.442,10.86,356.4,0,2024-06-09 14:00:00
SHP01782,Bhopal,Jaipur,Chennai,General Network,Bhopal_Jaipur,Highway,FTL Truck,327,0.67,Heavy Rain,0.674,1,0.68,1200,Economy,Night,Sunday,14.108,7.215,14.108,601.2,0,2024-05-05 22:00:00
SHP01783,Ahmedabad,Vizag,,General Network,Ahmedabad_Vizag,Expressway,Carting Vehicle,2370,0.59,Clear,0.514,3,0.4,2600,Economy,Morning Rush,Tuesday,55.025,44.395,55.025,1305.7,0,2024-12-10 06:00:00
SHP01784,Nagpur,Pune,Chandigarh,General Network,Nagpur_Pune,City Road,Carting Vehicle,1953,0.39,Heavy Rain,0.462,1,0.57,1600,Same-Day,Evening Rush,Wednesday,150.002,24.0,150.002,4536.1,1,2024-06-12 18:00:00
SHP01785,Vadodara,Nagpur,Bangalore,General Network,Vadodara_Nagpur,Expressway,Express Van,2437,0.96,Storm,0.764,2,0.47,750,Same-Day,Evening Rush,Monday,74.631,24.0,74.631,3139.5,1,2024-11-18 18:00:00
SHP01786,Patna,Chennai,,General Network,Patna_Chennai,Rural,Express Van,1503,0.91,Fog,0.806,4,0.65,1100,Same-Day,Midday,Saturday,66.56,24.0,66.56,2251.0,1,2024-07-06 10:00:00
SHP01787,Delhi,Chandigarh,Bangalore,General Network,Delhi_Chandigarh,Mixed,FTL Truck,393,0.45,Storm,0.45,6,0.45,4800,Express,Afternoon,Sunday,20.471,11.481,20.471,835.2,0,2024-12-29 15:00:00
SHP01788,Pune,Delhi,Chennai,General Network,Pune_Delhi,City Road,Container,2215,0.89,Heavy Rain,0.762,0,0.57,2800,Economy,Midday,Thursday,258.42,98.544,258.42,11038.0,1,2024-07-04 13:00:00
SHP01789,Kolkata,Surat,,General Network,Kolkata_Surat,Rural,Container,1267,0.28,,0.496,1,0.82,3200,Express,Afternoon,Saturday,38.195,46.268,38.195,304.3,0,2024-01-20 17:00:00
SHP01790,Kolkata,Indore,,General Network,Kolkata_Indore,Expressway,Container,2077,0.61,Fog,0.674,2,0.77,3200,Same-Day,Midday,Sunday,50.076,24.0,50.076,1461.3,1,2024-12-01 13:00:00
SHP01791,Surat,Lucknow,,General Network,Surat_Lucknow,Expressway,Container,559,0.91,Clear,0.654,6,0.27,1800,Standard,Afternoon,Sunday,14.91,13.204,14.91,479.2,0,2024-12-29 17:00:00
SHP01792,Pune,Ahmedabad,Kolkata,General Network,Pune_Ahmedabad,Mixed,Carting Vehicle,448,0.9,Storm,0.756,3,0.54,2800,Economy,Midday,Thursday,43.447,14.456,43.447,2009.5,0,2024-02-29 10:00:00
SHP01793,Vadodara,Bangalore,,General Network,Vadodara_Bangalore,City Road,Carting Vehicle,1365,0.14,Fog,0.256,6,0.43,750,Standard,Morning Rush,Friday,88.571,70.78,88.571,2194.3,1,2024-09-27 08:00:00
SHP01794,Bhopal,Lucknow,Hyderabad,General Network,Bhopal_Lucknow,Rural,FTL Truck,259,0.84,Cloudy,0.62,4,0.29,1200,Express,Midday,Friday,11.034,9.251,11.034,316.7,0,2024-07-19 12:00:00
SHP01795,Ahmedabad,Patna,,General Network,Ahmedabad_Patna,Expressway,Express Van,393,0.98,,0.896,5,0.77,2600,Standard,Morning Rush,Tuesday,13.801,7.929,13.801,612.2,0,2024-11-12 09:00:00
SHP01796,Chandigarh,Lucknow,,General Network,Chandigarh_Lucknow,Highway,FTL Truck,188,0.32,Rain,0.336,1,,1000,Standard,Morning Rush,Thursday,5.252,6.425,5.252,174.1,0,2024-08-08 06:00:00
SHP01797,Bangalore,Lucknow,Ahmedabad,General Network,Bangalore_Lucknow,Mixed,Express Van,1509,0.15,Heavy Rain,0.398,3,0.77,4200,Economy,Morning Rush,Tuesday,51.141,32.732,51.141,1756.3,0,2024-04-16 09:00:00
SHP01798,Chandigarh,Vizag,,General Network,Chandigarh_Vizag,Highway,Express Van,218,0.79,Clear,0.774,3,0.75,1000,Standard,Morning Rush,Monday,6.01,5.597,6.01,218.4,0,2024-04-15 07:00:00
SHP01799,Patna,Mumbai,,General Network,Patna_Mumbai,Highway,Mini Truck,1744,0.92,Rain,0.908,3,0.89,1100,Same-Day,Morning Rush,Wednesday,52.168,24.0,52.168,1676.7,1,2024-01-31 06:00:00
SHP01800,Surat,Vizag,,General Network,Surat_Vizag,Highway,FTL Truck,905,0.35,Clear,0.306,3,0.24,1800,Economy,Afternoon,Friday,17.155,19.084,17.155,350.5,0,2024-07-26 16:00:00
SHP01801,Chandigarh,Lucknow,,General Network,Chandigarh_Lucknow,Rural,Container,1490,0.89,Storm,0.67,3,0.34,1000,Express,Midday,Saturday,136.529,48.0,136.529,5854.5,1,2024-06-15 10:00:00
SHP01802,Vizag,Surat,,General Network,Vizag_Surat,Rural,FTL Truck,1804,0.29,Rain,0.502,4,0.82,850,Same-Day,Midday,Monday,61.901,24.0,61.901,1308.8,1,2024-03-25 13:00:00
SHP01803,Vizag,Kochi,,General Network,Vizag_Kochi,City Road,Carting Vehicle,877,0.46,Fog,0.536,5,0.65,850,Economy,Afternoon,Monday,80.336,46.077,80.336,2815.6,0,2024-08-12 17:00:00
SHP01804,Bhopal,Patna,Kolkata,General Network,Bhopal_Patna,Rural,Mini Truck,1056,0.95,Fog,0.734,3,0.41,1200,Economy,Evening Rush,Saturday,78.738,36.498,78.738,3159.8,0,2024-02-24 20:00:00
SHP01805,Kochi,Patna,,General Network,Kochi_Patna,Expressway,FTL Truck,2186,0.33,Heavy Rain,0.442,0,0.61,800,Standard,Morning Rush,Saturday,53.13,32.671,53.13,1807.2,0,2024-10-05 09:00:00
SHP01806,Pune,Bhopal,,General Network,Pune_Bhopal,Highway,Container,219,0.44,Clear,0.376,3,0.28,2800,Economy,Evening Rush,Tuesday,6.55,7.252,6.55,199.8,0,2024-03-26 18:00:00
SHP01807,Mumbai,Nagpur,,General Network,Mumbai_Nagpur,Rural,Mini Truck,1743,0.97,Rain,0.954,1,0.93,5000,Same-Day,Evening Rush,Sunday,92.278,24.0,92.278,2954.5,1,2024-04-28 21:00:00
SHP01808,Jaipur,Mumbai,Chandigarh,General Network,Jaipur_Mumbai,City Road,Express Van,1556,0.35,Rain,0.398,4,,2200,Same-Day,Morning Rush,Thursday,60.196,24.0,60.196,1292.3,1,2024-01-04 08:00:00
SHP01809,Hyderabad,Kolkata,Bhopal,General Network,Hyderabad_Kolkata,Expressway,Container,600,0.44,Cloudy,0.532,2,0.67,3800,Express,Night,Thursday,11.829,13.871,11.829,263.9,0,2024-07-18 22:00:00
SHP01810,Delhi,Vadodara,,General Network,Delhi_Vadodara,Rural,FTL Truck,238,0.98,Storm,0.856,2,0.67,4800,Economy,Morning Rush,Wednesday,24.108,11.55,24.108,1129.1,0,2024-07-03 07:00:00
SHP01811,Bangalore,Ahmedabad,Vizag,General Network,Bangalore_Ahmedabad,Expressway,FTL Truck,1146,0.32,Storm,0.532,5,0.85,4200,Same-Day,Evening Rush,Thursday,31.44,16.818,31.44,1162.6,1,2024-12-19 19:00:00
SHP01812,Kochi,Surat,,General Network,Kochi_Surat,Mixed,Express Van,1142,0.83,Rain,0.77,2,0.68,800,Standard,Midday,Thursday,39.795,24.82,39.795,1394.7,0,2024-05-30 10:00:00
SHP01813,Chandigarh,Nagpur,Lucknow,General Network,Chandigarh_Nagpur,Expressway,Express Van,565,0.25,Cloudy,0.234,0,0.21,1000,Economy,Evening Rush,Wednesday,8.6,11.18,8.6,205.7,0,2024-11-27 20:00:00
SHP01814,Patna,Vadodara,,General Network,Patna_Vadodara,Rural,Container,1769,0.27,Storm,0.342,0,0.45,1100,Same-Day,Evening Rush,Friday,105.743,24.0,105.743,3569.7,1,2024-09-20 21:00:00
SHP01815,Delhi,Bangalore,,General Network,Delhi_Bangalore,Highway,Mini Truck,1282,0.6,Heavy Rain,0.744,1,0.96,4800,Standard,Afternoon,Saturday,49.21,25.105,49.21,1884.3,0,2024-05-18 15:00:00
SHP01816,Bangalore,Surat,,General Network,Bangalore_Surat,City Road,Express Van,2311,0.74,Storm,0.772,6,0.82,4200,Express,Afternoon,Thursday,188.019,48.0,188.019,7836.2,1,2024-08-29 17:00:00
SHP01817,Chandigarh,Vadodara,,General Network,Chandigarh_Vadodara,Mixed,FTL Truck,1646,0.93,Clear,0.77,2,0.53,1000,Express,Midday,Sunday,45.013,38.03,45.013,1054.8,0,2024-10-13 10:00:00
SHP01818,Bangalore,Vizag,Chennai,General Network,Bangalore_Vizag,Expressway,FTL Truck,2449,0.94,Clear,0.944,3,0.95,4200,Same-Day,Afternoon,Wednesday,40.062,24.0,40.062,857.0,1,2024-07-24 14:00:00
SHP01819,Chennai,Vadodara,,General Network,Chennai_Vadodara,Mixed,Container,1347,0.51,Cloudy,0.642,1,0.84,3500,Standard,Afternoon,Friday,42.249,37.522,42.249,950.3,0,2024-11-29 16:00:00
SHP01820,Kolkata,Jaipur,Pune,General Network,Kolkata_Jaipur,Expressway,Express Van,2138,0.6,Storm,0.708,5,0.87,3200,Economy,Midday,Saturday,72.857,28.683,72.857,3197.2,0,2024-03-02 10:00:00
SHP01821,Surat,Chennai,Ahmedabad,General Network,Surat_Chennai,City Road,Container,2094,0.97,Clear,0.902,3,0.8,1800,Standard,Evening Rush,Saturday,126.672,72.0,126.672,3377.1,1,2024-03-16 19:00:00
SHP01822,Vizag,Pune,,General Network,Vizag_Pune,Mixed,Mini Truck,2257,0.16,Storm,0.276,6,0.45,850,Same-Day,Midday,Monday,91.855,24.0,91.855,3003.5,1,2024-01-08 12:00:00
SHP01823,Chandigarh,Mumbai,Vizag,General Network,Chandigarh_Mumbai,Mixed,FTL Truck,361,0.83,Clear,0.734,6,0.59,1000,Economy,Midday,Wednesday,13.877,11.877,13.877,471.6,0,2024-10-23 13:00:00
SHP01824,Delhi,Vadodara,,General Network,Delhi_Vadodara,Mixed,Container,1893,0.34,Cloudy,0.332,5,0.32,4800,Same-Day,Midday,Monday,46.798,24.0,46.798,580.8,1,2024-12-16 11:00:00
SHP01825,Nagpur,Delhi,,General Network,Nagpur_Delhi,Expressway,Express Van,2033,0.46,Rain,0.496,3,0.55,1600,Same-Day,Afternoon,Friday,31.697,24.0,31.697,785.3,1,2024-08-16 14:00:00
SHP01826,Kochi,Nagpur,Bhopal,General Network,Kochi_Nagpur,Highway,Express Van,340,0.4,Clear,0.364,1,0.31,800,Express,Morning Rush,Thursday,4.676,8.25,4.676,58.8,0,2024-04-25 07:00:00
SHP01827,Jaipur,Indore,,General Network,Jaipur_Indore,City Road,Carting Vehicle,244,0.32,Rain,0.468,5,0.69,2200,Economy,Morning Rush,Thursday,21.361,14.608,21.361,723.9,0,2024-06-20 08:00:00
SHP01828,Surat,Hyderabad,,General Network,Surat_Hyderabad,City Road,Mini Truck,1518,0.77,Rain,0.658,1,0.49,1800,Economy,Morning Rush,Saturday,122.903,65.947,122.903,4482.7,1,2024-01-13 07:00:00
SHP01829,Nagpur,Pune,Hyderabad,General Network,Nagpur_Pune,Expressway,Container,1873,0.94,Storm,0.708,3,0.36,1600,Economy,Night,Friday,101.625,33.942,101.625,4705.8,0,2024-03-22 22:00:00
SHP01830,Ahmedabad,Coimbatore,,General Network,Ahmedabad_Coimbatore,City Road,Container,1049,0.29,Cloudy,0.266,6,0.23,2600,Same-Day,Morning Rush,Sunday,44.166,24.0,44.166,534.3,1,2024-01-28 06:00:00
SHP01831,Kochi,Lucknow,Jaipur,General Network,Kochi_Lucknow,City Road,Express Van,1905,0.94,Storm,0.656,5,,800,Express,Night,Saturday,169.542,48.0,169.542,7332.7,1,2024-11-16 22:00:00
SHP01832,Nagpur,Bhopal,,General Network,Nagpur_Bhopal,Highway,Mini Truck,1212,0.9,Cloudy,0.82,0,0.7,1600,Same-Day,Afternoon,Sunday,27.363,24.0,27.363,631.8,1,2024-12-29 17:00:00
SHP01833,Chennai,Coimbatore,,General Network,Chennai_Coimbatore,Expressway,Container,1679,0.11,Fog,0.458,5,0.98,3500,Economy,Afternoon,Monday,40.572,30.795,40.572,1186.7,0,2024-02-19 17:00:00
SHP01834,Vizag,Ahmedabad,,General Network,Vizag_Ahmedabad,Expressway,Mini Truck,715,0.36,Fog,0.4,5,0.46,850,Express,Evening Rush,Monday,17.874,15.75,17.874,570.7,0,2024-11-04 19:00:00
SHP01835,Nagpur,Pune,,General Network,Nagpur_Pune,Rural,Container,2425,0.99,Storm,0.742,6,0.37,1600,Express,Night,Tuesday,232.184,48.0,232.184,10127.1,1,2024-12-10 22:00:00
SHP01836,Pune,Bangalore,Mumbai,General Network,Pune_Bangalore,Rural,Carting Vehicle,2488,0.19,Clear,0.358,6,0.61,2800,Express,Morning Rush,Saturday,81.676,48.0,81.676,477.5,1,2024-12-14 06:00:00
SHP01837,Indore,Patna,,General Network,Indore_Patna,Expressway,FTL Truck,2130,0.46,Storm,0.504,2,0.57,1400,Economy,Midday,Monday,77.227,32.275,77.227,3288.3,0,2024-05-06 10:00:00
SHP01838,Nagpur,Bangalore,Chandigarh,General Network,Nagpur_Bangalore,Highway,Carting Vehicle,780,0.38,Cloudy,0.584,3,0.89,1600,Same-Day,Evening Rush,Friday,16.955,20.937,16.955,237.3,0,2024-05-03 20:00:00
SHP01839,Ahmedabad,Lucknow,Delhi,General Network,Ahmedabad_Lucknow,Mixed,FTL Truck,1277,0.28,Rain,0.428,2,0.65,2600,Same-Day,Evening Rush,Thursday,32.335,24.0,32.335,663.1,1,2024-09-19 21:00:00
SHP01840,Hyderabad,Bangalore,Jaipur,General Network,Hyderabad_Bangalore,Highway,Mini Truck,997,0.95,Storm,0.77,3,0.5,3800,Express,Midday,Sunday,50.525,22.18,50.525,2200.6,1,2024-04-14 11:00:00
SHP01841,Lucknow,Vizag,Hyderabad,General Network,Lucknow_Vizag,Expressway,Container,106,0.98,Rain,0.804,3,0.54,2000,Express,Evening Rush,Friday,4.804,4.43,4.804,209.5,0,2024-01-12 20:00:00
SHP01842,Bhopal,Lucknow,,General Network,Bhopal_Lucknow,Rural,Mini Truck,1229,0.56,Heavy Rain,0.612,5,0.69,1200,Express,Morning Rush,Monday,75.159,40.683,75.159,2688.8,1,2024-11-11 06:00:00
SHP01843,Chandigarh,Chennai,,General Network,Chandigarh_Chennai,Expressway,Container,2105,0.2,Rain,0.292,6,0.43,1000,Same-Day,Midday,Monday,39.421,24.0,39.421,801.2,1,2024-09-09 12:00:00
SHP01844,Ahmedabad,Kochi,,General Network,Ahmedabad_Kochi,Expressway,Express Van,1462,0.22,Fog,0.512,0,0.95,2600,Standard,Evening Rush,Sunday,24.817,18.748,24.817,686.1,0,2024-04-07 20:00:00
SHP01845,Lucknow,Chandigarh,Delhi,General Network,Lucknow_Chandigarh,Expressway,Mini Truck,295,0.35,Clear,0.55,2,0.85,2000,Express,Morning Rush,Friday,5.551,7.066,5.551,126.1,0,2024-06-14 07:00:00
SHP01846,Coimbatore,Vadodara,,General Network,Coimbatore_Vadodara,Mixed,Express Van,773,0.45,Storm,0.546,5,0.69,900,Economy,Afternoon,Tuesday,40.246,19.063,40.246,1742.6,0,2024-07-02 14:00:00
SHP01847,Vadodara,Surat,Mumbai,General Network,Vadodara_Surat,City Road,FTL Truck,1075,0.72,Clear,0.636,6,0.51,750,Express,Afternoon,Friday,46.607,44.4,46.607,953.6,0,2024-08-02 15:00:00
SHP01848,Lucknow,Vadodara,Nagpur,General Network,Lucknow_Vadodara,Highway,Mini Truck,2474,0.33,Cloudy,0.366,3,0.42,2000,Economy,Midday,Friday,55.222,47.374,55.222,1251.6,0,2024-04-05 11:00:00
SHP01849,Delhi,Jaipur,,NCR-Rajasthan Corridor,Delhi_Jaipur,Mixed,Express Van,2143,0.98,Storm,0.844,3,0.64,4800,Economy,Night,Sunday,139.104,42.586,139.104,6482.8,1,2024-06-09 22:00:00
SHP01850,Pune,Ahmedabad,,General Network,Pune_Ahmedabad,Rural,Mini Truck,1385,0.1,Cloudy,0.4,4,0.85,2800,Economy,Afternoon,Sunday,48.423,45.56,48.423,853.5,0,2024-10-27 16:00:00
SHP01851,Chandigarh,Pune,,General Network,Chandigarh_Pune,Mixed,FTL Truck,1558,0.16,Clear,0.448,6,0.88,1000,Standard,Morning Rush,Saturday,31.903,36.296,31.903,356.2,0,2024-11-30 08:00:00
SHP01852,Vadodara,Kochi,,General Network,Vadodara_Kochi,Mixed,Mini Truck,1560,0.66,Clear,0.708,0,0.78,750,Express,Midday,Wednesday,40.872,41.807,40.872,719.0,0,2024-10-30 13:00:00
SHP01853,Kochi,Bhopal,,General Network,Kochi_Bhopal,Mixed,Container,2058,0.49,Heavy Rain,0.586,0,0.73,800,Standard,Midday,Saturday,101.812,56.862,101.812,3687.5,1,2024-12-28 11:00:00
SHP01854,Vizag,Nagpur,Hyderabad,General Network,Vizag_Nagpur,Highway,Container,994,0.48,Heavy Rain,0.416,4,0.32,850,Standard,Afternoon,Tuesday,38.266,20.782,38.266,1418.9,0,2024-10-22 17:00:00
SHP01855,Delhi,Vadodara,Pune,General Network,Delhi_Vadodara,Rural,Carting Vehicle,2134,0.53,Clear,0.614,3,0.74,4800,Standard,Evening Rush,Wednesday,91.922,72.0,91.922,1721.5,1,2024-07-17 18:00:00
SHP01856,Bhopal,Hyderabad,,General Network,Bhopal_Hyderabad,Highway,FTL Truck,1601,1.0,Storm,0.868,6,0.67,1200,Express,Morning Rush,Monday,75.816,27.389,75.816,3348.2,1,2024-02-26 09:00:00
SHP01857,Delhi,Chennai,,General Network,Delhi_Chennai,Mixed,Carting Vehicle,1061,0.88,Clear,0.836,6,0.77,4800,Standard,Evening Rush,Tuesday,44.057,33.08,44.057,1228.8,0,2024-09-17 21:00:00
SHP01858,Hyderabad,Delhi,,General Network,Hyderabad_Delhi,Expressway,FTL Truck,1878,0.81,Cloudy,0.826,2,0.85,3800,Express,Morning Rush,Friday,34.798,29.12,34.798,901.7,0,2024-02-23 06:00:00
SHP01859,Indore,Chennai,,General Network,Indore_Chennai,Mixed,Express Van,355,0.42,Heavy Rain,0.444,0,0.48,1400,Standard,Morning Rush,Monday,13.026,8.178,13.026,472.8,0,2024-05-20 09:00:00
SHP01860,Vizag,Mumbai,,General Network,Vizag_Mumbai,Rural,FTL Truck,2132,0.89,Rain,0.838,5,0.76,850,Economy,Afternoon,Tuesday,129.527,64.798,129.527,4928.9,1,2024-04-30 14:00:00
SHP01861,Surat,Jaipur,,General Network,Surat_Jaipur,Rural,FTL Truck,1473,0.84,Fog,0.588,5,0.21,1800,Same-Day,Midday,Friday,70.994,24.0,70.994,2295.7,1,2024-08-09 13:00:00
SHP01862,Vizag,Nagpur,,General Network,Vizag_Nagpur,Mixed,Mini Truck,419,0.33,Storm,0.474,2,0.69,850,Standard,Afternoon,Wednesday,22.525,11.151,22.525,885.9,0,2024-11-13 17:00:00
SHP01863,Patna,Bhopal,,General Network,Patna_Bhopal,City Road,Container,468,0.36,Rain,0.424,3,0.52,1100,Express,Midday,Tuesday,28.368,25.319,28.368,758.2,0,2024-09-10 10:00:00
SHP01864,Indore,Chennai,Vadodara,General Network,Indore_Chennai,Expressway,Container,1674,0.39,Rain,0.606,1,0.93,1400,Economy,Evening Rush,Saturday,44.31,29.502,44.31,1414.8,0,2024-03-02 18:00:00
SHP01865,Indore,Patna,Vizag,General Network,Indore_Patna,Highway,Container,2364,0.57,Cloudy,0.51,3,0.42,1400,Same-Day,Afternoon,Sunday,49.226,24.0,49.226,867.7,1,2024-07-21 17:00:00
SHP01866,Chandigarh,Lucknow,Nagpur,General Network,Chandigarh_Lucknow,Highway,Express Van,929,0.84,Cloudy,0.744,1,0.6,1000,Standard,Midday,Monday,19.068,14.719,19.068,538.2,0,2024-04-01 12:00:00
SHP01867,Indore,Delhi,,General Network,Indore_Delhi,Highway,Container,364,0.85,Fog,0.69,3,0.45,1400,Same-Day,Afternoon,Saturday,12.775,8.56,12.775,445.3,0,2024-11-16 17:00:00
SHP01868,Ahmedabad,Nagpur,Hyderabad,General Network,Ahmedabad_Nagpur,City Road,FTL Truck,169,0.56,Clear,0.536,3,0.5,2600,Express,Midday,Thursday,8.027,8.197,8.027,191.9,0,2024-12-05 10:00:00
SHP01869,Chennai,Mumbai,,General Network,Chennai_Mumbai,Mixed,Container,1012,0.34,Clear,0.368,5,0.41,3500,Express,Evening Rush,Tuesday,25.558,27.92,25.558,342.9,0,2024-01-16 21:00:00
SHP01870,Jaipur,Pune,Chennai,General Network,Jaipur_Pune,Expressway,Express Van,1862,0.14,Heavy Rain,0.212,0,0.32,2200,Express,Night,Wednesday,31.066,25.125,31.066,841.3,0,2024-10-16 22:00:00
SHP01871,Mumbai,Bangalore,,Western-Southern Corridor,Mumbai_Bangalore,Mixed,Express Van,2246,0.25,Heavy Rain,0.362,3,0.53,5000,Express,Afternoon,Monday,66.515,45.332,66.515,2037.9,1,2024-08-19 15:00:00
SHP01872,Nagpur,Hyderabad,Chennai,General Network,Nagpur_Hyderabad,Expressway,Container,2143,0.57,Cloudy,0.594,1,0.63,1600,Same-Day,Afternoon,Wednesday,37.148,24.0,37.148,636.6,1,2024-03-06 16:00:00
SHP01873,Bangalore,Chandigarh,,General Network,Bangalore_Chandigarh,Mixed,Container,1132,0.12,Storm,0.168,1,0.24,4200,Express,Afternoon,Thursday,49.447,31.742,49.447,1635.0,1,2024-01-04 14:00:00
SHP01874,Chandigarh,Bhopal,Vizag,General Network,Chandigarh_Bhopal,Expressway,Container,1325,0.22,Heavy Rain,0.388,3,0.64,1000,Standard,Midday,Friday,36.759,24.118,36.759,1221.0,0,2024-12-06 10:00:00
SHP01875,Surat,Pune,,General Network,Surat_Pune,Highway,Mini Truck,1609,0.6,Storm,0.632,0,0.68,1800,Express,Afternoon,Monday,67.153,31.234,67.153,2688.3,1,2024-02-12 14:00:00
SHP01876,Jaipur,Ahmedabad,,General Network,Jaipur_Ahmedabad,Highway,FTL Truck,1545,0.82,Storm,0.6,2,0.27,2200,Standard,Afternoon,Wednesday,71.199,27.634,71.199,3113.2,0,2024-06-05 17:00:00
SHP01877,Lucknow,Jaipur,,General Network,Lucknow_Jaipur,City Road,Container,604,0.82,Cloudy,0.844,0,0.88,2000,Standard,Evening Rush,Monday,38.543,31.125,38.543,1094.4,0,2024-03-25 19:00:00
SHP01878,Patna,Mumbai,,General Network,Patna_Mumbai,Highway,Carting Vehicle,1353,0.81,Clear,0.662,2,0.44,1100,Standard,Afternoon,Tuesday,37.96,33.161,37.96,924.6,0,2024-12-24 17:00:00
SHP01879,Bhopal,Bangalore,Surat,General Network,Bhopal_Bangalore,Mixed,Mini Truck,622,0.56,Fog,0.432,5,0.24,1200,Standard,Night,Monday,26.599,17.799,26.599,904.8,0,2024-04-22 22:00:00
SHP01880,Kochi,Delhi,Hyderabad,General Network,Kochi_Delhi,City Road,Carting Vehicle,1412,0.25,Cloudy,0.302,4,0.38,800,Standard,Evening Rush,Tuesday,73.016,72.0,73.016,1153.5,1,2024-05-28 20:00:00
SHP01881,Lucknow,Vizag,Chandigarh,General Network,Lucknow_Vizag,City Road,Express Van,1127,0.51,Heavy Rain,0.618,3,0.78,2000,Economy,Evening Rush,Saturday,80.609,41.328,80.609,3156.5,0,2024-06-29 18:00:00
SHP01882,Indore,Hyderabad,,General Network,Indore_Hyderabad,City Road,FTL Truck,2294,0.88,Fog,0.664,5,0.34,1400,Express,Evening Rush,Saturday,156.152,48.0,156.152,5436.5,1,2024-09-14 19:00:00
SHP01883,Vizag,Kolkata,,General Network,Vizag_Kolkata,Expressway,Mini Truck,1000,0.22,Fog,0.296,6,0.41,850,Same-Day,Evening Rush,Sunday,20.061,17.645,20.061,501.9,0,2024-10-27 19:00:00
SHP01884,Delhi,Bhopal,,General Network,Delhi_Bhopal,Expressway,FTL Truck,478,0.9,Storm,0.792,1,0.63,4800,Economy,Night,Sunday,22.045,8.6,22.045,1020.8,0,2024-06-23 22:00:00
SHP01885,Jaipur,Vadodara,,General Network,Jaipur_Vadodara,Mixed,Container,1875,0.69,Clear,0.81,6,0.99,2200,Standard,Evening Rush,Tuesday,59.918,50.349,59.918,1389.2,0,2024-04-30 20:00:00
SHP01886,Bangalore,Coimbatore,,General Network,Bangalore_Coimbatore,Highway,Mini Truck,446,0.33,Rain,0.582,0,0.96,4200,Express,Afternoon,Wednesday,11.187,12.756,11.187,299.6,0,2024-10-09 17:00:00
SHP01887,Jaipur,Kolkata,,General Network,Jaipur_Kolkata,Highway,Mini Truck,960,0.62,Fog,0.516,0,0.36,2200,Express,Evening Rush,Saturday,27.773,20.289,27.773,866.4,0,2024-08-24 19:00:00
SHP01888,Chandigarh,Coimbatore,,General Network,Chandigarh_Coimbatore,Rural,Express Van,1349,0.81,Fog,0.702,1,0.54,1000,Express,Midday,Wednesday,60.74,35.18,60.74,2080.3,1,2024-06-26 13:00:00
SHP01889,Vizag,Mumbai,Chennai,General Network,Vizag_Mumbai,Mixed,Carting Vehicle,878,0.49,Storm,0.53,1,0.59,850,Same-Day,Morning Rush,Monday,51.693,24.0,51.693,1930.9,1,2024-01-15 07:00:00
SHP01890,Ahmedabad,Chennai,Kochi,General Network,Ahmedabad_Chennai,Rural,Express Van,1139,0.35,Rain,0.53,3,0.8,2600,Standard,Morning Rush,Saturday,41.064,30.659,41.064,1143.2,0,2024-10-26 06:00:00
SHP01891,Indore,Chennai,,General Network,Indore_Chennai,Expressway,Container,2422,0.12,Rain,0.42,6,0.87,1400,Economy,Evening Rush,Tuesday,54.656,40.099,54.656,1479.7,0,2024-08-20 18:00:00
SHP01892,Ahmedabad,Bhopal,Patna,General Network,Ahmedabad_Bhopal,Expressway,Container,834,0.71,Cloudy,0.542,6,0.29,2600,Standard,Morning Rush,Friday,20.545,15.322,20.545,613.0,0,2024-03-29 07:00:00
SHP01893,Kochi,Vadodara,Surat,General Network,Kochi_Vadodara,Expressway,Express Van,1594,0.66,Cloudy,0.628,5,0.58,800,Same-Day,Morning Rush,Thursday,23.937,21.923,23.937,560.8,0,2024-01-04 09:00:00
SHP01894,Lucknow,Chennai,,General Network,Lucknow_Chennai,Expressway,Carting Vehicle,1774,0.66,Storm,0.536,6,0.35,2000,Economy,Night,Saturday,97.276,35.4,97.276,4342.7,0,2024-07-27 22:00:00
SHP01895,Vizag,Kochi,,General Network,Vizag_Kochi,Expressway,Container,1532,0.41,Clear,0.518,1,0.68,850,Standard,Midday,Thursday,26.865,28.986,26.865,473.6,0,2024-05-30 12:00:00
SHP01896,Pune,Patna,,General Network,Pune_Patna,Rural,FTL Truck,1731,0.25,Rain,0.294,3,0.36,2800,Economy,Evening Rush,Friday,73.647,54.068,73.647,2110.8,0,2024-06-28 18:00:00
SHP01897,Jaipur,Nagpur,,General Network,Jaipur_Nagpur,Mixed,Mini Truck,1193,0.66,Heavy Rain,0.74,5,0.86,2200,Economy,Afternoon,Wednesday,71.2,30.675,71.2,2946.5,0,2024-08-14 14:00:00
SHP01898,Delhi,Kolkata,Lucknow,Northern-Eastern Corridor,Delhi_Kolkata,Rural,Carting Vehicle,137,0.5,Clear,0.436,5,0.34,4800,Same-Day,Evening Rush,Friday,6.862,9.269,6.862,168.1,0,2024-11-08 18:00:00
SHP01899,Vadodara,Jaipur,Chennai,General Network,Vadodara_Jaipur,Rural,Mini Truck,243,0.82,Clear,0.684,4,0.48,750,Express,Midday,Thursday,10.795,10.935,10.795,287.7,0,2024-07-25 12:00:00
SHP01900,Ahmedabad,Patna,Bhopal,General Network,Ahmedabad_Patna,Mixed,Container,229,0.14,Heavy Rain,0.46,6,0.94,2600,Same-Day,Morning Rush,Monday,9.864,10.708,9.864,322.5,0,2024-05-20 08:00:00
SHP01901,Pune,Kolkata,,General Network,Pune_Kolkata,Rural,FTL Truck,1772,0.14,Clear,0.4,1,0.79,2800,Same-Day,Evening Rush,Wednesday,38.279,24.0,38.279,0.0,1,2024-05-29 18:00:00
SHP01902,Bhopal,Jaipur,,General Network,Bhopal_Jaipur,Expressway,Carting Vehicle,2081,0.3,Heavy Rain,0.536,1,0.89,1200,Standard,Afternoon,Tuesday,66.707,40.867,66.707,2250.0,0,2024-02-27 16:00:00
SHP01903,Delhi,Vadodara,,General Network,Delhi_Vadodara,Rural,FTL Truck,293,0.12,Clear,0.352,3,0.7,4800,Standard,Afternoon,Sunday,9.075,11.031,9.075,153.8,0,2024-09-22 14:00:00
SHP01904,Patna,Coimbatore,Vizag,General Network,Patna_Coimbatore,Mixed,Carting Vehicle,195,0.57,Storm,0.742,6,1.0,1100,Economy,Afternoon,Friday,17.464,10.191,17.464,787.9,0,2024-08-16 17:00:00
SHP01905,Coimbatore,Vadodara,,General Network,Coimbatore_Vadodara,City Road,Express Van,857,0.7,Rain,0.744,5,0.81,900,Standard,Evening Rush,Thursday,48.87,30.791,48.87,1654.7,0,2024-06-20 19:00:00
SHP01906,Delhi,Coimbatore,Kochi,General Network,Delhi_Coimbatore,Highway,Carting Vehicle,1720,0.64,Storm,0.54,5,0.39,4800,Standard,Evening Rush,Sunday,98.123,38.776,98.123,4167.4,1,2024-09-08 20:00:00
SHP01907,Lucknow,Chennai,Mumbai,General Network,Lucknow_Chennai,City Road,Mini Truck,2148,0.94,Cloudy,0.788,2,0.56,2000,Economy,Afternoon,Sunday,148.716,91.265,148.716,4831.6,1,2024-11-24 17:00:00
SHP01908,Bhopal,Jaipur,Indore,General Network,Bhopal_Jaipur,Highway,Mini Truck,1342,,Heavy Rain,0.666,5,0.81,1200,Standard,Midday,Saturday,51.418,29.106,51.418,1966.8,0,2024-01-06 13:00:00
SHP01909,Patna,Pune,,General Network,Patna_Pune,Expressway,FTL Truck,639,0.88,Rain,0.888,4,0.9,1100,Same-Day,Midday,Monday,15.313,11.551,15.313,515.2,0,2024-09-16 13:00:00
SHP01910,Indore,Jaipur,,General Network,Indore_Jaipur,City Road,Mini Truck,2155,0.54,Storm,0.572,5,0.62,1400,Standard,Afternoon,Wednesday,218.885,72.0,218.885,9028.3,1,2024-10-09 16:00:00
SHP01911,Kochi,Pune,,General Network,Kochi_Pune,Highway,FTL Truck,121,0.52,Cloudy,0.676,3,0.91,800,Express,Morning Rush,Monday,3.955,4.413,3.955,146.6,0,2024-04-15 07:00:00
SHP01912,Vadodara,Indore,Chennai,General Network,Vadodara_Indore,Expressway,FTL Truck,1109,0.96,Cloudy,0.92,1,0.86,750,Express,Midday,Tuesday,21.964,17.235,21.964,617.4,0,2024-01-02 13:00:00
SHP01913,Nagpur,Jaipur,,General Network,Nagpur_Jaipur,Highway,Carting Vehicle,1556,0.93,Cloudy,0.646,1,0.22,1600,Economy,Midday,Saturday,56.244,35.225,56.244,1818.7,0,2024-02-10 10:00:00
SHP01914,Indore,Vizag,Chandigarh,General Network,Indore_Vizag,City Road,Container,2415,0.89,Clear,0.866,0,0.83,1400,Same-Day,Night,Saturday,118.646,24.0,118.646,2248.1,1,2024-06-01 22:00:00
SHP01915,Pune,Vizag,,General Network,Pune_Vizag,Rural,Container,2241,0.5,Heavy Rain,0.444,6,0.36,2800,Economy,Afternoon,Friday,167.312,79.27,167.312,6523.4,1,2024-02-23 17:00:00
SHP01916,Vizag,Kolkata,Chandigarh,General Network,Vizag_Kolkata,Expressway,Container,655,0.88,Cloudy,0.748,2,,850,Express,Afternoon,Thursday,15.198,13.563,15.198,425.2,0,2024-04-04 17:00:00
SHP01917,Bhopal,Vizag,,General Network,Bhopal_Vizag,Mixed,Express Van,331,0.91,Storm,0.814,1,0.67,1200,Standard,Afternoon,Tuesday,19.01,8.55,19.01,852.8,0,2024-06-04 14:00:00
SHP01918,Patna,Indore,,General Network,Patna_Indore,Highway,FTL Truck,2368,0.84,Storm,0.828,4,0.81,1100,Same-Day,Morning Rush,Saturday,93.99,24.0,93.99,3863.4,1,2024-06-15 06:00:00
SHP01919,Hyderabad,Lucknow,,General Network,Hyderabad_Lucknow,Rural,FTL Truck,1809,0.31,Heavy Rain,0.374,3,0.47,3800,Same-Day,Afternoon,Wednesday,78.316,24.0,78.316,2287.0,1,2024-04-17 17:00:00
SHP01920,Coimbatore,Vizag,Chennai,General Network,Coimbatore_Vizag,Highway,Carting Vehicle,1939,0.5,Clear,0.628,2,0.82,900,Express,Midday,Monday,43.948,44.098,43.948,697.9,0,2024-10-21 11:00:00
SHP01921,Hyderabad,Ahmedabad,,General Network,Hyderabad_Ahmedabad,Mixed,Express Van,2094,0.76,,0.796,1,0.85,3800,Express,Afternoon,Friday,81.138,43.949,81.138,3047.4,1,2024-07-05 15:00:00
SHP01922,Lucknow,Vadodara,Ahmedabad,General Network,Lucknow_Vadodara,Expressway,FTL Truck,2409,0.49,Heavy Rain,0.418,5,0.31,2000,Same-Day,Afternoon,Tuesday,56.567,24.0,56.567,1872.6,1,2024-03-19 16:00:00
SHP01923,Surat,Mumbai,Chennai,General Network,Surat_Mumbai,City Road,Mini Truck,1637,0.34,Heavy Rain,0.52,0,0.79,1800,Economy,Evening Rush,Wednesday,133.81,69.149,133.81,4910.5,1,2024-09-04 18:00:00
SHP01924,Lucknow,Indore,Nagpur,General Network,Lucknow_Indore,Highway,Express Van,285,0.19,Storm,0.486,5,0.93,2000,Express,Afternoon,Friday,9.919,6.373,9.919,409.3,0,2024-05-03 15:00:00
SHP01925,Nagpur,Patna,,General Network,Nagpur_Patna,City Road,Container,1637,0.96,Clear,0.868,1,0.73,1600,Economy,Afternoon,Saturday,110.054,74.775,110.054,3301.7,0,2024-11-09 17:00:00
SHP01926,Lucknow,Vadodara,,General Network,Lucknow_Vadodara,Highway,FTL Truck,1618,0.36,Clear,0.32,0,0.26,2000,Economy,Evening Rush,Saturday,29.634,30.356,29.634,564.5,0,2024-02-17 20:00:00
SHP01927,Ahmedabad,Bhopal,,General Network,Ahmedabad_Bhopal,Mixed,Container,1803,0.71,Heavy Rain,0.582,0,0.39,2600,Standard,Morning Rush,Tuesday,100.986,49.144,100.986,3938.0,1,2024-11-26 06:00:00
SHP01928,Delhi,Indore,,General Network,Delhi_Indore,Rural,Container,929,0.17,Fog,0.218,6,0.29,4800,Express,Midday,Friday,39.042,32.768,39.042,885.3,0,2024-11-08 12:00:00
SHP01929,Ahmedabad,Pune,,General Network,Ahmedabad_Pune,Mixed,Mini Truck,1081,0.63,Heavy Rain,0.518,0,0.35,2600,Express,Midday,Sunday,50.402,30.832,50.402,1823.0,1,2024-10-13 12:00:00
SHP01930,Lucknow,Chandigarh,Bhopal,General Network,Lucknow_Chandigarh,Mixed,Mini Truck,633,0.49,Clear,0.454,2,0.4,2000,Economy,Afternoon,Friday,19.704,19.036,19.704,478.9,0,2024-04-05 15:00:00
SHP01931,Bhopal,Lucknow,,General Network,Bhopal_Lucknow,Expressway,Mini Truck,2011,0.38,Rain,0.58,2,0.88,1200,Express,Midday,Saturday,41.238,34.858,41.238,1063.1,0,2024-07-27 13:00:00
SHP01932,Surat,Vizag,Pune,General Network,Surat_Vizag,Highway,Mini Truck,2410,0.84,Storm,0.68,4,0.44,1800,Economy,Afternoon,Wednesday,139.828,47.169,139.828,6381.3,1,2024-06-05 14:00:00
SHP01933,Kochi,Surat,Bhopal,General Network,Kochi_Surat,City Road,Express Van,682,0.83,Clear,0.706,5,0.52,800,Same-Day,Evening Rush,Saturday,26.322,24.0,26.322,562.7,1,2024-01-06 18:00:00
SHP01934,Indore,Patna,Vadodara,General Network,Indore_Patna,Mixed,Container,692,0.26,Clear,0.28,6,0.31,1400,Standard,Midday,Tuesday,19.384,22.538,19.384,348.9,0,2024-11-26 10:00:00
SHP01935,Chandigarh,Hyderabad,,General Network,Chandigarh_Hyderabad,City Road,Mini Truck,1188,0.29,Clear,0.41,4,0.59,1000,Express,Night,Monday,45.75,48.0,45.75,482.1,0,2024-06-03 22:00:00
SHP01936,Chandigarh,Vizag,,General Network,Chandigarh_Vizag,City Road,Express Van,1441,0.4,Clear,0.444,6,0.51,1000,Same-Day,Evening Rush,Tuesday,43.291,24.0,43.291,449.4,1,2024-07-09 20:00:00
SHP01937,Vizag,Mumbai,,General Network,Vizag_Mumbai,Highway,FTL Truck,2068,0.86,Rain,0.64,3,0.31,850,Same-Day,Midday,Wednesday,52.827,24.0,52.827,1618.6,1,2024-04-24 11:00:00
SHP01938,Nagpur,Patna,,General Network,Nagpur_Patna,Highway,Express Van,809,0.27,Rain,0.322,2,0.4,1600,Economy,Evening Rush,Wednesday,17.339,16.354,17.339,512.7,0,2024-09-18 19:00:00
SHP01939,Patna,Chennai,Vadodara,General Network,Patna_Chennai,Rural,Carting Vehicle,2454,0.39,Cloudy,0.518,0,0.71,1100,Standard,Midday,Wednesday,106.233,72.0,106.233,2011.3,1,2024-02-21 13:00:00
SHP01940,Surat,Delhi,Vizag,General Network,Surat_Delhi,Mixed,Carting Vehicle,2416,0.92,Clear,0.9,5,0.87,1800,Same-Day,Midday,Sunday,82.412,24.0,82.412,1723.4,1,2024-12-29 12:00:00
SHP01941,Kochi,Delhi,,General Network,Kochi_Delhi,Rural,Carting Vehicle,2189,0.59,Cloudy,0.434,0,0.2,800,Express,Morning Rush,Monday,96.782,48.0,96.782,1915.4,1,2024-11-04 08:00:00
SHP01942,Nagpur,Chandigarh,,General Network,Nagpur_Chandigarh,Rural,Express Van,653,0.66,Fog,0.484,6,0.22,1600,Economy,Morning Rush,Wednesday,33.78,19.87,33.78,1269.7,0,2024-08-07 09:00:00
SHP01943,Lucknow,Pune,,General Network,Lucknow_Pune,Rural,FTL Truck,2092,0.38,Fog,0.584,5,0.89,2000,Express,Midday,Saturday,86.719,48.0,86.719,2413.8,1,2024-01-06 10:00:00
SHP01944,Hyderabad,Chennai,Bangalore,Deccan-Southern Corridor,Hyderabad_Chennai,Expressway,Express Van,1970,0.41,Fog,0.626,6,0.95,3800,Economy,Morning Rush,Wednesday,42.996,28.307,42.996,1497.9,0,2024-03-20 07:00:00
SHP01945,Vadodara,Hyderabad,,General Network,Vadodara_Hyderabad,Expressway,FTL Truck,1712,0.26,Rain,0.372,2,0.54,750,Express,Morning Rush,Wednesday,29.188,25.851,29.188,670.0,0,2024-09-18 06:00:00
SHP01946,Hyderabad,Lucknow,,General Network,Hyderabad_Lucknow,Expressway,Express Van,316,0.23,Rain,0.366,1,0.57,3800,Same-Day,Evening Rush,Thursday,5.35,7.75,5.35,147.5,0,2024-03-14 20:00:00
SHP01947,Chennai,Mumbai,,General Network,Chennai_Mumbai,Highway,Container,1416,0.54,Rain,0.54,0,0.54,3500,Economy,Evening Rush,Monday,47.567,30.161,47.567,1604.6,0,2024-07-15 20:00:00
SHP01948,Vadodara,Pune,,General Network,Vadodara_Pune,City Road,Carting Vehicle,1028,0.62,Cloudy,0.524,5,0.38,750,Same-Day,Afternoon,Friday,57.031,24.0,57.031,1072.2,1,2024-10-25 16:00:00
SHP01949,Bhopal,Surat,,General Network,Bhopal_Surat,Expressway,Container,2256,0.37,Clear,0.35,0,0.32,1200,Economy,Afternoon,Thursday,40.613,40.319,40.613,760.5,0,2024-06-20 16:00:00
SHP01950,Kochi,Mumbai,Bhopal,General Network,Kochi_Mumbai,City Road,Express Van,1421,0.16,Storm,0.424,0,0.82,800,Standard,Midday,Friday,88.191,48.16,88.191,3173.2,1,2024-01-26 13:00:00
SHP01951,Nagpur,Ahmedabad,,General Network,Nagpur_Ahmedabad,City Road,Carting Vehicle,1607,0.11,Heavy Rain,0.302,6,0.59,1600,Express,Morning Rush,Friday,112.929,48.0,112.929,3102.6,1,2024-05-24 09:00:00
SHP01952,Jaipur,Ahmedabad,,General Network,Jaipur_Ahmedabad,Expressway,Carting Vehicle,1212,0.19,Heavy Rain,0.342,6,0.57,2200,Standard,Midday,Tuesday,37.464,24.478,37.464,1227.2,0,2024-12-24 11:00:00
SHP01953,Ahmedabad,Pune,,General Network,Ahmedabad_Pune,Mixed,FTL Truck,1636,0.5,Storm,0.648,4,0.87,2600,Economy,Evening Rush,Sunday,96.094,37.865,96.094,4129.7,0,2024-02-18 21:00:00
SHP01954,Ahmedabad,Vadodara,,General Network,Ahmedabad_Vadodara,City Road,FTL Truck,447,0.72,Clear,0.744,6,0.78,2600,Standard,Morning Rush,Friday,23.059,18.592,23.059,617.2,0,2024-11-29 08:00:00
SHP01955,Pune,Bhopal,,General Network,Pune_Bhopal,Rural,FTL Truck,1310,0.57,Storm,0.65,2,0.77,2800,Economy,Midday,Sunday,106.077,42.816,106.077,4618.0,0,2024-06-30 10:00:00
SHP01956,Surat,Vadodara,,General Network,Surat_Vadodara,City Road,FTL Truck,1590,0.7,Rain,0.772,3,0.88,1800,Economy,Afternoon,Wednesday,112.787,63.535,112.787,4041.5,0,2024-08-28 16:00:00
SHP01957,Kolkata,Chandigarh,,General Network,Kolkata_Chandigarh,Highway,Mini Truck,1652,0.12,Fog,0.192,6,0.3,3200,Express,Midday,Wednesday,36.441,31.298,36.441,809.8,0,2024-11-06 13:00:00
SHP01958,Mumbai,Vadodara,,General Network,Mumbai_Vadodara,Highway,Container,1997,0.1,Fog,0.316,5,0.64,5000,Same-Day,Evening Rush,Thursday,41.912,24.0,41.912,752.7,1,2024-12-19 18:00:00
SHP01959,Coimbatore,Mumbai,,General Network,Coimbatore_Mumbai,Rural,Mini Truck,288,0.84,Storm,0.856,6,0.88,900,Economy,Morning Rush,Wednesday,32.151,10.762,32.151,1502.4,0,2024-02-21 09:00:00
SHP01960,Bhopal,Indore,Nagpur,General Network,Bhopal_Indore,Rural,Mini Truck,1586,0.5,Heavy Rain,0.584,4,0.71,1200,Standard,Midday,Wednesday,101.295,52.357,101.295,3728.0,1,2024-10-30 11:00:00
SHP01961,Chennai,Ahmedabad,,General Network,Chennai_Ahmedabad,Rural,Container,1269,0.94,Heavy Rain,0.856,6,0.73,3500,Express,Evening Rush,Monday,99.617,45.557,99.617,3986.4,1,2024-08-05 20:00:00
SHP01962,Coimbatore,Bhopal,,General Network,Coimbatore_Bhopal,Expressway,Container,2118,0.21,Cloudy,0.246,0,0.3,900,Same-Day,Evening Rush,Thursday,29.005,24.0,29.005,166.6,1,2024-09-12 20:00:00
SHP01963,Nagpur,Surat,,General Network,Nagpur_Surat,Mixed,Container,2010,,Rain,0.39,4,0.51,1600,Express,Evening Rush,Sunday,64.813,48.0,64.813,1524.1,1,2024-12-22 18:00:00
SHP01964,Bhopal,Vadodara,Kochi,General Network,Bhopal_Vadodara,Highway,Mini Truck,2513,0.2,Cloudy,0.228,3,0.27,1200,Economy,Morning Rush,Thursday,50.913,49.087,50.913,960.6,0,2024-04-18 08:00:00
SHP01965,Chandigarh,Kochi,,General Network,Chandigarh_Kochi,City Road,Mini Truck,2058,0.58,Clear,0.592,5,0.61,1000,Same-Day,Afternoon,Sunday,83.001,24.0,83.001,1060.0,1,2024-03-10 14:00:00
SHP01966,Chandigarh,Jaipur,Ahmedabad,General Network,Chandigarh_Jaipur,Expressway,FTL Truck,904,0.27,Fog,0.294,4,0.33,1000,Standard,Midday,Monday,19.532,14.294,19.532,601.0,0,2024-03-25 10:00:00
SHP01967,Bangalore,Chandigarh,Vizag,General Network,Bangalore_Chandigarh,Expressway,Express Van,2422,0.92,Fog,0.636,1,0.21,4200,Economy,Afternoon,Monday,64.807,32.397,64.807,2558.3,0,2024-01-29 16:00:00
SHP01968,Chandigarh,Coimbatore,Surat,General Network,Chandigarh_Coimbatore,Mixed,Express Van,1326,0.28,Clear,0.54,5,0.93,1000,Economy,Morning Rush,Saturday,28.772,27.382,28.772,573.3,0,2024-09-14 08:00:00
SHP01969,Chandigarh,Nagpur,Chennai,General Network,Chandigarh_Nagpur,Highway,Mini Truck,233,0.24,Fog,0.424,4,0.7,1000,Express,Afternoon,Friday,7.12,9.174,7.12,233.0,0,2024-04-05 14:00:00
SHP01970,Bhopal,Kochi,,General Network,Bhopal_Kochi,Expressway,Container,2442,0.58,Heavy Rain,0.532,3,0.46,1200,Standard,Afternoon,Sunday,81.46,42.887,81.46,3073.1,1,2024-05-19 14:00:00
SHP01971,Delhi,Chennai,,General Network,Delhi_Chennai,Highway,Mini Truck,892,0.8,Rain,0.748,2,0.67,4800,Express,Morning Rush,Wednesday,28.03,17.533,28.03,938.5,0,2024-09-25 08:00:00
SHP01972,Vadodara,Bhopal,,General Network,Vadodara_Bhopal,Mixed,Carting Vehicle,1108,0.96,Fog,0.9,6,0.81,750,Standard,Night,Thursday,68.98,33.849,68.98,2661.5,0,2024-06-06 22:00:00
SHP01973,Bangalore,Hyderabad,Nagpur,General Network,Bangalore_Hyderabad,Highway,FTL Truck,1703,0.87,Rain,0.698,2,0.44,4200,Economy,Midday,Tuesday,58.128,32.406,58.128,2210.4,0,2024-12-17 11:00:00
SHP01974,Surat,Nagpur,Ahmedabad,General Network,Surat_Nagpur,Rural,FTL Truck,1045,0.92,Heavy Rain,0.94,6,0.97,1800,Express,Midday,Sunday,70.28,33.681,70.28,2823.5,1,2024-12-22 11:00:00
SHP01975,Kochi,Lucknow,,General Network,Kochi_Lucknow,Highway,Mini Truck,1680,0.32,Heavy Rain,0.368,2,,800,Standard,Evening Rush,Sunday,54.541,34.666,54.541,1872.5,0,2024-05-12 21:00:00
SHP01976,Delhi,Patna,Pune,General Network,Delhi_Patna,Highway,FTL Truck,548,0.5,Cloudy,0.7,2,1.0,4800,Standard,Midday,Tuesday,11.047,10.944,11.047,251.8,0,2024-02-13 11:00:00
SHP01977,Kolkata,Surat,Ahmedabad,General Network,Kolkata_Surat,Highway,Mini Truck,1489,0.16,Heavy Rain,0.34,4,,3200,Same-Day,Midday,Sunday,36.873,24.0,36.873,971.6,1,2024-03-03 12:00:00
SHP01978,Bhopal,Indore,,General Network,Bhopal_Indore,Rural,Carting Vehicle,376,0.57,Storm,0.734,4,0.98,1200,Standard,Morning Rush,Wednesday,38.61,19.0,38.61,1648.2,0,2024-10-09 09:00:00
SHP01979,Vadodara,Chennai,Lucknow,General Network,Vadodara_Chennai,Rural,Container,826,0.25,Storm,0.25,2,0.25,750,Economy,Afternoon,Thursday,65.01,31.646,65.01,2604.9,0,2024-02-22 15:00:00
SHP01980,Coimbatore,Chennai,,General Network,Coimbatore_Chennai,Rural,FTL Truck,1587,0.78,Clear,0.616,4,0.37,900,Same-Day,Midday,Saturday,50.414,24.0,50.414,908.8,1,2024-05-25 11:00:00
SHP01981,Hyderabad,Mumbai,Bhopal,General Network,Hyderabad_Mumbai,Highway,FTL Truck,330,0.51,Cloudy,0.67,1,0.91,3800,Standard,Night,Thursday,7.807,10.281,7.807,220.9,0,2024-09-19 22:00:00
SHP01982,Vadodara,Lucknow,Jaipur,General Network,Vadodara_Lucknow,Mixed,Mini Truck,1116,0.27,Clear,0.498,0,0.84,750,Express,Evening Rush,Thursday,23.795,31.664,23.795,187.7,0,2024-02-22 19:00:00
SHP01983,Kochi,Chennai,,General Network,Kochi_Chennai,Rural,FTL Truck,494,0.6,Cloudy,0.448,0,0.22,800,Express,Midday,Monday,16.712,16.882,16.712,344.0,0,2024-09-30 11:00:00
SHP01984,Ahmedabad,Surat,,General Network,Ahmedabad_Surat,City Road,FTL Truck,1136,0.75,Fog,0.578,5,0.32,2600,Same-Day,Midday,Monday,67.866,24.0,67.866,2124.5,1,2024-11-18 13:00:00
SHP01985,Kolkata,Mumbai,,General Network,Kolkata_Mumbai,City Road,Express Van,269,0.24,Rain,0.396,3,0.63,3200,Express,Evening Rush,Friday,11.68,12.615,11.68,299.8,0,2024-11-29 21:00:00
SHP01986,Bhopal,Indore,Pune,General Network,Bhopal_Indore,Expressway,Container,2081,0.73,Rain,0.806,3,0.92,1200,Standard,Morning Rush,Wednesday,58.277,35.854,58.277,1950.4,0,2024-05-29 07:00:00
SHP01987,Delhi,Indore,,General Network,Delhi_Indore,Highway,Carting Vehicle,1508,0.36,Clear,0.444,1,0.57,4800,Economy,Midday,Sunday,37.235,36.917,37.235,726.1,0,2024-09-29 12:00:00
SHP01988,Chandigarh,Bhopal,,General Network,Chandigarh_Bhopal,City Road,Carting Vehicle,2348,0.3,Fog,0.472,6,0.73,1000,Same-Day,Midday,Sunday,144.574,24.0,144.574,3307.6,1,2024-07-14 12:00:00
SHP01989,Kolkata,Chandigarh,,General Network,Kolkata_Chandigarh,Mixed,Container,259,0.12,Storm,0.436,5,0.91,3200,Economy,Morning Rush,Sunday,15.84,10.695,15.84,645.7,0,2024-04-28 08:00:00
SHP01990,Vadodara,Nagpur,Coimbatore,General Network,Vadodara_Nagpur,Mixed,FTL Truck,851,0.75,Cloudy,0.75,4,0.75,750,Standard,Morning Rush,Tuesday,27.69,20.688,27.69,810.4,0,2024-08-27 07:00:00
SHP01991,Mumbai,Coimbatore,,General Network,Mumbai_Coimbatore,Expressway,Container,2417,0.6,Rain,0.688,2,0.82,5000,Standard,Evening Rush,Wednesday,63.803,43.04,63.803,2032.3,0,2024-08-21 18:00:00
SHP01992,Bhopal,Hyderabad,,General Network,Bhopal_Hyderabad,Highway,Express Van,1168,0.92,Cloudy,0.748,4,0.49,1200,Standard,Afternoon,Sunday,25.508,20.497,25.508,768.7,0,2024-03-24 17:00:00
SHP01993,Surat,Chennai,,General Network,Surat_Chennai,City Road,Express Van,2489,0.65,Cloudy,0.582,0,0.48,1800,Standard,Morning Rush,Tuesday,104.349,72.0,104.349,2550.6,1,2024-02-20 06:00:00
SHP01994,Chandigarh,Lucknow,Jaipur,General Network,Chandigarh_Lucknow,Rural,Mini Truck,141,0.31,Clear,0.51,5,0.81,1000,Express,Midday,Wednesday,7.024,7.491,7.024,212.5,0,2024-09-11 10:00:00
SHP01995,Hyderabad,Patna,Surat,General Network,Hyderabad_Patna,Expressway,FTL Truck,799,0.99,Fog,0.738,6,0.36,3800,Economy,Midday,Thursday,28.115,12.186,28.115,1182.3,0,2024-09-26 13:00:00
SHP01996,Patna,Surat,Pune,General Network,Patna_Surat,City Road,Carting Vehicle,1828,0.5,Clear,0.48,4,0.45,1100,Standard,Morning Rush,Tuesday,99.746,72.0,99.746,1806.5,1,2024-02-06 08:00:00
SHP01997,Ahmedabad,Chennai,,General Network,Ahmedabad_Chennai,Highway,Carting Vehicle,1486,0.98,Fog,0.684,3,0.24,2600,Economy,Night,Sunday,76.127,36.908,76.127,3081.6,0,2024-02-18 22:00:00
SHP01998,Ahmedabad,Patna,,General Network,Ahmedabad_Patna,Rural,FTL Truck,389,0.71,Fog,0.798,1,0.93,2600,Same-Day,Morning Rush,Saturday,18.1,13.249,18.1,567.3,0,2024-10-05 08:00:00
SHP01999,Hyderabad,Vizag,,General Network,Hyderabad_Vizag,Rural,Mini Truck,875,0.67,Heavy Rain,0.634,3,0.58,3800,Standard,Midday,Saturday,61.202,32.745,61.202,2375.8,0,2024-01-06 12:00:00
SHP02000,Mumbai,Lucknow,Patna,General Network,Mumbai_Lucknow,City Road,Mini Truck,1339,0.33,Storm,0.51,2,0.78,5000,Same-Day,Morning Rush,Wednesday,101.436,24.0,101.436,3535.7,1,2024-01-24 06:00:00
SHP02001,Mumbai,Chennai,,General Network,Mumbai_Chennai,Highway,FTL Truck,1476,0.28,Storm,0.324,2,0.39,5000,Same-Day,Midday,Monday,43.127,24.0,43.127,1480.6,1,2024-12-16 10:00:00
SHP02002,Vadodara,Nagpur,,General Network,Vadodara_Nagpur,Expressway,Carting Vehicle,427,0.69,Storm,0.65,6,0.59,750,Economy,Evening Rush,Friday,25.71,11.825,25.71,1183.0,0,2024-10-25 21:00:00
SHP02003,Patna,Coimbatore,,General Network,Patna_Coimbatore,Expressway,Express Van,1987,0.88,Heavy Rain,0.676,3,0.37,1100,Economy,Evening Rush,Sunday,63.099,26.939,63.099,2694.7,0,2024-11-10 20:00:00
SHP02004,Kolkata,Delhi,,Northern-Eastern Corridor,Kolkata_Delhi,Rural,Carting Vehicle,1135,0.13,Fog,0.274,4,0.49,3200,Economy,Evening Rush,Tuesday,63.989,48.436,63.989,1821.5,0,2024-02-13 20:00:00
SHP02005,Ahmedabad,Lucknow,,General Network,Ahmedabad_Lucknow,Highway,Mini Truck,1358,0.97,Fog,0.846,3,0.66,2600,Standard,Afternoon,Wednesday,52.297,28.739,52.297,2006.2,0,2024-09-18 16:00:00
SHP02006,Kochi,Chennai,,General Network,Kochi_Chennai,Mixed,Carting Vehicle,1578,0.7,Storm,0.732,0,0.78,800,Same-Day,Midday,Friday,103.537,24.0,103.537,4108.2,1,2024-10-25 11:00:00
SHP02007,Kochi,Surat,Indore,General Network,Kochi_Surat,Rural,Carting Vehicle,122,0.56,Clear,0.688,3,0.88,800,Economy,Afternoon,Thursday,8.547,7.12,8.547,295.9,0,2024-08-22 14:00:00
SHP02008,Nagpur,Indore,,General Network,Nagpur_Indore,Rural,Express Van,1956,0.35,Cloudy,0.534,0,0.81,1600,Same-Day,Night,Monday,46.163,24.0,46.163,501.9,1,2024-12-23 22:00:00
SHP02009,Vizag,Vadodara,,General Network,Vizag_Vadodara,City Road,FTL Truck,1953,0.79,Storm,0.566,0,0.23,850,Express,Morning Rush,Tuesday,184.346,48.0,184.346,7712.8,1,2024-09-10 08:00:00
SHP02010,Kolkata,Surat,,General Network,Kolkata_Surat,Expressway,Express Van,1230,0.7,Clear,0.672,0,0.63,3200,Economy,Evening Rush,Saturday,20.507,18.412,20.507,554.9,0,2024-06-08 19:00:00
SHP02011,Bangalore,Vizag,,General Network,Bangalore_Vizag,Expressway,Carting Vehicle,1342,0.96,Rain,0.696,2,0.3,4200,Same-Day,Morning Rush,Tuesday,39.968,24.0,39.968,1268.0,1,2024-01-09 09:00:00
SHP02012,Patna,Mumbai,,General Network,Patna_Mumbai,City Road,Express Van,1297,0.52,Cloudy,0.408,2,0.24,1100,Express,Evening Rush,Thursday,47.073,43.868,47.073,891.0,0,2024-06-06 18:00:00
SHP02013,Coimbatore,Vadodara,,General Network,Coimbatore_Vadodara,Mixed,Container,995,0.83,Heavy Rain,0.794,6,0.74,900,Same-Day,Evening Rush,Sunday,53.179,24.0,53.179,2020.1,1,2024-08-25 20:00:00
SHP02014,Coimbatore,Vadodara,Vizag,General Network,Coimbatore_Vadodara,Mixed,Mini Truck,189,0.86,Cloudy,0.648,3,0.33,900,Same-Day,Midday,Saturday,7.01,9.266,7.01,210.6,0,2024-12-14 12:00:00
SHP02015,Bhopal,Lucknow,Jaipur,General Network,Bhopal_Lucknow,City Road,FTL Truck,1655,0.83,Cloudy,0.874,5,0.94,1200,Express,Morning Rush,Saturday,82.127,48.0,82.127,2090.5,1,2024-08-31 07:00:00
SHP02016,Ahmedabad,Chandigarh,Nagpur,General Network,Ahmedabad_Chandigarh,Rural,Express Van,1293,0.9,Cloudy,0.876,3,,2600,Express,Midday,Tuesday,46.301,36.609,46.301,1278.9,0,2024-06-18 12:00:00
SHP02017,Bangalore,Kolkata,Delhi,General Network,Bangalore_Kolkata,City Road,Express Van,230,0.33,Clear,0.482,0,0.71,4200,Standard,Midday,Friday,7.621,10.037,7.621,114.4,0,2024-10-25 12:00:00
SHP02018,Nagpur,Hyderabad,Chandigarh,General Network,Nagpur_Hyderabad,City Road,Express Van,1887,0.25,Clear,0.506,6,0.89,1600,Same-Day,Midday,Wednesday,51.153,24.0,51.153,256.2,1,2024-05-15 10:00:00
SHP02019,Chennai,Hyderabad,,Deccan-Southern Corridor,Chennai_Hyderabad,Expressway,Container,686,0.61,Clear,0.642,2,,3500,Same-Day,Afternoon,Monday,11.935,13.302,11.935,206.4,0,2024-08-12 16:00:00
SHP02020,Hyderabad,Bhopal,,General Network,Hyderabad_Bhopal,Mixed,FTL Truck,2476,0.58,Cloudy,0.516,4,0.42,3800,Same-Day,Afternoon,Tuesday,59.29,24.0,59.29,1081.4,1,2024-04-09 17:00:00
SHP02021,Kochi,Ahmedabad,Chandigarh,General Network,Kochi_Ahmedabad,Rural,Carting Vehicle,1455,0.95,Fog,0.886,5,0.79,800,Standard,Night,Wednesday,116.529,58.309,116.529,4405.1,1,2024-09-11 22:00:00
SHP02022,Pune,Indore,Jaipur,General Network,Pune_Indore,Rural,Express Van,2127,0.26,,0.46,3,0.76,2800,Express,Evening Rush,Wednesday,65.676,48.0,65.676,1474.5,1,2024-10-16 18:00:00
SHP02023,Delhi,Surat,,General Network,Delhi_Surat,Expressway,FTL Truck,2181,0.49,Rain,0.498,4,0.51,4800,Standard,Midday,Friday,46.889,32.675,46.889,1435.9,0,2024-07-05 12:00:00
SHP02024,Kochi,Ahmedabad,,General Network,Kochi_Ahmedabad,Mixed,Mini Truck,186,0.12,Rain,0.184,0,0.28,800,Same-Day,Midday,Sunday,5.027,6.92,5.027,95.0,0,2024-06-30 12:00:00
SHP02025,Delhi,Chennai,Kolkata,General Network,Delhi_Chennai,Expressway,Carting Vehicle,235,0.86,Clear,0.832,3,0.79,4800,Express,Evening Rush,Friday,7.231,8.859,7.231,235.9,0,2024-02-23 21:00:00
SHP02026,Indore,Delhi,,General Network,Indore_Delhi,City Road,FTL Truck,2493,0.68,Cloudy,0.56,5,0.38,1400,Same-Day,Afternoon,Saturday,104.966,24.0,104.966,2024.2,1,2024-09-28 14:00:00
SHP02027,Hyderabad,Chandigarh,,General Network,Hyderabad_Chandigarh,Mixed,Carting Vehicle,2162,0.72,Fog,0.588,0,0.39,3800,Same-Day,Afternoon,Tuesday,96.917,24.0,96.917,2932.3,1,2024-11-05 17:00:00
SHP02028,Nagpur,Chandigarh,,General Network,Nagpur_Chandigarh,Mixed,Mini Truck,1268,0.75,Clear,0.762,3,0.78,1600,Express,Afternoon,Friday,35.765,32.44,35.765,737.0,0,2024-03-15 14:00:00
SHP02029,Kolkata,Ahmedabad,Pune,General Network,Kolkata_Ahmedabad,Mixed,Carting Vehicle,1189,0.53,Cloudy,0.43,3,0.28,3200,Economy,Afternoon,Thursday,48.33,36.907,48.33,1314.5,0,2024-12-05 17:00:00
SHP02030,Vizag,Indore,,General Network,Vizag_Indore,City Road,FTL Truck,651,0.97,Fog,0.774,1,0.48,850,Standard,Afternoon,Thursday,50.405,27.087,50.405,1908.3,0,2024-11-28 15:00:00
SHP02031,Surat,Vadodara,Hyderabad,General Network,Surat_Vadodara,Rural,Mini Truck,2069,0.8,Cloudy,0.848,3,0.92,1800,Express,Evening Rush,Saturday,86.488,48.0,86.488,2124.1,1,2024-04-27 20:00:00
SHP02032,Patna,Vizag,Jaipur,General Network,Patna_Vizag,City Road,Container,572,0.27,Fog,0.506,2,0.86,1100,Economy,Morning Rush,Monday,40.656,27.954,40.656,1285.7,0,2024-03-25 08:00:00
SHP02033,Coimbatore,Indore,,General Network,Coimbatore_Indore,Mixed,Express Van,1570,0.29,Storm,0.414,2,0.6,900,Economy,Morning Rush,Tuesday,70.486,32.851,70.486,2863.9,0,2024-04-09 08:00:00
SHP02034,Ahmedabad,Mumbai,,Gujarat-Maharashtra Corridor,Ahmedabad_Mumbai,Mixed,Mini Truck,1934,0.66,Rain,0.744,3,0.87,2600,Standard,Afternoon,Monday,77.88,49.465,77.88,2523.9,1,2024-04-08 14:00:00
SHP02035,Lucknow,Vizag,,General Network,Lucknow_Vizag,Rural,Mini Truck,222,0.7,Clear,0.82,4,1.0,2000,Express,Morning Rush,Friday,10.298,10.014,10.298,289.0,0,2024-03-29 06:00:00
SHP02036,Chandigarh,Bangalore,,General Network,Chandigarh_Bangalore,City Road,Express Van,1440,0.26,Clear,0.428,5,0.68,1000,Same-Day,Afternoon,Thursday,38.769,24.0,38.769,179.5,1,2024-02-08 16:00:00
SHP02037,Vadodara,Coimbatore,,General Network,Vadodara_Coimbatore,Expressway,Mini Truck,899,0.42,Rain,0.584,0,0.83,750,Standard,Afternoon,Tuesday,20.407,17.846,20.407,593.6,0,2024-01-02 15:00:00
SHP02038,Patna,Surat,Vadodara,General Network,Patna_Surat,Highway,FTL Truck,1929,0.95,Cloudy,0.95,0,0.95,1100,Same-Day,Evening Rush,Saturday,40.44,24.0,40.44,979.6,1,2024-09-21 21:00:00
SHP02039,Surat,Mumbai,,General Network,Surat_Mumbai,Mixed,Express Van,1883,0.4,Rain,0.416,6,0.44,1800,Standard,Night,Monday,53.321,36.989,53.321,1561.9,0,2024-04-01 22:00:00
SHP02040,Surat,Chennai,,General Network,Surat_Chennai,Mixed,Carting Vehicle,2363,0.14,Clear,0.416,1,0.83,1800,Same-Day,Afternoon,Wednesday,50.434,24.0,50.434,0.0,1,2024-12-18 14:00:00
SHP02041,Hyderabad,Chennai,,Deccan-Southern Corridor,Hyderabad_Chennai,Expressway,Carting Vehicle,2449,0.94,Heavy Rain,0.836,1,0.68,3800,Same-Day,Afternoon,Saturday,93.66,24.0,93.66,3557.3,1,2024-08-17 14:00:00
SHP02042,Patna,Kochi,Bhopal,General Network,Patna_Kochi,Mixed,Container,1588,0.56,Storm,0.684,5,0.87,1100,Economy,Morning Rush,Wednesday,113.011,41.78,113.011,4912.4,0,2024-02-14 07:00:00
SHP02043,Patna,Hyderabad,,General Network,Patna_Hyderabad,Expressway,Container,1957,0.5,Rain,0.456,4,0.39,1100,Standard,Midday,Wednesday,49.259,36.374,49.259,1501.4,0,2024-05-22 12:00:00
SHP02044,Chennai,Patna,Bangalore,General Network,Chennai_Patna,Rural,Express Van,2318,0.98,Rain,0.984,3,0.99,3500,Express,Midday,Sunday,104.292,48.0,104.292,3570.0,1,2024-11-17 12:00:00
SHP02045,Coimbatore,Patna,Indore,General Network,Coimbatore_Patna,Rural,Mini Truck,299,0.91,Heavy Rain,0.914,1,0.92,900,Express,Morning Rush,Wednesday,23.26,14.453,23.26,952.7,0,2024-09-11 09:00:00
SHP02046,Chandigarh,Kolkata,Bhopal,General Network,Chandigarh_Kolkata,Highway,FTL Truck,2188,0.12,Cloudy,0.4,3,0.82,1000,Express,Afternoon,Wednesday,32.764,38.025,32.764,324.9,0,2024-03-13 15:00:00
SHP02047,Indore,Mumbai,Ahmedabad,General Network,Indore_Mumbai,Highway,Express Van,1786,0.93,Fog,0.898,1,,1400,Standard,Evening Rush,Sunday,52.868,27.312,52.868,2007.3,0,2024-05-05 18:00:00
SHP02048,Hyderabad,Vadodara,Coimbatore,General Network,Hyderabad_Vadodara,Mixed,Container,1925,0.34,Rain,0.568,4,0.91,3800,Economy,Evening Rush,Tuesday,77.667,52.062,77.667,2395.3,0,2024-01-23 19:00:00
SHP02049,Jaipur,Bhopal,,General Network,Jaipur_Bhopal,Highway,Carting Vehicle,1254,0.88,Rain,0.62,0,0.23,2200,Express,Evening Rush,Wednesday,45.928,31.97,45.928,1501.7,0,2024-04-10 18:00:00
SHP02050,Bangalore,Bhopal,,General Network,Bangalore_Bhopal,City Road,Mini Truck,2068,0.27,Fog,0.266,2,0.26,4200,Economy,Afternoon,Friday,135.362,89.302,135.362,4182.7,1,2024-05-10 17:00:00
SHP02051,Bhopal,Patna,,General Network,Bhopal_Patna,Highway,Express Van,371,0.78,Fog,0.78,2,0.78,1200,Express,Night,Tuesday,10.636,7.245,10.636,396.2,0,2024-11-05 22:00:00
SHP02052,Kolkata,Patna,Mumbai,Eastern Corridor,Kolkata_Patna,City Road,Container,933,0.25,Storm,0.434,1,0.71,3200,Same-Day,Morning Rush,Friday,71.234,24.0,71.234,2392.4,1,2024-03-22 09:00:00
SHP02053,Mumbai,Chandigarh,,General Network,Mumbai_Chandigarh,Highway,FTL Truck,1161,0.36,Cloudy,0.384,4,0.42,5000,Express,Morning Rush,Thursday,20.535,23.177,20.535,361.3,0,2024-05-16 09:00:00
SHP02054,Patna,Indore,,General Network,Patna_Indore,Expressway,Express Van,2447,0.48,Clear,0.556,1,0.67,1100,Same-Day,Afternoon,Friday,27.451,24.0,27.451,303.2,1,2024-06-07 17:00:00
SHP02055,Indore,Coimbatore,,General Network,Indore_Coimbatore,Expressway,Mini Truck,1140,0.75,Heavy Rain,0.654,6,0.51,1400,Same-Day,Midday,Monday,35.846,21.018,35.846,1350.8,1,2024-06-24 10:00:00
SHP02056,Lucknow,Nagpur,,General Network,Lucknow_Nagpur,Rural,Mini Truck,2313,0.43,Cloudy,0.43,4,0.43,2000,Standard,Midday,Friday,86.131,72.0,86.131,1741.2,1,2024-09-06 10:00:00
SHP02057,Lucknow,Jaipur,,General Network,Lucknow_Jaipur,City Road,Mini Truck,272,0.17,Cloudy,0.406,2,0.76,2000,Standard,Night,Tuesday,12.39,14.943,12.39,225.3,0,2024-11-26 22:00:00
SHP02058,Jaipur,Delhi,Chennai,NCR-Rajasthan Corridor,Jaipur_Delhi,Highway,Carting Vehicle,945,0.37,Heavy Rain,0.578,3,0.89,2200,Economy,Midday,Saturday,42.075,24.942,42.075,1579.5,0,2024-05-11 13:00:00
SHP02059,Vizag,Pune,Surat,General Network,Vizag_Pune,Mixed,FTL Truck,2178,0.91,Cloudy,0.662,0,0.29,850,Express,Afternoon,Thursday,63.737,48.0,63.737,1646.2,1,2024-09-12 16:00:00
SHP02060,Nagpur,Hyderabad,,General Network,Nagpur_Hyderabad,Mixed,Express Van,1969,0.17,Heavy Rain,0.242,4,0.35,1600,Standard,Morning Rush,Tuesday,60.359,40.19,60.359,1909.4,0,2024-06-11 08:00:00
SHP02061,Kochi,Vizag,,General Network,Kochi_Vizag,City Road,FTL Truck,1856,0.69,Storm,0.598,3,0.46,800,Economy,Afternoon,Monday,204.299,73.301,204.299,9076.2,1,2024-12-30 17:00:00
SHP02062,Vizag,Bhopal,Patna,General Network,Vizag_Bhopal,Rural,Container,1667,0.93,Clear,0.742,5,0.46,850,Economy,Evening Rush,Monday,87.503,60.656,87.503,2635.3,0,2024-02-26 19:00:00
SHP02063,Vadodara,Lucknow,,General Network,Vadodara_Lucknow,Expressway,Container,2296,0.28,Heavy Rain,0.504,5,0.84,750,Express,Midday,Thursday,59.604,41.828,59.604,1870.2,1,2024-08-22 12:00:00
SHP02064,Kochi,Delhi,Kolkata,General Network,Kochi_Delhi,Highway,Mini Truck,1369,0.83,Clear,0.774,0,0.69,800,Express,Midday,Tuesday,29.697,29.538,29.697,641.0,0,2024-08-20 11:00:00
SHP02065,Chennai,Indore,,General Network,Chennai_Indore,Highway,Express Van,801,0.91,Fog,0.858,3,0.78,3500,Standard,Afternoon,Friday,24.69,12.461,24.69,959.0,0,2024-07-19 16:00:00
SHP02066,Pune,Jaipur,Vizag,General Network,Pune_Jaipur,Mixed,FTL Truck,642,0.57,Cloudy,0.514,5,0.43,2800,Same-Day,Morning Rush,Tuesday,16.172,17.064,16.172,328.3,0,2024-05-21 06:00:00
SHP02067,Surat,Nagpur,,General Network,Surat_Nagpur,Mixed,FTL Truck,676,0.71,Fog,0.794,0,0.92,1800,Same-Day,Midday,Monday,23.249,16.767,23.249,718.9,0,2024-01-08 12:00:00
SHP02068,Ahmedabad,Kolkata,Indore,General Network,Ahmedabad_Kolkata,Mixed,FTL Truck,913,0.23,Clear,0.306,2,0.42,2600,Economy,Midday,Monday,21.033,22.654,21.033,349.0,0,2024-02-19 11:00:00
SHP02069,Ahmedabad,Hyderabad,Chennai,General Network,Ahmedabad_Hyderabad,Expressway,Mini Truck,1713,0.49,Heavy Rain,0.482,3,0.47,2600,Express,Morning Rush,Saturday,47.409,28.328,47.409,1642.5,0,2024-10-12 09:00:00
SHP02070,Kolkata,Bhopal,Chennai,General Network,Kolkata_Bhopal,Expressway,Express Van,2451,0.9,Heavy Rain,0.7,1,0.4,3200,Standard,Morning Rush,Tuesday,70.144,32.996,70.144,2862.6,0,2024-03-12 08:00:00
SHP02071,Pune,Lucknow,,General Network,Pune_Lucknow,City Road,Container,2329,0.15,,0.222,4,0.33,2800,Express,Midday,Saturday,179.415,48.0,179.415,6067.8,1,2024-04-06 12:00:00
SHP02072,Kochi,Bangalore,Chennai,General Network,Kochi_Bangalore,City Road,Carting Vehicle,538,0.5,,0.416,4,0.29,800,Standard,Afternoon,Sunday,45.494,28.613,45.494,1499.9,0,2024-12-22 17:00:00
SHP02073,Lucknow,Kolkata,Surat,General Network,Lucknow_Kolkata,Highway,Mini Truck,242,0.95,Storm,0.71,1,0.35,2000,Standard,Afternoon,Tuesday,13.84,5.385,13.84,628.7,0,2024-05-21 14:00:00
SHP02074,Pune,Bhopal,,General Network,Pune_Bhopal,Rural,Carting Vehicle,1830,0.84,Rain,0.824,4,0.8,2800,Same-Day,Morning Rush,Saturday,109.429,24.0,109.429,3312.4,1,2024-12-28 06:00:00
SHP02075,Patna,Hyderabad,,General Network,Patna_Hyderabad,City Road,Container,312,0.32,Heavy Rain,0.324,4,0.33,1100,Economy,Morning Rush,Saturday,28.065,17.308,28.065,1054.6,0,2024-02-24 07:00:00
SHP02076,Pune,Ahmedabad,,General Network,Pune_Ahmedabad,Mixed,FTL Truck,1825,0.11,Rain,0.334,0,0.67,2800,Express,Evening Rush,Monday,43.179,42.6,43.179,765.7,0,2024-08-05 21:00:00
SHP02077,Surat,Lucknow,Chandigarh,General Network,Surat_Lucknow,Expressway,FTL Truck,1975,0.53,Rain,0.574,2,0.64,1800,Economy,Evening Rush,Sunday,47.275,28.762,47.275,1589.1,0,2024-05-26 18:00:00
SHP02078,Coimbatore,Lucknow,Vizag,General Network,Coimbatore_Lucknow,Highway,Mini Truck,1391,0.76,Rain,0.644,3,0.47,900,Same-Day,Afternoon,Friday,38.544,24.0,38.544,1153.5,1,2024-09-20 17:00:00
SHP02079,Indore,Vadodara,,General Network,Indore_Vadodara,Expressway,Container,291,0.47,Rain,0.614,0,0.83,1400,Same-Day,Midday,Tuesday,7.106,8.661,7.106,210.2,0,2024-03-19 11:00:00
SHP02080,Indore,Jaipur,,General Network,Indore_Jaipur,Mixed,FTL Truck,1420,0.11,Rain,0.198,1,0.33,1400,Express,Afternoon,Sunday,34.071,33.686,34.071,624.2,0,2024-10-27 17:00:00
SHP02081,Pune,Chandigarh,Vadodara,General Network,Pune_Chandigarh,City Road,Mini Truck,696,0.47,Cloudy,0.45,2,0.42,2800,Economy,Evening Rush,Monday,38.026,31.904,38.026,955.8,0,2024-04-22 21:00:00
SHP02082,Hyderabad,Chennai,,Deccan-Southern Corridor,Hyderabad_Chennai,Highway,Express Van,897,0.67,Fog,0.53,5,0.32,3800,Express,Afternoon,Wednesday,22.02,15.152,22.02,736.2,0,2024-02-14 15:00:00
SHP02083,Hyderabad,Kochi,,General Network,Hyderabad_Kochi,Rural,Mini Truck,1437,0.71,Clear,0.718,6,0.73,3800,Economy,Afternoon,Monday,64.95,49.763,64.95,1768.1,0,2024-12-02 15:00:00
SHP02084,Indore,Chandigarh,,General Network,Indore_Chandigarh,Mixed,Mini Truck,1870,0.56,Clear,0.516,3,0.45,1400,Standard,Morning Rush,Thursday,51.587,48.267,51.587,1017.5,0,2024-08-08 06:00:00
SHP02085,Kochi,Lucknow,Hyderabad,General Network,Kochi_Lucknow,City Road,Container,180,0.24,Fog,0.444,2,0.75,800,Economy,Midday,Sunday,13.308,9.526,13.308,435.4,0,2024-09-01 11:00:00
SHP02086,Pune,Hyderabad,,General Network,Pune_Hyderabad,Rural,Mini Truck,1805,0.32,Heavy Rain,0.576,5,0.96,2800,Express,Afternoon,Monday,96.357,48.0,96.357,3107.3,1,2024-01-29 14:00:00
SHP02087,Pune,Jaipur,Vadodara,General Network,Pune_Jaipur,Rural,Mini Truck,509,0.47,Storm,0.394,2,0.28,2800,Same-Day,Evening Rush,Thursday,33.527,18.852,33.527,1257.6,1,2024-09-19 18:00:00
SHP02088,Indore,Vizag,Patna,General Network,Indore_Vizag,Mixed,Express Van,172,0.97,Heavy Rain,0.854,2,0.68,1400,Express,Afternoon,Thursday,9.07,6.841,9.07,394.6,0,2024-11-14 17:00:00
SHP02089,Vadodara,Surat,,General Network,Vadodara_Surat,Expressway,Express Van,1028,0.35,Clear,0.562,4,0.88,750,Express,Afternoon,Sunday,13.696,15.55,13.696,257.2,0,2024-04-07 14:00:00
SHP02090,Kochi,Bangalore,Mumbai,General Network,Kochi_Bangalore,City Road,Mini Truck,1134,0.97,Storm,0.854,6,0.68,800,Express,Midday,Tuesday,133.025,47.809,133.025,5821.5,1,2024-12-10 11:00:00
SHP02091,Bangalore,Bhopal,,General Network,Bangalore_Bhopal,City Road,Carting Vehicle,2461,0.13,Clear,0.358,1,0.7,4200,Same-Day,Midday,Friday,88.989,24.0,88.989,0.0,1,2024-11-22 12:00:00
SHP02092,Lucknow,Mumbai,,General Network,Lucknow_Mumbai,Mixed,FTL Truck,615,0.25,Fog,0.246,1,0.24,2000,Express,Midday,Tuesday,17.477,15.074,17.477,433.6,0,2024-02-27 11:00:00
SHP02093,Vadodara,Mumbai,Nagpur,General Network,Vadodara_Mumbai,City Road,Mini Truck,136,0.67,Clear,0.61,4,0.52,750,Economy,Evening Rush,Saturday,9.447,9.62,9.447,307.8,0,2024-02-10 20:00:00
SHP02094,Pune,Kolkata,,General Network,Pune_Kolkata,Rural,Express Van,2057,0.99,Rain,0.926,4,,2800,Express,Afternoon,Monday,93.111,48.0,93.111,3201.7,1,2024-09-09 15:00:00
SHP02095,Chennai,Hyderabad,,Deccan-Southern Corridor,Chennai_Hyderabad,Expressway,Container,2274,0.51,Storm,0.43,1,0.31,3500,Standard,Morning Rush,Monday,88.516,40.236,88.516,3621.3,1,2024-09-23 06:00:00
SHP02096,Vizag,Pune,,General Network,Vizag_Pune,Rural,Carting Vehicle,132,0.85,Storm,0.642,3,0.33,850,Standard,Afternoon,Monday,15.893,8.925,15.893,718.9,0,2024-04-01 14:00:00
SHP02097,Vizag,Ahmedabad,,General Network,Vizag_Ahmedabad,City Road,Carting Vehicle,686,0.74,Storm,0.648,2,0.51,850,Same-Day,Midday,Tuesday,79.276,24.0,79.276,3188.6,1,2024-05-28 11:00:00
SHP02098,Pune,Kolkata,,General Network,Pune_Kolkata,Expressway,FTL Truck,2157,0.77,Heavy Rain,0.57,3,0.27,2800,Standard,Evening Rush,Tuesday,67.206,34.209,67.206,2670.1,0,2024-10-01 19:00:00
SHP02099,Vadodara,Mumbai,,General Network,Vadodara_Mumbai,City Road,Express Van,800,0.27,Rain,0.37,2,0.52,750,Standard,Evening Rush,Monday,35.209,29.132,35.209,920.0,0,2024-02-12 21:00:00
SHP02100,Surat,Pune,,General Network,Surat_Pune,Highway,Express Van,1235,,Rain,0.59,4,0.26,1800,Standard,Morning Rush,Wednesday,32.14,20.241,32.14,1122.9,0,2024-06-12 06:00:00
SHP02101,Coimbatore,Surat,,General Network,Coimbatore_Surat,City Road,Mini Truck,2145,0.94,Fog,0.788,1,0.56,900,Same-Day,Morning Rush,Friday,152.432,24.0,152.432,5060.2,1,2024-04-26 06:00:00
SHP02102,Indore,Jaipur,Hyderabad,General Network,Indore_Jaipur,Rural,Container,455,0.31,Clear,0.37,0,0.46,1400,Same-Day,Evening Rush,Thursday,13.076,18.282,13.076,70.8,0,2024-10-31 20:00:00
SHP02103,Vizag,Kolkata,Delhi,General Network,Vizag_Kolkata,Mixed,Container,527,0.92,Clear,0.672,2,0.3,850,Standard,Morning Rush,Monday,18.983,18.015,18.983,519.0,0,2024-07-15 06:00:00
SHP02104,Nagpur,Mumbai,Bhopal,General Network,Nagpur_Mumbai,City Road,Mini Truck,1228,0.38,Rain,0.328,3,0.25,1600,Standard,Evening Rush,Sunday,72.863,53.523,72.863,2032.7,1,2024-12-08 18:00:00
SHP02105,Patna,Vadodara,,General Network,Patna_Vadodara,Expressway,Carting Vehicle,1125,0.67,Fog,0.51,6,0.27,1100,Economy,Midday,Sunday,43.484,23.698,43.484,1661.7,0,2024-02-11 13:00:00
SHP02106,Coimbatore,Chennai,,General Network,Coimbatore_Chennai,Mixed,FTL Truck,1479,1.0,Clear,0.984,2,0.96,900,Standard,Morning Rush,Thursday,46.285,34.904,46.285,1298.1,0,2024-08-01 08:00:00
SHP02107,Surat,Hyderabad,,General Network,Surat_Hyderabad,Rural,FTL Truck,495,0.19,Fog,0.206,1,0.23,1800,Economy,Midday,Sunday,22.12,19.091,22.12,667.2,0,2024-01-21 10:00:00
SHP02108,Pune,Kochi,,General Network,Pune_Kochi,Highway,Carting Vehicle,1912,0.37,Rain,0.462,1,0.6,2800,Same-Day,Morning Rush,Sunday,49.894,24.0,49.894,1081.6,1,2024-03-17 07:00:00
SHP02109,Nagpur,Vadodara,,General Network,Nagpur_Vadodara,City Road,Container,1589,0.61,Fog,0.598,1,0.58,1600,Same-Day,Midday,Sunday,102.942,24.0,102.942,2971.8,1,2024-04-07 12:00:00
SHP02110,Surat,Coimbatore,,General Network,Surat_Coimbatore,Highway,FTL Truck,2165,0.9,Cloudy,0.816,4,0.69,1800,Same-Day,Afternoon,Friday,45.49,24.0,45.49,1105.7,1,2024-09-27 15:00:00
SHP02111,Lucknow,Kochi,Hyderabad,General Network,Lucknow_Kochi,Rural,Mini Truck,1711,0.32,Rain,0.452,2,0.65,2000,Express,Evening Rush,Tuesday,69.734,48.0,69.734,1649.2,1,2024-08-20 18:00:00
SHP02112,Chandigarh,Ahmedabad,Hyderabad,General Network,Chandigarh_Ahmedabad,Rural,Express Van,730,0.91,Cloudy,0.926,5,0.95,1000,Express,Morning Rush,Saturday,28.04,20.116,28.04,836.0,0,2024-05-18 07:00:00
SHP02113,Bangalore,Indore,,General Network,Bangalore_Indore,Expressway,Express Van,1795,0.89,Storm,0.93,1,0.99,4200,Express,Afternoon,Tuesday,58.231,25.907,58.231,2508.1,1,2024-04-09 17:00:00
SHP02114,Lucknow,Jaipur,Surat,General Network,Lucknow_Jaipur,Rural,FTL Truck,930,0.77,Rain,0.826,2,0.91,2000,Same-Day,Evening Rush,Friday,41.915,24.0,41.915,1274.9,1,2024-02-23 20:00:00
SHP02115,Lucknow,Vadodara,Chennai,General Network,Lucknow_Vadodara,Rural,Carting Vehicle,2275,0.79,Heavy Rain,0.578,4,0.26,2000,Same-Day,Morning Rush,Saturday,169.553,24.0,169.553,6128.7,1,2024-07-06 08:00:00
SHP02116,Chennai,Patna,,General Network,Chennai_Patna,Rural,Express Van,2160,0.69,Heavy Rain,0.586,4,0.43,3500,Express,Night,Friday,108.897,48.0,108.897,4029.5,1,2024-04-19 22:00:00
SHP02117,Nagpur,Vadodara,,General Network,Nagpur_Vadodara,Highway,FTL Truck,1172,0.16,Rain,0.276,0,0.45,1600,Express,Midday,Friday,21.864,21.157,21.864,432.8,0,2024-10-18 11:00:00
SHP02118,Ahmedabad,Delhi,,General Network,Ahmedabad_Delhi,Rural,Express Van,217,0.39,Heavy Rain,0.378,0,0.36,2600,Express,Evening Rush,Thursday,9.178,10.37,9.178,299.1,0,2024-05-02 21:00:00
SHP02119,Indore,Kolkata,Coimbatore,General Network,Indore_Kolkata,Rural,FTL Truck,1849,0.93,Cloudy,0.842,0,0.71,1400,Standard,Evening Rush,Thursday,79.651,57.652,79.651,2313.8,1,2024-10-31 19:00:00
SHP02120,Lucknow,Chennai,,General Network,Lucknow_Chennai,City Road,Container,1465,0.96,Clear,0.856,3,0.7,2000,Economy,Afternoon,Monday,99.483,66.082,99.483,3014.4,0,2024-02-12 17:00:00
SHP02121,Chennai,Hyderabad,,Deccan-Southern Corridor,Chennai_Hyderabad,City Road,Carting Vehicle,260,0.75,Rain,0.59,3,0.35,3500,Standard,Evening Rush,Wednesday,24.376,14.536,24.376,868.3,0,2024-11-13 19:00:00
SHP02122,Coimbatore,Ahmedabad,,General Network,Coimbatore_Ahmedabad,City Road,FTL Truck,2342,0.6,Clear,0.724,2,0.91,900,Express,Evening Rush,Sunday,92.873,48.0,92.873,1557.5,1,2024-07-21 18:00:00
SHP02123,Patna,Vizag,Nagpur,General Network,Patna_Vizag,Rural,FTL Truck,1192,0.68,Cloudy,0.58,2,0.43,1100,Standard,Evening Rush,Friday,45.194,36.114,45.194,1122.3,0,2024-12-27 19:00:00
SHP02124,Kochi,Nagpur,Ahmedabad,General Network,Kochi_Nagpur,City Road,Container,1435,0.74,Fog,0.716,3,0.68,800,Same-Day,Night,Saturday,99.709,24.0,99.709,3088.4,1,2024-09-07 22:00:00
SHP02125,Mumbai,Nagpur,,General Network,Mumbai_Nagpur,Rural,Container,2282,0.52,Heavy Rain,0.656,5,0.86,5000,Economy,Midday,Sunday,172.228,78.957,172.228,6754.1,1,2024-07-07 12:00:00
SHP02126,Vizag,Chennai,,General Network,Vizag_Chennai,Rural,Carting Vehicle,1857,0.61,Clear,0.758,2,0.98,850,Same-Day,Evening Rush,Tuesday,71.619,24.0,71.619,995.8,1,2024-11-19 19:00:00
SHP02127,Indore,Patna,Hyderabad,General Network,Indore_Patna,Highway,Carting Vehicle,181,0.42,Fog,0.548,3,0.74,1400,Economy,Evening Rush,Thursday,8.144,6.923,8.144,307.6,0,2024-03-07 18:00:00
SHP02128,Indore,Lucknow,Nagpur,General Network,Indore_Lucknow,Rural,Carting Vehicle,361,0.87,Clear,0.714,2,0.48,1400,Standard,Evening Rush,Thursday,19.458,17.438,19.458,525.7,0,2024-06-13 18:00:00
SHP02129,Kolkata,Lucknow,,General Network,Kolkata_Lucknow,City Road,Container,1812,0.4,Heavy Rain,0.584,5,0.86,3200,Economy,Afternoon,Sunday,165.225,83.619,165.225,6259.0,1,2024-10-13 17:00:00
SHP02130,Hyderabad,Nagpur,,General Network,Hyderabad_Nagpur,Highway,Express Van,1295,0.94,Cloudy,0.884,6,0.8,3800,Express,Evening Rush,Monday,27.645,21.86,27.645,814.2,0,2024-02-12 21:00:00
SHP02131,Kolkata,Pune,Lucknow,General Network,Kolkata_Pune,Expressway,Container,1853,0.35,Fog,0.51,6,0.75,3200,Express,Morning Rush,Saturday,43.596,33.546,43.596,1238.9,0,2024-10-26 07:00:00
SHP02132,Coimbatore,Surat,,General Network,Coimbatore_Surat,Rural,FTL Truck,1518,0.15,Clear,0.254,0,0.41,900,Economy,Afternoon,Wednesday,42.659,45.985,42.659,535.5,0,2024-07-31 16:00:00
SHP02133,Surat,Ahmedabad,Kochi,General Network,Surat_Ahmedabad,Mixed,Carting Vehicle,1631,0.71,Rain,0.702,3,0.69,1800,Standard,Morning Rush,Tuesday,81.008,51.01,81.008,2685.8,1,2024-03-26 06:00:00
SHP02134,Nagpur,Hyderabad,,General Network,Nagpur_Hyderabad,Highway,Carting Vehicle,2277,0.34,Heavy Rain,0.416,0,0.53,1600,Express,Midday,Monday,80.596,48.0,80.596,2558.8,1,2024-09-23 11:00:00
SHP02135,Nagpur,Pune,Bhopal,General Network,Nagpur_Pune,City Road,Express Van,2055,0.19,Storm,0.498,0,0.96,1600,Standard,Midday,Thursday,130.864,71.314,130.864,4788.5,1,2024-12-12 13:00:00
SHP02136,Lucknow,Surat,,General Network,Lucknow_Surat,Highway,Carting Vehicle,313,0.48,Fog,0.624,3,0.84,2000,Same-Day,Midday,Wednesday,11.431,11.454,11.431,372.9,0,2024-02-14 13:00:00
SHP02137,Vizag,Kochi,Nagpur,General Network,Vizag_Kochi,Highway,FTL Truck,2094,0.13,Storm,0.234,3,0.39,850,Express,Evening Rush,Wednesday,59.694,36.692,59.694,2011.1,1,2024-08-21 18:00:00
SHP02138,Lucknow,Nagpur,Pune,General Network,Lucknow_Nagpur,Mixed,Express Van,1451,0.91,Clear,0.786,4,0.6,2000,Express,Morning Rush,Sunday,35.287,31.225,35.287,855.5,0,2024-02-25 07:00:00
SHP02139,Kochi,Surat,,General Network,Kochi_Surat,Rural,FTL Truck,882,,Cloudy,0.664,1,0.79,800,Express,Afternoon,Monday,30.686,29.461,30.686,665.2,0,2024-02-05 15:00:00
SHP02140,Coimbatore,Surat,Chennai,General Network,Coimbatore_Surat,Rural,Mini Truck,1858,0.12,Storm,0.272,0,0.5,900,Standard,Morning Rush,Friday,111.22,62.182,111.22,3920.6,1,2024-05-24 09:00:00
SHP02141,Lucknow,Surat,Kolkata,General Network,Lucknow_Surat,Mixed,Carting Vehicle,1285,0.2,Heavy Rain,0.5,3,0.95,2000,Economy,Evening Rush,Wednesday,69.432,40.911,69.432,2452.6,0,2024-10-23 20:00:00
SHP02142,Kochi,Lucknow,,General Network,Kochi_Lucknow,Highway,Mini Truck,227,0.93,Heavy Rain,0.75,5,0.48,800,Same-Day,Midday,Monday,10.541,8.93,10.541,443.3,0,2024-09-16 12:00:00
SHP02143,Chennai,Pune,Indore,General Network,Chennai_Pune,Rural,Container,463,0.34,Fog,0.6,4,0.99,3500,Express,Morning Rush,Tuesday,23.52,20.057,23.52,684.9,0,2024-07-02 08:00:00
SHP02144,Vadodara,Kochi,Bangalore,General Network,Vadodara_Kochi,Highway,Express Van,1329,0.85,Storm,0.714,2,0.51,750,Same-Day,Morning Rush,Saturday,45.945,20.732,45.945,1890.0,1,2024-10-26 06:00:00
SHP02145,Nagpur,Kolkata,Delhi,General Network,Nagpur_Kolkata,Rural,Mini Truck,122,0.58,Cloudy,0.532,3,0.46,1600,Economy,Afternoon,Monday,6.475,7.974,6.475,207.8,0,2024-03-04 15:00:00
SHP02146,Vadodara,Ahmedabad,,General Network,Vadodara_Ahmedabad,Expressway,Express Van,197,0.91,Heavy Rain,0.862,4,0.79,750,Express,Morning Rush,Wednesday,7.591,3.651,7.591,347.3,0,2024-09-04 07:00:00
SHP02147,Chandigarh,Ahmedabad,Nagpur,General Network,Chandigarh_Ahmedabad,Rural,FTL Truck,1006,0.71,Storm,0.538,0,0.28,1000,Economy,Afternoon,Tuesday,86.25,33.045,86.25,3833.7,0,2024-07-16 14:00:00
SHP02148,Kolkata,Coimbatore,,General Network,Kolkata_Coimbatore,Rural,Container,629,0.74,Rain,0.736,1,0.73,3200,Express,Morning Rush,Saturday,34.503,25.974,34.503,1083.5,0,2024-06-22 08:00:00
SHP02149,Delhi,Patna,,General Network,Delhi_Patna,Expressway,Express Van,1434,0.42,Fog,0.48,5,0.57,4800,Standard,Afternoon,Friday,29.503,20.302,29.503,982.6,0,2024-10-25 15:00:00
SHP02150,Kochi,Ahmedabad,Nagpur,General Network,Kochi_Ahmedabad,Expressway,Mini Truck,2432,0.33,Storm,0.482,2,0.71,800,Express,Midday,Tuesday,74.36,38.444,74.36,2755.0,1,2024-02-06 13:00:00
SHP02151,Bhopal,Pune,,General Network,Bhopal_Pune,City Road,Express Van,1735,0.94,Cloudy,0.808,2,0.61,1200,Same-Day,Evening Rush,Thursday,72.068,24.0,72.068,1737.8,1,2024-10-17 20:00:00
SHP02152,Lucknow,Kochi,,General Network,Lucknow_Kochi,Expressway,Container,2198,0.37,Fog,0.458,6,0.59,2000,Economy,Evening Rush,Saturday,62.175,37.179,62.175,2097.3,0,2024-10-19 19:00:00
SHP02153,Delhi,Indore,Surat,General Network,Delhi_Indore,City Road,Express Van,841,0.74,Heavy Rain,0.648,6,0.51,4800,Standard,Morning Rush,Wednesday,63.081,28.695,63.081,2531.2,0,2024-01-03 09:00:00
SHP02154,Indore,Vadodara,,General Network,Indore_Vadodara,Highway,Mini Truck,486,0.28,Clear,0.284,4,0.29,1400,Economy,Morning Rush,Sunday,11.127,10.75,11.127,262.6,0,2024-12-15 06:00:00
SHP02155,Nagpur,Indore,Kochi,General Network,Nagpur_Indore,City Road,Mini Truck,1784,0.81,Heavy Rain,0.622,0,0.34,1600,Standard,Afternoon,Friday,168.155,72.0,168.155,6691.2,1,2024-07-19 15:00:00
SHP02156,Lucknow,Bangalore,Patna,General Network,Lucknow_Bangalore,Highway,FTL Truck,913,0.3,Rain,0.5,3,0.8,2000,Standard,Evening Rush,Saturday,20.893,18.904,20.893,568.9,0,2024-03-30 20:00:00
SHP02157,Pune,Nagpur,,General Network,Pune_Nagpur,City Road,Express Van,2197,0.86,Storm,0.62,4,0.26,2800,Express,Afternoon,Tuesday,187.519,48.0,187.519,7976.1,1,2024-12-10 16:00:00
SHP02158,Bhopal,Hyderabad,,General Network,Bhopal_Hyderabad,Highway,Carting Vehicle,348,0.93,Fog,0.946,6,0.97,1200,Same-Day,Evening Rush,Saturday,15.649,10.55,15.649,591.0,0,2024-02-10 20:00:00
SHP02159,Vadodara,Mumbai,Delhi,General Network,Vadodara_Mumbai,City Road,Mini Truck,1354,0.45,Storm,0.422,5,0.38,750,Economy,Night,Thursday,145.53,60.276,145.53,6152.7,1,2024-10-24 22:00:00
SHP02160,Pune,Ahmedabad,,General Network,Pune_Ahmedabad,Expressway,Carting Vehicle,1032,0.7,Fog,0.692,0,0.68,2800,Standard,Morning Rush,Saturday,34.778,22.583,34.778,1217.6,0,2024-12-07 09:00:00
SHP02161,Hyderabad,Lucknow,,General Network,Hyderabad_Lucknow,Rural,Express Van,1485,0.47,Cloudy,0.626,4,0.86,3800,Economy,Morning Rush,Tuesday,51.553,39.916,51.553,1371.4,0,2024-08-20 07:00:00
SHP02162,Bangalore,Kolkata,Kochi,General Network,Bangalore_Kolkata,Expressway,Express Van,2337,0.86,Rain,0.796,6,0.7,4200,Express,Night,Saturday,48.337,32.006,48.337,1616.7,1,2024-11-02 22:00:00
SHP02163,Kolkata,Mumbai,,General Network,Kolkata_Mumbai,Highway,Express Van,1214,0.63,Rain,0.598,3,0.55,3200,Standard,Midday,Wednesday,29.47,19.916,29.47,976.4,0,2024-06-26 10:00:00
SHP02164,Kolkata,Hyderabad,,General Network,Kolkata_Hyderabad,Expressway,Express Van,185,0.74,Clear,0.704,6,0.65,3200,Same-Day,Midday,Friday,5.496,4.256,5.496,228.1,0,2024-05-31 12:00:00
SHP02165,Jaipur,Nagpur,,General Network,Jaipur_Nagpur,Expressway,Mini Truck,2302,0.17,Heavy Rain,0.466,4,0.91,2200,Economy,Morning Rush,Saturday,63.764,39.664,63.764,2210.4,0,2024-12-28 08:00:00
SHP02166,Vadodara,Nagpur,Chandigarh,General Network,Vadodara_Nagpur,Expressway,Container,1610,0.27,Storm,0.546,4,0.96,750,Economy,Afternoon,Thursday,61.554,26.981,61.554,2497.0,0,2024-02-29 15:00:00
SHP02167,Mumbai,Patna,,General Network,Mumbai_Patna,Expressway,Carting Vehicle,2272,0.47,Clear,0.586,3,0.76,5000,Same-Day,Midday,Wednesday,39.669,24.0,39.669,466.9,1,2024-04-24 12:00:00
SHP02168,Vizag,Chennai,Lucknow,General Network,Vizag_Chennai,Highway,Container,1849,0.66,Cloudy,0.604,3,0.52,850,Standard,Midday,Thursday,47.453,37.146,47.453,1215.7,0,2024-08-15 13:00:00
SHP02169,Coimbatore,Ahmedabad,,General Network,Coimbatore_Ahmedabad,Expressway,Mini Truck,112,0.1,Rain,0.344,4,0.71,900,Economy,Evening Rush,Tuesday,4.222,6.151,4.222,174.7,0,2024-04-09 19:00:00
SHP02170,Delhi,Nagpur,,General Network,Delhi_Nagpur,Rural,Carting Vehicle,140,0.64,Heavy Rain,0.488,2,0.26,4800,Economy,Evening Rush,Monday,14.016,7.475,14.016,592.0,0,2024-08-05 21:00:00
SHP02171,Ahmedabad,Delhi,,General Network,Ahmedabad_Delhi,Rural,Container,955,0.21,Fog,0.478,2,0.88,2600,Economy,Afternoon,Monday,50.69,35.136,50.69,1543.3,0,2024-06-10 14:00:00
SHP02172,Coimbatore,Delhi,Bangalore,General Network,Coimbatore_Delhi,Highway,Container,1307,0.15,Fog,0.174,0,0.21,900,Same-Day,Morning Rush,Sunday,28.131,24.0,28.131,534.6,1,2024-01-07 07:00:00
SHP02173,Delhi,Chandigarh,,General Network,Delhi_Chandigarh,City Road,Express Van,1069,0.45,Fog,0.642,5,0.93,4800,Same-Day,Morning Rush,Sunday,48.455,24.0,48.455,1313.7,1,2024-10-20 07:00:00
SHP02174,Jaipur,Chennai,,General Network,Jaipur_Chennai,City Road,Container,673,0.44,Clear,0.364,1,0.25,2200,Same-Day,Afternoon,Wednesday,26.69,24.0,26.69,244.1,1,2024-12-04 14:00:00
SHP02175,Kolkata,Indore,,General Network,Kolkata_Indore,Highway,Container,1309,0.69,Clear,0.558,2,0.36,3200,Standard,Evening Rush,Wednesday,30.767,26.751,30.767,691.0,0,2024-10-16 20:00:00
SHP02176,Kochi,Delhi,,General Network,Kochi_Delhi,City Road,Container,2021,0.59,Cloudy,0.578,3,0.56,800,Express,Night,Monday,102.814,48.0,102.814,2092.9,1,2024-03-25 22:00:00
SHP02177,Surat,Bangalore,Jaipur,General Network,Surat_Bangalore,City Road,Carting Vehicle,2346,0.61,Rain,0.706,3,0.85,1800,Standard,Night,Wednesday,187.715,72.0,187.715,5900.6,1,2024-02-21 22:00:00
SHP02178,Kolkata,Vadodara,,General Network,Kolkata_Vadodara,City Road,FTL Truck,2178,0.26,Storm,0.476,1,0.8,3200,Economy,Morning Rush,Friday,186.084,83.29,186.084,7431.3,1,2024-06-07 08:00:00
SHP02179,Chennai,Jaipur,,General Network,Chennai_Jaipur,City Road,Mini Truck,1944,0.56,Clear,0.436,3,0.25,3500,Standard,Midday,Friday,90.227,72.0,90.227,1710.8,1,2024-12-06 10:00:00
SHP02180,Ahmedabad,Delhi,,General Network,Ahmedabad_Delhi,City Road,Express Van,2181,0.82,Fog,0.66,2,0.42,2600,Economy,Midday,Sunday,151.4,74.161,151.4,5832.8,1,2024-01-07 12:00:00
SHP02181,Indore,Chandigarh,,General Network,Indore_Chandigarh,Expressway,FTL Truck,2024,0.64,Fog,0.668,2,0.71,1400,Economy,Evening Rush,Friday,55.423,32.391,55.423,2047.1,0,2024-05-24 19:00:00
SHP02182,Jaipur,Indore,,General Network,Jaipur_Indore,Highway,Express Van,1563,0.31,Storm,0.382,1,0.49,2200,Same-Day,Midday,Sunday,40.711,24.0,40.711,1423.3,1,2024-09-22 10:00:00
SHP02183,Surat,Hyderabad,Chandigarh,General Network,Surat_Hyderabad,Expressway,FTL Truck,508,0.83,Storm,0.694,0,0.49,1800,Standard,Morning Rush,Tuesday,20.446,10.125,20.446,905.9,0,2024-06-25 08:00:00
SHP02184,Lucknow,Patna,,General Network,Lucknow_Patna,Expressway,FTL Truck,2259,0.69,Clear,0.734,6,0.8,2000,Same-Day,Morning Rush,Wednesday,34.824,24.0,34.824,662.7,1,2024-04-17 08:00:00
SHP02185,Ahmedabad,Lucknow,,General Network,Ahmedabad_Lucknow,Expressway,Carting Vehicle,306,0.78,Rain,0.652,3,0.46,2600,Standard,Midday,Friday,11.554,7.394,11.554,435.6,0,2024-05-03 12:00:00
SHP02186,Kochi,Hyderabad,,General Network,Kochi_Hyderabad,City Road,Carting Vehicle,1472,0.35,Rain,0.394,0,0.46,800,Same-Day,Night,Wednesday,85.775,24.0,85.775,1781.9,1,2024-08-28 22:00:00
SHP02187,Hyderabad,Bhopal,,General Network,Hyderabad_Bhopal,City Road,Carting Vehicle,704,0.82,Fog,0.88,5,0.97,3800,Standard,Night,Wednesday,67.901,38.956,67.901,2464.9,0,2024-12-18 22:00:00
SHP02188,Indore,Vadodara,,General Network,Indore_Vadodara,Expressway,Mini Truck,2003,0.48,Storm,0.624,1,0.84,1400,Same-Day,Evening Rush,Wednesday,61.71,24.0,61.71,2297.0,1,2024-05-22 21:00:00
SHP02189,Patna,Kolkata,Mumbai,Eastern Corridor,Patna_Kolkata,Expressway,Container,725,0.99,Fog,0.734,0,0.35,1100,Standard,Midday,Wednesday,25.092,16.524,25.092,966.8,0,2024-12-25 13:00:00
SHP02190,Indore,Kolkata,,General Network,Indore_Kolkata,Rural,FTL Truck,1604,0.92,Cloudy,0.748,2,0.49,1400,Same-Day,Night,Wednesday,59.091,24.0,59.091,1406.8,1,2024-10-02 22:00:00
SHP02191,Ahmedabad,Bangalore,,General Network,Ahmedabad_Bangalore,Rural,Carting Vehicle,761,0.41,Clear,0.398,1,0.38,2600,Standard,Evening Rush,Thursday,30.442,32.762,30.442,473.6,0,2024-06-06 20:00:00
SHP02192,Vizag,Indore,,General Network,Vizag_Indore,Rural,Mini Truck,1876,0.85,Heavy Rain,0.75,5,0.6,850,Standard,Morning Rush,Saturday,141.828,64.174,141.828,5730.4,1,2024-07-06 07:00:00
SHP02193,Kolkata,Kochi,,General Network,Kolkata_Kochi,Expressway,Mini Truck,1899,0.36,Fog,0.496,2,0.7,3200,Same-Day,Midday,Thursday,38.053,24.0,38.053,950.5,1,2024-01-11 11:00:00
SHP02194,Vizag,Patna,Chennai,General Network,Vizag_Patna,City Road,Mini Truck,1702,0.52,,0.672,1,0.9,850,Same-Day,Afternoon,Thursday,97.762,24.0,97.762,2623.8,1,2024-10-10 15:00:00
SHP02195,Chandigarh,Kolkata,,General Network,Chandigarh_Kolkata,Expressway,Carting Vehicle,1394,0.95,Cloudy,0.874,3,0.76,1000,Standard,Morning Rush,Saturday,39.397,28.433,39.397,1189.9,0,2024-10-19 08:00:00
SHP02196,Bhopal,Ahmedabad,Nagpur,General Network,Bhopal_Ahmedabad,Rural,FTL Truck,505,0.31,Storm,0.298,5,0.28,1200,Express,Night,Thursday,30.931,17.315,30.931,1182.6,0,2024-03-14 22:00:00
SHP02197,Lucknow,Bangalore,,General Network,Lucknow_Bangalore,Rural,Mini Truck,713,0.65,Clear,0.766,3,0.94,2000,Same-Day,Night,Saturday,24.964,23.894,24.964,441.6,1,2024-06-08 22:00:00
SHP02198,Delhi,Bhopal,Hyderabad,General Network,Delhi_Bhopal,Expressway,FTL Truck,1319,0.26,Storm,0.36,0,0.51,4800,Standard,Afternoon,Saturday,37.338,20.818,37.338,1407.3,0,2024-11-09 16:00:00
SHP02199,Indore,Hyderabad,Pune,General Network,Indore_Hyderabad,Rural,FTL Truck,2327,0.47,Rain,0.562,4,0.7,1400,Standard,Evening Rush,Thursday,102.006,68.814,102.006,3017.7,1,2024-02-08 19:00:00
SHP02200,Jaipur,Hyderabad,,General Network,Jaipur_Hyderabad,City Road,Express Van,166,0.34,Fog,0.364,6,,2200,Express,Evening Rush,Tuesday,8.555,10.062,8.555,265.9,0,2024-12-17 20:00:00
SHP02201,Vadodara,Coimbatore,,General Network,Vadodara_Coimbatore,Rural,Carting Vehicle,231,0.7,Clear,0.508,2,0.22,750,Express,Morning Rush,Thursday,10.402,10.787,10.402,213.5,0,2024-04-11 09:00:00
SHP02202,Bangalore,Lucknow,Pune,General Network,Bangalore_Lucknow,Expressway,Express Van,2420,0.33,Fog,0.538,1,0.85,4200,Same-Day,Midday,Monday,36.725,24.0,36.725,874.5,1,2024-04-01 11:00:00
SHP02203,Coimbatore,Kochi,,General Network,Coimbatore_Kochi,Highway,FTL Truck,1538,0.56,Rain,0.692,5,0.89,900,Express,Evening Rush,Thursday,37.838,29.881,37.838,1116.8,0,2024-03-21 19:00:00
SHP02204,Kolkata,Nagpur,,General Network,Kolkata_Nagpur,Highway,Mini Truck,1258,0.76,Rain,0.852,1,0.99,3200,Standard,Midday,Sunday,40.942,24.895,40.942,1408.2,0,2024-01-28 13:00:00
SHP02205,Kolkata,Indore,,General Network,Kolkata_Indore,Highway,Mini Truck,1096,0.33,Storm,0.406,1,0.52,3200,Express,Midday,Friday,39.829,24.515,39.829,1476.4,0,2024-12-13 13:00:00
SHP02206,Indore,Nagpur,,General Network,Indore_Nagpur,Rural,Carting Vehicle,2229,0.86,Cloudy,0.776,2,0.65,1400,Same-Day,Afternoon,Saturday,106.202,24.0,106.202,2409.4,1,2024-11-23 14:00:00
SHP02207,Lucknow,Kochi,Mumbai,General Network,Lucknow_Kochi,Expressway,Carting Vehicle,184,0.63,Storm,0.474,2,0.24,2000,Express,Morning Rush,Wednesday,9.084,7.777,9.084,390.1,0,2024-12-04 09:00:00
SHP02208,Surat,Chennai,,General Network,Surat_Chennai,Mixed,Mini Truck,322,0.54,Cloudy,0.436,4,0.28,1800,Express,Morning Rush,Sunday,10.4,11.041,10.4,266.2,0,2024-04-28 09:00:00
SHP02209,Chandigarh,Chennai,Lucknow,General Network,Chandigarh_Chennai,Expressway,FTL Truck,2274,0.28,Rain,0.328,3,0.4,1000,Standard,Evening Rush,Tuesday,42.54,35.852,42.54,1116.2,0,2024-04-16 21:00:00
SHP02210,Vadodara,Indore,,General Network,Vadodara_Indore,Expressway,Mini Truck,335,0.22,Heavy Rain,0.34,5,0.52,750,Standard,Morning Rush,Saturday,11.194,7.147,11.194,436.5,0,2024-03-16 06:00:00
SHP02211,Vizag,Mumbai,,General Network,Vizag_Mumbai,City Road,Container,657,0.68,Heavy Rain,0.6,6,0.48,850,Express,Morning Rush,Friday,59.357,32.033,59.357,2236.4,1,2024-07-05 09:00:00
SHP02212,Hyderabad,Bhopal,,General Network,Hyderabad_Bhopal,Mixed,Mini Truck,1869,0.98,Storm,0.788,5,0.5,3800,Same-Day,Morning Rush,Sunday,118.281,24.0,118.281,5020.2,1,2024-04-21 09:00:00
SHP02213,Indore,Coimbatore,,General Network,Indore_Coimbatore,Mixed,Express Van,369,0.23,Clear,0.486,4,0.87,1400,Economy,Midday,Friday,9.289,11.272,9.289,236.5,0,2024-09-20 13:00:00
SHP02214,Ahmedabad,Mumbai,,Gujarat-Maharashtra Corridor,Ahmedabad_Mumbai,City Road,Carting Vehicle,1708,0.64,Fog,0.508,5,0.31,2600,Same-Day,Evening Rush,Tuesday,127.425,24.0,127.425,3741.5,1,2024-04-02 20:00:00
SHP02215,Lucknow,Mumbai,Bangalore,General Network,Lucknow_Mumbai,Highway,Container,1356,0.83,Clear,0.734,5,0.59,2000,Same-Day,Morning Rush,Sunday,30.681,24.0,30.681,644.4,1,2024-08-25 07:00:00
SHP02216,Kochi,Bhopal,,General Network,Kochi_Bhopal,Expressway,Container,1493,,Fog,0.572,3,0.86,800,Standard,Morning Rush,Sunday,38.043,27.474,38.043,1173.3,0,2024-02-18 07:00:00
SHP02217,Jaipur,Mumbai,,General Network,Jaipur_Mumbai,Rural,Mini Truck,478,0.59,Heavy Rain,0.706,4,0.88,2200,Express,Evening Rush,Sunday,31.25,19.041,31.25,1166.9,0,2024-06-09 19:00:00
SHP02218,Jaipur,Pune,Kochi,General Network,Jaipur_Pune,Highway,FTL Truck,2182,0.91,Heavy Rain,0.786,6,0.6,2200,Express,Morning Rush,Monday,81.361,39.167,81.361,3245.1,1,2024-08-05 09:00:00
SHP02219,Patna,Kolkata,Vizag,Eastern Corridor,Patna_Kolkata,City Road,Express Van,2304,0.79,Heavy Rain,0.59,2,0.29,1100,Express,Evening Rush,Friday,155.599,48.0,155.599,5901.4,1,2024-03-15 18:00:00
SHP02220,Kolkata,Kochi,Bangalore,General Network,Kolkata_Kochi,Highway,Container,2421,0.86,Fog,0.648,3,0.33,3200,Express,Midday,Thursday,84.134,48.0,84.134,2911.9,1,2024-11-28 11:00:00
SHP02221,Vadodara,Indore,Surat,General Network,Vadodara_Indore,Highway,FTL Truck,1474,0.75,Storm,0.642,4,0.48,750,Same-Day,Midday,Thursday,57.236,24.0,57.236,2328.7,1,2024-08-01 12:00:00
SHP02222,Nagpur,Vadodara,Jaipur,General Network,Nagpur_Vadodara,Expressway,Mini Truck,1142,0.84,Heavy Rain,0.724,4,0.55,1600,Standard,Morning Rush,Wednesday,42.639,18.746,42.639,1757.0,0,2024-06-05 06:00:00
SHP02223,Delhi,Chandigarh,,General Network,Delhi_Chandigarh,Rural,Carting Vehicle,315,0.31,Heavy Rain,0.542,0,0.89,4800,Standard,Evening Rush,Saturday,21.227,15.078,21.227,713.6,0,2024-10-26 19:00:00
SHP02224,Kolkata,Pune,,General Network,Kolkata_Pune,Mixed,Express Van,1191,0.24,Fog,0.52,5,0.94,3200,Same-Day,Midday,Saturday,30.182,24.0,30.182,775.2,1,2024-11-02 10:00:00
SHP02225,Nagpur,Chennai,,General Network,Nagpur_Chennai,Mixed,Mini Truck,1237,0.47,,0.626,2,0.86,1600,Express,Midday,Saturday,54.054,33.021,54.054,1868.8,1,2024-12-07 13:00:00
SHP02226,Chandigarh,Bangalore,,General Network,Chandigarh_Bangalore,Highway,Carting Vehicle,1569,0.98,Storm,0.908,1,0.8,1000,Same-Day,Morning Rush,Friday,88.005,24.0,88.005,3711.3,1,2024-08-23 09:00:00
SHP02227,Pune,Bhopal,,General Network,Pune_Bhopal,Highway,Mini Truck,1136,0.36,Storm,0.368,0,0.38,2800,Standard,Midday,Saturday,44.576,21.698,44.576,1727.9,0,2024-03-02 12:00:00
SHP02228,Bhopal,Indore,Chandigarh,General Network,Bhopal_Indore,Expressway,Carting Vehicle,541,0.53,Heavy Rain,0.718,3,1.0,1200,Same-Day,Evening Rush,Wednesday,19.384,13.697,19.384,707.4,0,2024-12-18 20:00:00
SHP02229,Pune,Nagpur,,General Network,Pune_Nagpur,Highway,Carting Vehicle,194,1.0,Heavy Rain,0.828,4,0.57,2800,Same-Day,Midday,Monday,11.084,6.832,11.084,471.0,0,2024-07-22 10:00:00
SHP02230,Kolkata,Chandigarh,Patna,General Network,Kolkata_Chandigarh,Highway,Express Van,1066,0.32,Cloudy,0.296,5,0.26,3200,Same-Day,Evening Rush,Sunday,15.358,20.045,15.358,226.3,0,2024-05-19 21:00:00
SHP02231,Delhi,Surat,Vizag,General Network,Delhi_Surat,Expressway,FTL Truck,1686,0.71,Heavy Rain,0.646,0,0.55,4800,Express,Midday,Saturday,46.533,24.811,46.533,1727.2,0,2024-02-03 13:00:00
SHP02232,Ahmedabad,Bangalore,,General Network,Ahmedabad_Bangalore,City Road,Mini Truck,1253,0.45,Cloudy,0.49,2,0.55,2600,Standard,Morning Rush,Thursday,61.138,53.426,61.138,1281.6,0,2024-03-21 09:00:00
SHP02233,Bhopal,Vadodara,,General Network,Bhopal_Vadodara,Rural,Carting Vehicle,1863,0.73,Cloudy,0.822,4,0.96,1200,Same-Day,Morning Rush,Sunday,83.814,24.0,83.814,1716.8,1,2024-09-22 07:00:00
SHP02234,Patna,Ahmedabad,Mumbai,General Network,Patna_Ahmedabad,City Road,Mini Truck,2398,0.8,Clear,0.7,4,0.55,1100,Express,Morning Rush,Sunday,116.945,48.0,116.945,2449.1,1,2024-07-28 09:00:00
SHP02235,Patna,Mumbai,,General Network,Patna_Mumbai,Rural,Mini Truck,1611,0.11,Storm,0.454,1,0.97,1100,Same-Day,Afternoon,Sunday,82.481,24.0,82.481,2562.2,1,2024-04-07 16:00:00
SHP02236,Kochi,Vadodara,Nagpur,General Network,Kochi_Vadodara,Mixed,Carting Vehicle,721,0.94,Fog,0.744,3,0.45,800,Economy,Midday,Wednesday,48.249,21.969,48.249,1933.6,0,2024-11-27 11:00:00
SHP02237,Bangalore,Indore,,General Network,Bangalore_Indore,Highway,Express Van,2229,0.17,Heavy Rain,0.37,3,0.67,4200,Economy,Afternoon,Thursday,57.191,35.707,57.191,1977.8,0,2024-05-16 14:00:00
SHP02238,Surat,Vizag,Hyderabad,General Network,Surat_Vizag,Highway,Container,550,0.99,Storm,0.81,1,0.54,1800,Standard,Evening Rush,Tuesday,32.705,11.871,32.705,1477.0,0,2024-05-21 18:00:00
SHP02239,Bhopal,Surat,Coimbatore,General Network,Bhopal_Surat,City Road,Carting Vehicle,1923,0.86,Cloudy,0.848,6,0.83,1200,Express,Morning Rush,Thursday,128.536,48.0,128.536,3316.7,1,2024-12-19 09:00:00
SHP02240,Bangalore,Kochi,,General Network,Bangalore_Kochi,Mixed,Container,1116,0.64,Rain,0.772,2,0.97,4200,Standard,Morning Rush,Wednesday,48.584,31.662,48.584,1602.1,0,2024-11-27 09:00:00
SHP02241,Indore,Vizag,,General Network,Indore_Vizag,Highway,FTL Truck,1437,0.76,Heavy Rain,0.704,0,0.62,1400,Express,Morning Rush,Tuesday,48.696,26.969,48.696,1844.0,1,2024-09-17 07:00:00
SHP02242,Jaipur,Mumbai,,General Network,Jaipur_Mumbai,City Road,FTL Truck,543,0.41,Cloudy,0.338,6,0.23,2200,Same-Day,Night,Sunday,21.222,24.0,21.222,342.5,0,2024-06-23 22:00:00
SHP02243,Bhopal,Vadodara,,General Network,Bhopal_Vadodara,Mixed,FTL Truck,1789,0.8,Clear,0.88,0,1.0,1200,Express,Evening Rush,Tuesday,46.493,40.062,46.493,1000.6,0,2024-05-28 19:00:00
SHP02244,Bhopal,Jaipur,,General Network,Bhopal_Jaipur,City Road,Carting Vehicle,2431,0.74,Fog,0.756,2,0.78,1200,Standard,Afternoon,Thursday,222.281,72.0,222.281,7780.3,1,2024-08-22 14:00:00
SHP02245,Vizag,Jaipur,,General Network,Vizag_Jaipur,Mixed,Container,2459,0.17,Storm,0.238,0,0.34,850,Same-Day,Afternoon,Thursday,102.634,24.0,102.634,3265.1,1,2024-08-01 17:00:00
SHP02246,Chennai,Patna,Hyderabad,General Network,Chennai_Patna,Expressway,Container,2472,0.67,Rain,0.55,2,0.37,3500,Economy,Evening Rush,Friday,74.314,41.737,74.314,2622.0,0,2024-09-13 18:00:00
SHP02247,Indore,Jaipur,,General Network,Indore_Jaipur,Rural,Carting Vehicle,1414,0.89,Clear,0.842,4,0.77,1400,Economy,Afternoon,Saturday,82.722,57.352,82.722,2449.5,0,2024-03-16 14:00:00
SHP02248,Vizag,Chandigarh,,General Network,Vizag_Chandigarh,Expressway,Carting Vehicle,2431,0.47,Rain,0.646,5,0.91,850,Standard,Afternoon,Wednesday,69.407,46.807,69.407,2117.3,0,2024-05-08 16:00:00
SHP02249,Chennai,Vizag,,General Network,Chennai_Vizag,Highway,Container,2216,0.28,Storm,0.328,0,0.4,3500,Same-Day,Night,Friday,75.557,24.0,75.557,2578.1,1,2024-08-30 22:00:00
SHP02250,Kochi,Vizag,,General Network,Kochi_Vizag,Mixed,FTL Truck,894,0.49,Clear,0.498,3,0.51,800,Express,Evening Rush,Wednesday,20.478,22.029,20.478,334.7,0,2024-03-13 20:00:00
SHP02251,Kolkata,Hyderabad,,General Network,Kolkata_Hyderabad,City Road,FTL Truck,1128,0.83,Heavy Rain,0.73,1,0.58,3200,Express,Evening Rush,Saturday,89.422,44.275,89.422,3431.6,1,2024-06-22 21:00:00
SHP02252,Delhi,Pune,,General Network,Delhi_Pune,City Road,FTL Truck,215,0.87,Fog,0.762,5,0.6,4800,Standard,Midday,Wednesday,16.987,12.456,16.987,650.6,0,2024-01-10 10:00:00
SHP02253,Kochi,Lucknow,,General Network,Kochi_Lucknow,Rural,Express Van,1249,0.7,Heavy Rain,0.588,6,0.42,800,Express,Night,Monday,65.042,35.32,65.042,2454.4,1,2024-03-04 22:00:00
SHP02254,Bhopal,Chandigarh,Delhi,General Network,Bhopal_Chandigarh,Mixed,Mini Truck,1162,0.48,Storm,0.524,5,0.59,1200,Standard,Morning Rush,Monday,68.63,31.979,68.63,2826.7,0,2024-12-30 09:00:00
SHP02255,Lucknow,Mumbai,Nagpur,General Network,Lucknow_Mumbai,Mixed,Carting Vehicle,1695,0.77,Cloudy,0.814,1,0.88,2000,Same-Day,Midday,Wednesday,57.909,24.0,57.909,1214.5,1,2024-06-26 13:00:00
SHP02256,Hyderabad,Kolkata,,General Network,Hyderabad_Kolkata,Rural,Container,2127,0.22,Cloudy,0.296,2,0.41,3800,Express,Evening Rush,Thursday,67.284,48.0,67.284,700.6,1,2024-07-04 20:00:00
SHP02257,Delhi,Pune,,General Network,Delhi_Pune,Highway,Carting Vehicle,2254,0.18,Storm,0.488,2,0.95,4800,Same-Day,Evening Rush,Sunday,81.486,24.0,81.486,2635.1,1,2024-07-21 21:00:00
SHP02258,Coimbatore,Lucknow,Bhopal,General Network,Coimbatore_Lucknow,City Road,Mini Truck,2390,0.4,Clear,0.54,5,0.75,900,Same-Day,Evening Rush,Friday,87.246,24.0,87.246,682.4,1,2024-08-16 21:00:00
SHP02259,Kochi,Ahmedabad,,General Network,Kochi_Ahmedabad,Mixed,Carting Vehicle,1398,0.22,Cloudy,0.416,1,0.71,800,Same-Day,Evening Rush,Tuesday,35.333,24.0,35.333,256.0,1,2024-05-28 19:00:00
SHP02260,Patna,Chandigarh,,General Network,Patna_Chandigarh,Mixed,Container,1872,0.99,Storm,0.858,6,0.66,1100,Standard,Afternoon,Thursday,147.568,49.031,147.568,6651.7,1,2024-04-25 16:00:00
SHP02261,Lucknow,Nagpur,,General Network,Lucknow_Nagpur,Mixed,FTL Truck,802,0.74,Cloudy,0.632,3,0.47,2000,Standard,Evening Rush,Friday,25.169,19.5,25.169,708.1,0,2024-04-19 21:00:00
SHP02262,Bhopal,Hyderabad,,General Network,Bhopal_Hyderabad,Expressway,Container,1544,0.92,Storm,0.82,6,0.67,1200,Express,Evening Rush,Monday,70.381,28.346,70.381,3075.6,1,2024-09-09 20:00:00
SHP02263,Chandigarh,Kochi,Surat,General Network,Chandigarh_Kochi,City Road,FTL Truck,209,0.6,Cloudy,0.648,0,0.72,1000,Standard,Midday,Sunday,10.392,11.147,10.392,265.2,0,2024-07-21 11:00:00
SHP02264,Chandigarh,Surat,,General Network,Chandigarh_Surat,Mixed,Express Van,291,0.88,Rain,0.852,6,0.81,1000,Standard,Morning Rush,Monday,12.879,9.012,12.879,519.7,0,2024-12-09 06:00:00
SHP02265,Mumbai,Delhi,,Western Corridor,Mumbai_Delhi,Rural,Container,732,0.73,Storm,0.806,2,0.92,5000,Same-Day,Evening Rush,Monday,58.068,24.0,58.068,2335.8,1,2024-10-28 18:00:00
SHP02266,Hyderabad,Surat,,General Network,Hyderabad_Surat,Mixed,Express Van,737,0.2,Cloudy,0.24,3,0.3,3800,Standard,Midday,Saturday,14.157,18.344,14.157,208.5,0,2024-05-11 12:00:00
SHP02267,Ahmedabad,Nagpur,Pune,General Network,Ahmedabad_Nagpur,City Road,Express Van,1912,0.71,Heavy Rain,0.722,3,0.74,2600,Economy,Evening Rush,Thursday,152.019,66.086,152.019,6271.0,1,2024-06-20 21:00:00
SHP02268,Bangalore,Mumbai,Chennai,Western-Southern Corridor,Bangalore_Mumbai,Rural,Container,427,0.18,Storm,0.188,3,0.2,4200,Economy,Evening Rush,Tuesday,32.831,18.982,32.831,1300.0,0,2024-01-16 19:00:00
SHP02269,Chandigarh,Jaipur,,General Network,Chandigarh_Jaipur,Expressway,Container,2032,0.79,Heavy Rain,0.822,2,0.87,1000,Economy,Afternoon,Thursday,84.885,36.716,84.885,3583.3,0,2024-03-28 15:00:00
SHP02270,Nagpur,Bhopal,,General Network,Nagpur_Bhopal,Expressway,FTL Truck,1700,0.3,Fog,0.372,1,0.48,1600,Express,Evening Rush,Sunday,30.91,25.713,30.91,780.9,0,2024-09-29 20:00:00
SHP02271,Indore,Coimbatore,,General Network,Indore_Coimbatore,City Road,Mini Truck,337,0.97,Rain,0.906,5,,1400,Standard,Afternoon,Tuesday,28.682,16.753,28.682,1079.0,0,2024-07-16 14:00:00
SHP02272,Bhopal,Bangalore,,General Network,Bhopal_Bangalore,City Road,FTL Truck,943,0.33,Storm,0.502,6,0.76,1200,Economy,Midday,Sunday,86.673,39.109,86.673,3583.8,0,2024-07-21 11:00:00
SHP02273,Patna,Surat,,General Network,Patna_Surat,Expressway,Express Van,2488,0.3,,0.536,0,0.89,1100,Same-Day,Morning Rush,Tuesday,53.464,24.0,53.464,1841.4,1,2024-01-09 07:00:00
SHP02274,Pune,Bhopal,,General Network,Pune_Bhopal,City Road,FTL Truck,339,0.42,Storm,0.356,2,0.26,2800,Standard,Morning Rush,Monday,30.068,17.452,30.068,1222.9,0,2024-12-30 07:00:00
SHP02275,Coimbatore,Chennai,,General Network,Coimbatore_Chennai,Highway,Carting Vehicle,1127,0.89,Cloudy,0.834,3,0.75,900,Same-Day,Afternoon,Thursday,31.694,24.0,31.694,774.7,1,2024-10-31 16:00:00
SHP02276,Vizag,Indore,,General Network,Vizag_Indore,Expressway,FTL Truck,2477,0.4,Heavy Rain,0.416,4,0.44,850,Economy,Evening Rush,Tuesday,71.454,37.669,71.454,2722.8,0,2024-11-05 18:00:00
SHP02277,Vadodara,Chennai,,General Network,Vadodara_Chennai,Rural,Mini Truck,1105,0.11,Rain,0.358,4,0.73,750,Express,Evening Rush,Tuesday,40.97,38.506,40.97,821.2,0,2024-04-09 21:00:00
SHP02278,Bhopal,Mumbai,,General Network,Bhopal_Mumbai,City Road,Mini Truck,413,0.78,Clear,0.82,2,0.88,1200,Express,Morning Rush,Thursday,20.955,18.586,20.955,470.7,0,2024-11-07 08:00:00
SHP02279,Kolkata,Indore,,General Network,Kolkata_Indore,Highway,Mini Truck,1594,0.78,Storm,0.7,5,0.58,3200,Same-Day,Afternoon,Thursday,69.505,24.0,69.505,2841.9,1,2024-12-19 16:00:00
SHP02280,Mumbai,Patna,Ahmedabad,General Network,Mumbai_Patna,City Road,Carting Vehicle,1007,0.59,Clear,0.714,1,0.9,5000,Express,Evening Rush,Thursday,53.12,48.0,53.12,885.5,1,2024-09-26 21:00:00
SHP02281,Nagpur,Patna,Mumbai,General Network,Nagpur_Patna,Rural,Mini Truck,2140,0.57,Heavy Rain,0.522,5,0.45,1600,Express,Midday,Monday,129.408,48.0,129.408,4594.1,1,2024-09-23 13:00:00
SHP02282,Chennai,Kochi,,General Network,Chennai_Kochi,Rural,Container,1399,0.59,Storm,0.734,3,0.95,3500,Standard,Afternoon,Sunday,121.262,52.316,121.262,5081.2,1,2024-01-14 16:00:00
SHP02283,Mumbai,Nagpur,,General Network,Mumbai_Nagpur,Mixed,FTL Truck,1833,0.61,Clear,0.65,5,0.71,5000,Standard,Evening Rush,Thursday,48.254,41.033,48.254,1062.2,0,2024-04-18 20:00:00
SHP02284,Vizag,Bhopal,Coimbatore,General Network,Vizag_Bhopal,Expressway,Express Van,1057,0.45,Cloudy,0.454,1,0.46,850,Economy,Midday,Sunday,17.442,16.553,17.442,466.0,0,2024-07-28 13:00:00
SHP02285,Kochi,Hyderabad,Pune,General Network,Kochi_Hyderabad,City Road,Carting Vehicle,1492,0.55,Storm,0.606,0,0.69,800,Economy,Afternoon,Monday,202.518,76.884,202.518,8740.8,1,2024-05-27 16:00:00
SHP02286,Chennai,Surat,,General Network,Chennai_Surat,Highway,Express Van,2074,0.53,Rain,0.638,0,0.8,3500,Standard,Evening Rush,Sunday,46.421,31.385,46.421,1432.7,0,2024-10-27 21:00:00
SHP02287,Bhopal,Indore,Coimbatore,General Network,Bhopal_Indore,Highway,Container,1331,0.2,Fog,0.38,3,0.65,1200,Same-Day,Night,Friday,30.717,24.0,30.717,668.6,1,2024-09-27 22:00:00
SHP02288,Lucknow,Vizag,Patna,General Network,Lucknow_Vizag,Mixed,Express Van,2288,0.51,Storm,0.466,6,0.4,2000,Same-Day,Evening Rush,Sunday,90.619,24.0,90.619,3447.6,1,2024-11-03 18:00:00
SHP02289,Ahmedabad,Vadodara,,General Network,Ahmedabad_Vadodara,Rural,Mini Truck,1078,0.33,Cloudy,0.43,2,0.58,2600,Same-Day,Evening Rush,Monday,32.619,24.0,32.619,360.1,1,2024-07-08 18:00:00
SHP02290,Bangalore,Chennai,,Southern Corridor,Bangalore_Chennai,Mixed,Express Van,2297,0.44,Fog,0.532,5,0.67,4200,Economy,Morning Rush,Saturday,77.501,46.655,77.501,2652.6,0,2024-11-23 06:00:00
SHP02291,Surat,Vadodara,Hyderabad,General Network,Surat_Vadodara,Highway,Express Van,1434,0.77,Rain,0.682,3,0.55,1800,Same-Day,Midday,Tuesday,31.181,22.16,31.181,935.6,1,2024-06-04 11:00:00
SHP02292,Chandigarh,Chennai,Vadodara,General Network,Chandigarh_Chennai,City Road,Carting Vehicle,1765,0.94,Cloudy,0.936,6,0.93,1000,Express,Evening Rush,Sunday,121.541,48.0,121.541,3258.2,1,2024-07-07 21:00:00
SHP02293,Mumbai,Vadodara,,General Network,Mumbai_Vadodara,Expressway,FTL Truck,2122,0.63,Cloudy,0.75,4,0.93,5000,Express,Evening Rush,Friday,36.196,33.476,36.196,831.5,0,2024-03-15 21:00:00
SHP02294,Patna,Bhopal,,General Network,Patna_Bhopal,City Road,Mini Truck,1119,0.3,Clear,0.464,4,0.71,1100,Economy,Evening Rush,Monday,51.534,49.458,51.534,960.6,0,2024-12-02 21:00:00
SHP02295,Surat,Nagpur,Coimbatore,General Network,Surat_Nagpur,Highway,Express Van,693,1.0,,0.892,3,0.73,1800,Same-Day,Morning Rush,Sunday,13.922,14.676,13.922,383.4,0,2024-01-14 08:00:00
SHP02296,Vadodara,Ahmedabad,,General Network,Vadodara_Ahmedabad,City Road,Mini Truck,1513,0.42,Storm,0.476,1,0.56,750,Express,Morning Rush,Monday,130.187,48.0,130.187,4929.3,1,2024-12-09 08:00:00
SHP02297,Bhopal,Coimbatore,,General Network,Bhopal_Coimbatore,Highway,Mini Truck,1901,0.39,Clear,0.502,6,0.67,1200,Economy,Evening Rush,Thursday,40.81,37.685,40.81,864.4,0,2024-10-10 20:00:00
SHP02298,Coimbatore,Vizag,Kochi,General Network,Coimbatore_Vizag,Rural,Express Van,2335,0.74,Clear,0.768,5,0.81,900,Economy,Evening Rush,Saturday,82.847,61.012,82.847,2263.6,0,2024-11-16 21:00:00
SHP02299,Pune,Indore,,General Network,Pune_Indore,Highway,Express Van,1792,0.17,Heavy Rain,0.242,0,0.35,2800,Standard,Midday,Monday,40.136,27.592,40.136,1239.5,0,2024-10-07 13:00:00
SHP02300,Mumbai,Pune,Hyderabad,Mumbai-Pune Expressway,Mumbai_Pune,Expressway,Carting Vehicle,724,0.5,Fog,0.66,4,0.9,5000,Same-Day,Morning Rush,Friday,20.234,16.504,20.234,604.4,0,2024-06-07 08:00:00
SHP02301,Chandigarh,Ahmedabad,,General Network,Chandigarh_Ahmedabad,Highway,Container,2266,0.13,Heavy Rain,0.466,2,0.97,1000,Express,Night,Monday,62.227,48.0,62.227,1734.2,1,2024-08-05 22:00:00
SHP02302,Bhopal,Chandigarh,,General Network,Bhopal_Chandigarh,City Road,Mini Truck,2054,0.4,,0.452,3,,1200,Economy,Midday,Saturday,107.412,88.025,107.412,2532.3,0,2024-08-17 13:00:00
SHP02303,Surat,Lucknow,Vadodara,General Network,Surat_Lucknow,Highway,Mini Truck,146,0.53,Clear,0.61,2,0.73,1800,Same-Day,Morning Rush,Saturday,3.709,6.24,3.709,100.9,0,2024-09-14 08:00:00
SHP02304,Surat,Nagpur,Lucknow,General Network,Surat_Nagpur,Mixed,Carting Vehicle,1583,0.41,Heavy Rain,0.486,6,,1800,Express,Morning Rush,Monday,79.578,46.816,79.578,2664.0,1,2024-05-27 09:00:00
SHP02305,Bangalore,Indore,Surat,General Network,Bangalore_Indore,Highway,Container,2229,0.32,Heavy Rain,0.4,0,0.52,4200,Same-Day,Evening Rush,Sunday,63.812,24.0,63.812,1862.0,1,2024-07-14 19:00:00
SHP02306,Mumbai,Lucknow,,General Network,Mumbai_Lucknow,Expressway,FTL Truck,1490,0.14,Storm,0.444,2,0.9,5000,Same-Day,Midday,Monday,34.68,23.604,34.68,1139.8,1,2024-03-11 10:00:00
SHP02307,Mumbai,Bhopal,,General Network,Mumbai_Bhopal,Mixed,Mini Truck,1092,0.38,Fog,0.56,4,0.83,5000,Standard,Midday,Sunday,41.371,30.586,41.371,1268.9,0,2024-01-21 13:00:00
SHP02308,Indore,Pune,,General Network,Indore_Pune,Mixed,Express Van,1586,0.54,Cloudy,0.684,2,0.9,1400,Economy,Night,Saturday,42.088,31.27,42.088,1146.1,0,2024-01-20 22:00:00
SHP02309,Ahmedabad,Indore,,General Network,Ahmedabad_Indore,Highway,Express Van,1771,0.34,Rain,0.488,6,0.71,2600,Express,Midday,Monday,34.918,26.164,34.918,940.1,0,2024-07-01 12:00:00
SHP02310,Vizag,Mumbai,,General Network,Vizag_Mumbai,Rural,Mini Truck,1315,0.67,Storm,0.75,0,0.87,850,Economy,Night,Saturday,123.668,46.165,123.668,5471.9,1,2024-01-27 22:00:00
SHP02311,Pune,Bangalore,,General Network,Pune_Bangalore,Expressway,Mini Truck,514,0.97,Clear,0.97,4,0.97,2800,Standard,Midday,Friday,13.082,11.226,13.082,424.2,0,2024-12-13 11:00:00
SHP02312,Nagpur,Delhi,Patna,General Network,Nagpur_Delhi,Highway,Express Van,1622,0.33,Heavy Rain,0.41,1,0.53,1600,Same-Day,Morning Rush,Saturday,34.533,24.0,34.533,1014.2,1,2024-08-03 09:00:00
SHP02313,Kochi,Coimbatore,,General Network,Kochi_Coimbatore,Expressway,Carting Vehicle,1563,0.81,Heavy Rain,0.87,4,0.96,800,Express,Morning Rush,Friday,63.035,30.973,63.035,2465.9,1,2024-10-11 07:00:00
SHP02314,Coimbatore,Patna,,General Network,Coimbatore_Patna,Highway,Carting Vehicle,492,0.18,Heavy Rain,0.296,3,0.47,900,Express,Afternoon,Monday,16.409,13.191,16.409,492.5,0,2024-02-12 14:00:00
SHP02315,Jaipur,Chandigarh,,General Network,Jaipur_Chandigarh,Highway,FTL Truck,1606,0.86,Heavy Rain,0.68,0,0.41,2200,Same-Day,Evening Rush,Thursday,51.92,24.0,51.92,1910.7,1,2024-03-14 19:00:00
SHP02316,Lucknow,Indore,,General Network,Lucknow_Indore,Rural,Carting Vehicle,278,0.94,Clear,0.904,4,0.85,2000,Standard,Midday,Thursday,17.147,13.422,17.147,534.6,0,2024-01-11 12:00:00
SHP02317,Pune,Chandigarh,Kolkata,General Network,Pune_Chandigarh,City Road,Express Van,2052,0.76,Fog,0.636,1,0.45,2800,Economy,Afternoon,Monday,138.422,68.52,138.422,5246.4,1,2024-05-13 14:00:00
SHP02318,Bhopal,Chennai,Lucknow,General Network,Bhopal_Chennai,City Road,Express Van,468,0.24,Rain,0.336,3,0.48,1200,Express,Morning Rush,Tuesday,19.703,17.836,19.703,484.5,0,2024-03-19 08:00:00
SHP02319,Chennai,Indore,,General Network,Chennai_Indore,Rural,Container,1571,0.7,Clear,0.588,1,0.42,3500,Standard,Night,Thursday,64.448,56.407,64.448,1402.6,0,2024-02-01 22:00:00
SHP02320,Coimbatore,Kolkata,,General Network,Coimbatore_Kolkata,Highway,Mini Truck,1338,0.16,Heavy Rain,0.3,1,0.51,900,Express,Night,Saturday,35.948,27.632,35.948,1041.9,0,2024-09-07 22:00:00
SHP02321,Ahmedabad,Hyderabad,,General Network,Ahmedabad_Hyderabad,Expressway,Mini Truck,621,0.32,Heavy Rain,0.32,3,0.32,2600,Express,Night,Monday,16.203,12.9,16.203,536.4,0,2024-09-16 22:00:00
SHP02322,Kochi,Lucknow,,General Network,Kochi_Lucknow,Expressway,Mini Truck,2453,0.78,Fog,0.736,1,0.67,800,Economy,Evening Rush,Saturday,79.42,41.447,79.42,3043.8,0,2024-04-13 19:00:00
SHP02323,Chandigarh,Kolkata,Chennai,General Network,Chandigarh_Kolkata,Expressway,Container,1447,0.97,Heavy Rain,0.662,5,0.2,1000,Same-Day,Midday,Wednesday,50.155,24.0,50.155,1934.1,1,2024-01-17 12:00:00
SHP02324,Pune,Chennai,,General Network,Pune_Chennai,Expressway,Express Van,2385,0.32,Heavy Rain,0.284,1,0.23,2800,Standard,Morning Rush,Friday,49.914,31.997,49.914,1685.0,0,2024-12-06 09:00:00
SHP02325,Chennai,Bhopal,Indore,General Network,Chennai_Bhopal,Expressway,Carting Vehicle,606,0.32,Rain,0.316,0,0.31,3500,Standard,Midday,Saturday,15.042,14.635,15.042,392.2,0,2024-07-06 12:00:00
SHP02326,Jaipur,Ahmedabad,,General Network,Jaipur_Ahmedabad,Mixed,Express Van,1417,0.54,Heavy Rain,0.488,0,0.41,2200,Standard,Morning Rush,Tuesday,52.525,29.207,52.525,1919.3,0,2024-08-06 06:00:00
SHP02327,Kolkata,Jaipur,,General Network,Kolkata_Jaipur,Expressway,Express Van,804,0.46,Rain,0.66,3,0.96,3200,Standard,Morning Rush,Friday,15.981,11.145,15.981,517.3,0,2024-06-21 09:00:00
SHP02328,Vizag,Hyderabad,,General Network,Vizag_Hyderabad,Expressway,Carting Vehicle,349,0.4,Storm,0.624,1,0.96,850,Standard,Evening Rush,Monday,14.963,8.66,14.963,603.9,0,2024-09-02 21:00:00
SHP02329,Mumbai,Bhopal,,General Network,Mumbai_Bhopal,City Road,FTL Truck,1540,0.61,Storm,0.642,5,0.69,5000,Standard,Midday,Monday,146.423,58.398,146.423,6145.4,1,2024-09-30 12:00:00
SHP02330,Bangalore,Bhopal,,General Network,Bangalore_Bhopal,Mixed,FTL Truck,2021,0.36,Storm,0.436,1,0.55,4200,Express,Midday,Thursday,89.103,46.602,89.103,3325.2,1,2024-05-23 12:00:00
SHP02331,Pune,Mumbai,Indore,Mumbai-Pune Expressway,Pune_Mumbai,Mixed,FTL Truck,1693,0.41,Cloudy,0.578,5,0.83,2800,Standard,Evening Rush,Saturday,43.451,40.29,43.451,914.0,0,2024-05-25 21:00:00
SHP02332,Patna,Vizag,Chandigarh,General Network,Patna_Vizag,Mixed,FTL Truck,581,0.31,Fog,0.414,4,0.57,1100,Express,Midday,Tuesday,18.985,16.727,18.985,558.1,0,2024-04-16 11:00:00
SHP02333,Kolkata,Nagpur,Lucknow,General Network,Kolkata_Nagpur,Rural,Express Van,2353,0.63,Clear,0.73,1,0.88,3200,Standard,Afternoon,Wednesday,69.838,62.133,69.838,1462.2,0,2024-07-24 15:00:00
SHP02334,Patna,Kochi,,General Network,Patna_Kochi,Highway,Container,1848,0.26,Clear,0.552,6,0.99,1100,Economy,Evening Rush,Friday,40.575,39.673,40.575,803.9,0,2024-05-03 21:00:00
SHP02335,Nagpur,Indore,Bangalore,General Network,Nagpur_Indore,Highway,Container,166,0.32,Rain,0.428,0,0.59,1600,Same-Day,Midday,Thursday,4.441,4.927,4.441,120.0,0,2024-08-15 10:00:00
SHP02336,Ahmedabad,Indore,,General Network,Ahmedabad_Indore,Mixed,Express Van,1641,0.27,Storm,0.318,6,0.39,2600,Standard,Afternoon,Monday,66.099,32.38,66.099,2539.0,0,2024-02-12 15:00:00
SHP02337,Bangalore,Ahmedabad,,General Network,Bangalore_Ahmedabad,City Road,FTL Truck,1652,0.86,,0.736,1,0.55,4200,Express,Evening Rush,Tuesday,103.908,48.0,103.908,3402.5,1,2024-07-16 18:00:00
SHP02338,Ahmedabad,Jaipur,Surat,General Network,Ahmedabad_Jaipur,Highway,Express Van,865,0.15,Heavy Rain,0.346,1,0.64,2600,Standard,Afternoon,Saturday,19.749,15.987,19.749,620.8,0,2024-03-02 15:00:00
SHP02339,Delhi,Nagpur,Chandigarh,General Network,Delhi_Nagpur,Highway,FTL Truck,127,0.6,Fog,0.632,5,0.68,4800,Same-Day,Afternoon,Monday,5.857,6.255,5.857,256.2,0,2024-04-29 17:00:00
SHP02340,Ahmedabad,Indore,,General Network,Ahmedabad_Indore,Mixed,Mini Truck,1167,0.82,Rain,0.648,1,0.39,2600,Standard,Night,Friday,51.386,29.695,51.386,1786.5,0,2024-04-05 22:00:00
SHP02341,Indore,Coimbatore,,General Network,Indore_Coimbatore,Highway,Mini Truck,1324,0.39,Clear,0.45,1,0.54,1400,Economy,Afternoon,Friday,27.887,26.056,27.887,569.9,0,2024-12-06 15:00:00
SHP02342,Nagpur,Coimbatore,,General Network,Nagpur_Coimbatore,Highway,Carting Vehicle,2122,0.24,Heavy Rain,0.452,6,0.77,1600,Same-Day,Night,Sunday,66.922,24.0,66.922,1893.3,1,2024-08-25 22:00:00
SHP02343,Coimbatore,Chennai,,General Network,Coimbatore_Chennai,Expressway,FTL Truck,549,0.53,Storm,0.43,6,0.28,900,Express,Afternoon,Friday,18.147,11.32,18.147,742.1,0,2024-09-13 15:00:00
SHP02344,Lucknow,Patna,Nagpur,General Network,Lucknow_Patna,Expressway,Carting Vehicle,1165,0.5,Cloudy,0.676,3,0.94,2000,Standard,Afternoon,Wednesday,27.808,24.986,27.808,687.4,0,2024-07-24 16:00:00
SHP02345,Delhi,Kochi,Kolkata,General Network,Delhi_Kochi,Rural,Carting Vehicle,482,0.33,Heavy Rain,0.562,5,0.91,4800,Standard,Morning Rush,Friday,35.09,20.391,35.09,1248.5,0,2024-01-19 09:00:00
SHP02346,Patna,Pune,,General Network,Patna_Pune,Mixed,Container,745,0.67,Cloudy,0.69,3,0.72,1100,Standard,Afternoon,Saturday,27.251,21.871,27.251,758.6,0,2024-07-13 17:00:00
SHP02347,Bhopal,Jaipur,,General Network,Bhopal_Jaipur,Highway,Container,1397,0.16,,0.424,5,,1200,Standard,Midday,Thursday,26.428,31.2,26.428,353.0,0,2024-10-10 10:00:00
SHP02348,Bangalore,Hyderabad,,General Network,Bangalore_Hyderabad,Expressway,Express Van,372,0.79,Rain,0.61,5,0.34,4200,Express,Evening Rush,Wednesday,8.582,6.695,8.582,310.6,0,2024-05-29 18:00:00
SHP02349,Hyderabad,Lucknow,,General Network,Hyderabad_Lucknow,Mixed,Carting Vehicle,1291,0.96,Cloudy,0.676,3,0.25,3800,Express,Night,Wednesday,52.605,39.897,52.605,1435.0,1,2024-04-24 22:00:00
SHP02350,Vadodara,Nagpur,Pune,General Network,Vadodara_Nagpur,Highway,Container,1835,0.23,Storm,0.306,5,0.42,750,Same-Day,Evening Rush,Sunday,61.63,24.0,61.63,2078.7,1,2024-05-26 19:00:00
SHP02351,Ahmedabad,Chennai,,General Network,Ahmedabad_Chennai,Expressway,FTL Truck,1265,0.49,Rain,0.622,5,0.82,2600,Same-Day,Afternoon,Wednesday,23.191,20.924,23.191,592.5,0,2024-04-24 15:00:00
SHP02352,Ahmedabad,Chennai,,General Network,Ahmedabad_Chennai,Highway,Mini Truck,1423,0.58,Heavy Rain,0.612,5,0.66,2600,Standard,Midday,Thursday,54.744,28.923,54.744,2098.8,0,2024-09-26 13:00:00
SHP02353,Jaipur,Chennai,,General Network,Jaipur_Chennai,Rural,Express Van,1072,0.54,Storm,0.672,1,0.87,2200,Same-Day,Evening Rush,Tuesday,56.393,24.0,56.393,2140.7,1,2024-05-07 19:00:00
SHP02354,Chandigarh,Delhi,Mumbai,General Network,Chandigarh_Delhi,Highway,Container,1072,0.79,Storm,0.602,2,0.32,1000,Economy,Morning Rush,Wednesday,64.263,23.429,64.263,2909.9,0,2024-06-12 07:00:00
SHP02355,Kochi,Pune,Indore,General Network,Kochi_Pune,Expressway,FTL Truck,2452,0.57,Clear,0.622,4,0.7,800,Standard,Afternoon,Monday,38.932,34.639,38.932,787.3,0,2024-12-02 17:00:00
SHP02356,Chandigarh,Vadodara,Bhopal,General Network,Chandigarh_Vadodara,City Road,Container,1743,0.34,Fog,0.516,3,0.78,1000,Standard,Midday,Wednesday,113.434,72.0,113.434,3290.7,1,2024-11-06 11:00:00
SHP02357,Chennai,Bangalore,Jaipur,Southern Corridor,Chennai_Bangalore,Mixed,FTL Truck,1652,0.83,Rain,0.81,5,,3500,Same-Day,Morning Rush,Sunday,57.741,24.0,57.741,1812.5,1,2024-09-29 07:00:00
SHP02358,Bangalore,Hyderabad,Vizag,General Network,Bangalore_Hyderabad,City Road,Mini Truck,2359,0.94,Storm,0.752,1,0.47,4200,Standard,Midday,Sunday,289.475,72.0,289.475,12875.2,1,2024-02-11 11:00:00
SHP02359,Chandigarh,Hyderabad,,General Network,Chandigarh_Hyderabad,Rural,Container,611,0.87,Clear,0.902,3,0.95,1000,Express,Midday,Wednesday,27.173,22.134,27.173,672.0,0,2024-05-22 11:00:00
SHP02360,Chandigarh,Pune,Coimbatore,General Network,Chandigarh_Pune,City Road,Mini Truck,822,0.31,Cloudy,0.422,2,0.59,1000,Same-Day,Afternoon,Thursday,32.251,24.0,32.251,369.3,1,2024-11-07 14:00:00
SHP02361,Vadodara,Ahmedabad,,General Network,Vadodara_Ahmedabad,Expressway,Express Van,1266,0.68,Rain,0.632,4,0.56,750,Standard,Midday,Monday,26.562,16.608,26.562,898.4,0,2024-06-17 13:00:00
SHP02362,Mumbai,Vadodara,,General Network,Mumbai_Vadodara,Rural,Mini Truck,1021,0.65,Rain,0.778,4,0.97,5000,Economy,Afternoon,Friday,61.626,35.727,61.626,2185.0,0,2024-08-23 17:00:00
SHP02363,Ahmedabad,Vizag,Delhi,General Network,Ahmedabad_Vizag,Highway,Carting Vehicle,510,0.62,Heavy Rain,0.48,2,0.27,2600,Standard,Afternoon,Saturday,24.005,12.478,24.005,930.3,0,2024-08-31 16:00:00
SHP02364,Kolkata,Lucknow,,General Network,Kolkata_Lucknow,Expressway,Container,514,0.85,Fog,0.85,5,0.85,3200,Same-Day,Midday,Friday,16.28,9.779,16.28,594.9,0,2024-04-26 11:00:00
SHP02365,Vizag,Chandigarh,,General Network,Vizag_Chandigarh,City Road,Mini Truck,2456,0.15,Fog,0.414,6,0.81,850,Same-Day,Evening Rush,Saturday,114.261,24.0,114.261,2177.6,1,2024-06-29 20:00:00
SHP02366,Pune,Coimbatore,,General Network,Pune_Coimbatore,Mixed,Carting Vehicle,2359,0.95,Cloudy,0.686,6,0.29,2800,Standard,Midday,Tuesday,103.486,71.212,103.486,3063.8,1,2024-11-12 12:00:00
SHP02367,Nagpur,Chennai,,General Network,Nagpur_Chennai,Mixed,Mini Truck,2345,0.86,Cloudy,0.692,5,0.44,1600,Standard,Evening Rush,Thursday,83.195,60.006,83.195,2386.1,1,2024-11-28 20:00:00
SHP02368,Ahmedabad,Kochi,,General Network,Ahmedabad_Kochi,Highway,Carting Vehicle,1196,0.5,Clear,0.596,4,0.74,2600,Express,Evening Rush,Tuesday,27.62,28.166,27.62,461.2,0,2024-01-16 20:00:00
SHP02369,Mumbai,Delhi,,Western Corridor,Mumbai_Delhi,Rural,Express Van,933,0.69,Cloudy,0.658,1,0.61,5000,Same-Day,Midday,Monday,27.149,24.0,27.149,547.2,1,2024-04-01 13:00:00
SHP02370,Surat,Delhi,,General Network,Surat_Delhi,City Road,Mini Truck,780,0.53,Storm,0.71,6,0.98,1800,Same-Day,Afternoon,Monday,69.53,24.0,69.53,2686.1,1,2024-02-05 17:00:00
SHP02371,Lucknow,Chennai,,General Network,Lucknow_Chennai,Rural,FTL Truck,1815,0.5,Cloudy,0.384,3,,2000,Express,Morning Rush,Friday,58.024,48.0,58.024,1061.5,1,2024-02-16 09:00:00
SHP02372,Bangalore,Patna,,General Network,Bangalore_Patna,Highway,Express Van,2100,0.77,Clear,0.55,1,0.22,4200,Same-Day,Midday,Tuesday,31.87,24.0,31.87,542.6,1,2024-01-30 13:00:00
SHP02373,Vadodara,Bangalore,Coimbatore,General Network,Vadodara_Bangalore,Expressway,Mini Truck,1782,0.62,Clear,0.66,0,0.72,750,Express,Night,Monday,29.927,29.242,29.927,545.1,0,2024-07-08 22:00:00
SHP02374,Hyderabad,Chennai,,Deccan-Southern Corridor,Hyderabad_Chennai,Expressway,Mini Truck,1882,0.98,Cloudy,0.764,2,0.44,3800,Same-Day,Morning Rush,Thursday,37.269,24.0,37.269,915.4,1,2024-06-13 07:00:00
SHP02375,Surat,Hyderabad,,General Network,Surat_Hyderabad,Mixed,Express Van,1925,0.74,Storm,0.596,6,0.38,1800,Standard,Afternoon,Thursday,100.642,40.894,100.642,4364.6,1,2024-01-18 17:00:00
SHP02376,Vadodara,Mumbai,,General Network,Vadodara_Mumbai,City Road,FTL Truck,1811,0.93,Rain,0.81,4,0.63,750,Same-Day,Afternoon,Wednesday,109.312,24.0,109.312,3454.2,1,2024-05-22 16:00:00
SHP02377,Patna,Kochi,,General Network,Patna_Kochi,Highway,Express Van,1149,0.36,Storm,0.356,2,0.35,1100,Economy,Afternoon,Thursday,41.657,20.921,41.657,1750.0,0,2024-12-19 16:00:00
SHP02378,Jaipur,Mumbai,Surat,General Network,Jaipur_Mumbai,Mixed,FTL Truck,1412,,Cloudy,0.744,6,0.72,2200,Standard,Morning Rush,Saturday,44.542,31.735,44.542,1260.5,0,2024-01-13 08:00:00
SHP02379,Bangalore,Surat,Nagpur,General Network,Bangalore_Surat,Highway,Mini Truck,1140,0.67,Rain,0.49,0,0.22,4200,Standard,Afternoon,Sunday,34.206,21.779,34.206,1102.3,0,2024-01-21 15:00:00
SHP02380,Bhopal,Jaipur,,General Network,Bhopal_Jaipur,Rural,Mini Truck,2301,0.58,Rain,0.496,5,0.37,1200,Economy,Midday,Wednesday,132.263,74.935,132.263,4526.9,1,2024-10-09 10:00:00
SHP02381,Indore,Patna,Nagpur,General Network,Indore_Patna,City Road,Mini Truck,271,0.15,Rain,0.478,4,0.97,1400,Economy,Evening Rush,Saturday,18.135,12.867,18.135,571.9,0,2024-02-24 18:00:00
SHP02382,Delhi,Kochi,Patna,General Network,Delhi_Kochi,Highway,Container,196,0.12,Rain,0.228,2,0.39,4800,Same-Day,Afternoon,Wednesday,5.427,5.03,5.427,152.7,0,2024-09-11 14:00:00
SHP02383,Jaipur,Coimbatore,Bhopal,General Network,Jaipur_Coimbatore,Expressway,Carting Vehicle,257,0.84,Storm,0.852,0,0.87,2200,Economy,Midday,Tuesday,15.437,7.297,15.437,709.8,0,2024-01-30 11:00:00
SHP02384,Chennai,Patna,Bangalore,General Network,Chennai_Patna,Mixed,Express Van,2186,0.44,Rain,0.48,2,0.54,3500,Same-Day,Midday,Tuesday,52.677,24.0,52.677,1259.8,1,2024-02-13 13:00:00
SHP02385,Bangalore,Jaipur,,General Network,Bangalore_Jaipur,Expressway,Express Van,2137,0.95,Storm,0.87,2,0.75,4200,Express,Morning Rush,Monday,70.624,27.727,70.624,3063.8,1,2024-10-21 08:00:00
SHP02386,Jaipur,Surat,,General Network,Jaipur_Surat,Mixed,FTL Truck,1675,0.9,Fog,0.804,2,0.66,2200,Same-Day,Midday,Friday,62.797,24.0,62.797,2092.8,1,2024-07-26 13:00:00
SHP02387,Kochi,Hyderabad,,General Network,Kochi_Hyderabad,Rural,Container,1109,0.12,Fog,0.46,6,0.97,800,Economy,Evening Rush,Saturday,56.511,39.71,56.511,1651.1,0,2024-10-19 21:00:00
SHP02388,Patna,Vizag,Bhopal,General Network,Patna_Vizag,Highway,Express Van,522,0.87,Rain,0.714,4,0.48,1100,Express,Evening Rush,Saturday,13.89,11.763,13.89,493.0,0,2024-10-19 20:00:00
SHP02389,Patna,Bhopal,,General Network,Patna_Bhopal,Expressway,FTL Truck,880,0.72,Storm,0.54,0,0.27,1100,Economy,Morning Rush,Wednesday,36.609,15.637,36.609,1640.7,0,2024-04-17 09:00:00
SHP02390,Kochi,Chandigarh,,General Network,Kochi_Chandigarh,Highway,Mini Truck,559,0.78,Fog,0.692,4,0.56,800,Same-Day,Evening Rush,Thursday,18.664,12.837,18.664,654.0,0,2024-04-18 19:00:00
SHP02391,Lucknow,Jaipur,Nagpur,General Network,Lucknow_Jaipur,Expressway,FTL Truck,2000,0.34,Heavy Rain,0.396,3,0.48,2000,Economy,Afternoon,Sunday,55.178,28.711,55.178,2047.5,0,2024-07-07 15:00:00
SHP02392,Delhi,Kochi,Nagpur,General Network,Delhi_Kochi,Rural,Carting Vehicle,2105,0.43,Heavy Rain,0.654,1,0.99,4800,Same-Day,Afternoon,Friday,129.481,24.0,129.481,4026.6,1,2024-05-17 17:00:00
SHP02393,Chandigarh,Indore,,General Network,Chandigarh_Indore,Expressway,Express Van,1448,0.72,Cloudy,0.824,0,0.98,1000,Express,Evening Rush,Saturday,23.008,20.974,23.008,585.3,0,2024-03-23 21:00:00
SHP02394,Chandigarh,Hyderabad,,General Network,Chandigarh_Hyderabad,Mixed,Mini Truck,2389,0.45,Storm,0.454,4,0.46,1000,Express,Midday,Sunday,123.056,48.0,123.056,4728.9,1,2024-05-19 11:00:00
SHP02395,Bhopal,Indore,Nagpur,General Network,Bhopal_Indore,Highway,Mini Truck,876,0.83,Cloudy,0.75,6,0.63,1200,Economy,Afternoon,Sunday,27.775,20.435,27.775,936.5,0,2024-11-03 15:00:00
SHP02396,Delhi,Bangalore,,General Network,Delhi_Bangalore,Expressway,FTL Truck,2025,0.49,Fog,0.446,3,0.38,4800,Economy,Morning Rush,Monday,51.158,29.135,51.158,1790.5,0,2024-05-27 08:00:00
SHP02397,Indore,Pune,,General Network,Indore_Pune,Expressway,FTL Truck,812,0.87,Fog,0.822,6,0.75,1400,Same-Day,Evening Rush,Saturday,21.742,13.506,21.742,791.7,0,2024-11-09 21:00:00
SHP02398,Chandigarh,Vizag,Coimbatore,General Network,Chandigarh_Vizag,City Road,Mini Truck,898,0.7,Cloudy,0.508,0,0.22,1000,Standard,Morning Rush,Wednesday,49.433,41.36,49.433,1255.5,0,2024-10-23 06:00:00
SHP02399,Lucknow,Ahmedabad,,General Network,Lucknow_Ahmedabad,City Road,Express Van,473,0.66,Heavy Rain,0.508,0,0.28,2000,Express,Midday,Saturday,30.4,16.749,30.4,1118.9,0,2024-12-21 11:00:00
SHP02400,Lucknow,Patna,Bangalore,General Network,Lucknow_Patna,Rural,FTL Truck,2010,0.99,Clear,0.846,4,0.63,2000,Express,Afternoon,Tuesday,75.78,48.0,75.78,1866.8,1,2024-10-29 17:00:00
SHP02401,Hyderabad,Mumbai,,General Network,Hyderabad_Mumbai,City Road,Express Van,1889,0.64,Cloudy,0.588,3,0.51,3800,Standard,Midday,Wednesday,79.486,62.767,79.486,1953.2,1,2024-12-11 12:00:00
SHP02402,Nagpur,Lucknow,,General Network,Nagpur_Lucknow,City Road,Mini Truck,1375,0.32,Fog,0.504,1,0.78,1600,Same-Day,Morning Rush,Saturday,71.184,24.0,71.184,1652.0,1,2024-05-04 06:00:00
SHP02403,Kolkata,Chandigarh,Surat,General Network,Kolkata_Chandigarh,Expressway,Mini Truck,750,0.62,Cloudy,0.712,3,0.85,3200,Standard,Midday,Wednesday,16.112,14.178,16.112,440.4,0,2024-11-06 10:00:00
SHP02404,Coimbatore,Ahmedabad,,General Network,Coimbatore_Ahmedabad,Expressway,Container,1097,0.75,Cloudy,0.774,3,0.81,900,Economy,Morning Rush,Thursday,29.143,21.989,29.143,933.5,0,2024-10-31 08:00:00
SHP02405,Coimbatore,Bhopal,Lucknow,General Network,Coimbatore_Bhopal,Expressway,Mini Truck,424,0.33,Cloudy,0.53,3,0.83,900,Economy,Evening Rush,Friday,9.205,8.108,9.205,254.8,0,2024-07-12 18:00:00
SHP02406,Chennai,Nagpur,Lucknow,General Network,Chennai_Nagpur,Expressway,Container,1164,0.15,Cloudy,0.174,0,0.21,3500,Standard,Morning Rush,Thursday,17.298,22.962,17.298,173.0,0,2024-10-17 08:00:00
SHP02407,Ahmedabad,Jaipur,,General Network,Ahmedabad_Jaipur,Expressway,Mini Truck,1311,0.43,Clear,0.506,0,0.62,2600,Express,Morning Rush,Wednesday,19.715,21.771,19.715,262.9,0,2024-04-17 08:00:00
SHP02408,Mumbai,Hyderabad,Jaipur,General Network,Mumbai_Hyderabad,Rural,Express Van,1006,0.46,Fog,0.624,0,0.87,5000,Same-Day,Evening Rush,Saturday,34.493,24.0,34.493,903.2,1,2024-02-03 20:00:00
SHP02409,Bangalore,Chandigarh,Surat,General Network,Bangalore_Chandigarh,Rural,Mini Truck,1916,1.0,Heavy Rain,0.684,0,0.21,4200,Standard,Morning Rush,Monday,152.983,65.137,152.983,6340.4,1,2024-02-12 06:00:00
SHP02410,Kochi,Kolkata,Patna,General Network,Kochi_Kolkata,Expressway,Container,748,0.65,Cloudy,0.522,6,0.33,800,Standard,Evening Rush,Wednesday,16.571,13.351,16.571,438.5,0,2024-09-25 18:00:00
SHP02411,Indore,Delhi,,General Network,Indore_Delhi,City Road,FTL Truck,2304,0.98,Storm,0.756,2,0.42,1400,Same-Day,Morning Rush,Tuesday,221.557,24.0,221.557,9343.7,1,2024-01-16 07:00:00
SHP02412,Surat,Delhi,,General Network,Surat_Delhi,Highway,FTL Truck,1747,0.74,Rain,0.708,2,0.66,1800,Express,Afternoon,Sunday,46.389,31.014,46.389,1473.1,0,2024-04-07 14:00:00
SHP02413,Chandigarh,Coimbatore,,General Network,Chandigarh_Coimbatore,Mixed,FTL Truck,1465,0.86,Heavy Rain,0.68,4,0.41,1000,Economy,Afternoon,Wednesday,84.708,33.46,84.708,3617.5,0,2024-07-24 14:00:00
SHP02414,Indore,Vadodara,Kochi,General Network,Indore_Vadodara,Rural,FTL Truck,1142,,Storm,0.804,2,0.81,1400,Economy,Morning Rush,Sunday,103.94,37.1,103.94,4713.8,0,2024-02-25 09:00:00
SHP02415,Chennai,Bhopal,Surat,General Network,Chennai_Bhopal,Highway,FTL Truck,1454,0.61,Rain,0.662,6,0.74,3500,Standard,Morning Rush,Saturday,41.27,26.821,41.27,1385.7,0,2024-06-15 07:00:00
SHP02416,Bangalore,Surat,,General Network,Bangalore_Surat,Rural,Container,1767,0.98,Storm,0.752,1,0.41,4200,Express,Afternoon,Tuesday,167.762,48.0,167.762,7293.9,1,2024-12-24 17:00:00
SHP02417,Bangalore,Nagpur,,General Network,Bangalore_Nagpur,Highway,Container,1794,0.69,Cloudy,0.806,1,0.98,4200,Economy,Evening Rush,Friday,51.904,35.869,51.904,1531.3,0,2024-02-02 19:00:00
SHP02418,Coimbatore,Chennai,Vizag,General Network,Coimbatore_Chennai,Rural,Mini Truck,1878,0.98,Cloudy,0.88,0,0.73,900,Standard,Evening Rush,Monday,91.749,64.888,91.749,2722.7,1,2024-04-22 19:00:00
SHP02419,Hyderabad,Jaipur,Coimbatore,General Network,Hyderabad_Jaipur,Mixed,Mini Truck,1377,0.47,Storm,0.394,0,0.28,3800,Economy,Morning Rush,Friday,86.797,37.336,86.797,3677.8,0,2024-08-09 06:00:00
SHP02420,Nagpur,Chennai,,General Network,Nagpur_Chennai,Mixed,Mini Truck,2174,0.92,Clear,0.808,1,0.64,1600,Standard,Evening Rush,Saturday,70.976,55.084,70.976,1843.0,0,2024-09-28 19:00:00
SHP02421,Chandigarh,Delhi,Pune,General Network,Chandigarh_Delhi,Expressway,Carting Vehicle,839,0.72,Heavy Rain,0.704,1,0.68,1000,Economy,Midday,Thursday,38.537,16.351,38.537,1605.7,0,2024-11-21 10:00:00
SHP02422,Patna,Kolkata,Delhi,Eastern Corridor,Patna_Kolkata,Rural,Container,1996,0.3,Fog,0.396,6,0.54,1100,Economy,Morning Rush,Tuesday,111.445,70.933,111.445,3555.7,0,2024-10-22 09:00:00
SHP02423,Nagpur,Vadodara,,General Network,Nagpur_Vadodara,Mixed,Mini Truck,2298,0.67,Rain,0.73,4,0.82,1600,Same-Day,Morning Rush,Thursday,79.216,24.0,79.216,2199.6,1,2024-03-07 07:00:00
SHP02424,Bhopal,Chennai,,General Network,Bhopal_Chennai,Highway,Carting Vehicle,391,0.42,Fog,0.596,0,0.86,1200,Standard,Evening Rush,Saturday,13.363,9.661,13.363,410.8,0,2024-11-30 18:00:00
SHP02425,Patna,Delhi,,General Network,Patna_Delhi,City Road,Container,1389,0.42,Rain,0.616,0,0.91,1100,Same-Day,Evening Rush,Sunday,75.508,24.0,75.508,1729.1,1,2024-10-20 18:00:00
SHP02426,Nagpur,Kochi,,General Network,Nagpur_Kochi,Expressway,Mini Truck,1568,0.87,Storm,0.618,6,0.24,1600,Express,Morning Rush,Thursday,65.808,26.794,65.808,2848.1,1,2024-03-14 07:00:00
SHP02427,Kolkata,Nagpur,,General Network,Kolkata_Nagpur,Rural,Container,1179,0.99,Rain,0.966,3,0.93,3200,Standard,Evening Rush,Thursday,79.971,44.36,79.971,2948.8,1,2024-11-28 21:00:00
SHP02428,Vizag,Pune,,General Network,Vizag_Pune,Rural,FTL Truck,2309,0.68,,0.628,2,0.55,850,Standard,Midday,Friday,80.523,71.575,80.523,1752.7,1,2024-05-03 13:00:00
SHP02429,Mumbai,Lucknow,,General Network,Mumbai_Lucknow,Expressway,Express Van,2303,0.85,Clear,0.818,0,0.77,5000,Express,Midday,Sunday,33.616,29.508,33.616,752.1,0,2024-12-15 13:00:00
SHP02430,Vadodara,Mumbai,,General Network,Vadodara_Mumbai,Rural,Container,2366,0.98,Rain,0.872,2,0.71,750,Economy,Night,Sunday,174.156,81.919,174.156,6738.0,1,2024-12-01 22:00:00
SHP02431,Kolkata,Chandigarh,Vizag,General Network,Kolkata_Chandigarh,Expressway,FTL Truck,295,1.0,Rain,0.68,6,0.2,3200,Same-Day,Evening Rush,Sunday,9.889,7.53,9.889,407.0,0,2024-06-16 21:00:00
SHP02432,Pune,Kochi,Mumbai,General Network,Pune_Kochi,Mixed,Carting Vehicle,2181,0.54,Clear,0.412,1,0.22,2800,Same-Day,Afternoon,Tuesday,59.536,24.0,59.536,664.2,1,2024-06-25 16:00:00
SHP02433,Nagpur,Hyderabad,Bhopal,General Network,Nagpur_Hyderabad,Mixed,Express Van,873,0.86,Rain,0.884,0,0.92,1600,Standard,Afternoon,Tuesday,31.06,19.488,31.06,1104.5,0,2024-12-10 17:00:00
SHP02434,Chennai,Ahmedabad,Delhi,General Network,Chennai_Ahmedabad,Mixed,Container,1554,0.67,Storm,0.51,0,0.27,3500,Standard,Evening Rush,Tuesday,103.304,40.7,103.304,4370.0,1,2024-01-02 21:00:00
SHP02435,Jaipur,Indore,,General Network,Jaipur_Indore,Highway,Container,740,0.64,Rain,0.732,1,0.87,2200,Economy,Afternoon,Friday,27.164,17.434,27.164,976.9,0,2024-10-25 14:00:00
SHP02436,Coimbatore,Patna,,General Network,Coimbatore_Patna,Mixed,Container,952,0.94,Cloudy,0.86,1,0.74,900,Standard,Evening Rush,Thursday,36.995,26.735,36.995,1099.7,0,2024-04-11 19:00:00
SHP02437,Patna,Bangalore,,General Network,Patna_Bangalore,City Road,Carting Vehicle,442,0.53,Rain,0.594,2,0.69,1100,Standard,Afternoon,Thursday,35.222,26.464,35.222,1103.0,0,2024-07-18 15:00:00
SHP02438,Bhopal,Lucknow,Vadodara,General Network,Bhopal_Lucknow,City Road,Carting Vehicle,1408,0.18,Heavy Rain,0.284,5,0.44,1200,Same-Day,Morning Rush,Wednesday,96.332,24.0,96.332,2561.6,1,2024-10-09 09:00:00
SHP02439,Kochi,Surat,Mumbai,General Network,Kochi_Surat,Highway,Carting Vehicle,2295,0.81,Rain,0.862,0,,800,Economy,Morning Rush,Tuesday,100.23,51.684,100.23,3718.8,0,2024-12-10 07:00:00
SHP02440,Jaipur,Hyderabad,,General Network,Jaipur_Hyderabad,City Road,Container,2438,0.57,Cloudy,0.666,0,0.81,2200,Express,Midday,Tuesday,120.909,48.0,120.909,2337.6,1,2024-12-03 10:00:00
SHP02441,Jaipur,Mumbai,,General Network,Jaipur_Mumbai,Highway,Container,2208,0.93,Rain,0.934,3,0.94,2200,Express,Afternoon,Sunday,75.02,46.165,75.02,2553.0,1,2024-08-25 16:00:00
SHP02442,Coimbatore,Bhopal,Delhi,General Network,Coimbatore_Bhopal,Expressway,Container,905,0.13,Cloudy,0.222,3,0.36,900,Economy,Midday,Saturday,16.032,17.673,16.032,289.5,0,2024-03-16 12:00:00
SHP02443,Kochi,Patna,,General Network,Kochi_Patna,Highway,Express Van,2014,0.52,Clear,0.408,5,0.24,800,Express,Evening Rush,Wednesday,29.841,31.712,29.841,477.0,0,2024-12-04 19:00:00
SHP02444,Indore,Chandigarh,,General Network,Indore_Chandigarh,Mixed,Container,2346,0.68,Storm,0.508,3,0.25,1400,Express,Night,Tuesday,144.915,48.0,144.915,5934.9,1,2024-07-23 22:00:00
SHP02445,Coimbatore,Bangalore,Surat,General Network,Coimbatore_Bangalore,City Road,Express Van,2326,0.75,Heavy Rain,0.582,1,0.33,900,Standard,Midday,Sunday,167.449,72.0,167.449,6579.6,1,2024-08-18 10:00:00
SHP02446,Chennai,Chandigarh,Kochi,General Network,Chennai_Chandigarh,Mixed,Carting Vehicle,964,0.21,Heavy Rain,0.386,4,0.65,3500,Standard,Afternoon,Wednesday,46.891,31.033,46.891,1528.1,0,2024-06-26 14:00:00
SHP02447,Patna,Kochi,Vizag,General Network,Patna_Kochi,Mixed,Container,1417,0.32,Clear,0.352,6,0.4,1100,Same-Day,Morning Rush,Wednesday,32.386,24.0,32.386,276.1,1,2024-04-03 09:00:00
SHP02448,Mumbai,Patna,,General Network,Mumbai_Patna,Expressway,Express Van,2477,0.15,Storm,0.466,4,0.94,5000,Economy,Evening Rush,Saturday,64.673,33.036,64.673,2520.0,0,2024-09-28 21:00:00
SHP02449,Mumbai,Ahmedabad,,Gujarat-Maharashtra Corridor,Mumbai_Ahmedabad,Expressway,Express Van,525,0.74,Fog,0.792,3,0.87,5000,Express,Afternoon,Sunday,12.385,8.396,12.385,454.8,0,2024-02-11 16:00:00
SHP02450,Surat,Coimbatore,Hyderabad,General Network,Surat_Coimbatore,Mixed,Carting Vehicle,416,0.67,Storm,0.622,5,0.55,1800,Standard,Afternoon,Sunday,34.22,13.496,34.22,1498.5,0,2024-09-01 16:00:00
SHP02451,Jaipur,Coimbatore,Kochi,General Network,Jaipur_Coimbatore,Mixed,Express Van,2320,0.32,Fog,0.54,3,0.87,2200,Same-Day,Evening Rush,Sunday,56.334,24.0,56.334,1362.6,1,2024-07-28 19:00:00
SHP02452,Lucknow,Mumbai,,General Network,Lucknow_Mumbai,Expressway,Mini Truck,1468,,Fog,0.282,0,0.21,2000,Same-Day,Evening Rush,Thursday,27.966,24.0,27.966,647.8,1,2024-02-29 21:00:00
SHP02453,Surat,Patna,,General Network,Surat_Patna,Rural,Express Van,709,0.91,Storm,0.838,2,0.73,1800,Express,Morning Rush,Wednesday,49.306,19.525,49.306,2136.4,1,2024-11-06 07:00:00
SHP02454,Kolkata,Hyderabad,,General Network,Kolkata_Hyderabad,Expressway,FTL Truck,1150,0.49,Heavy Rain,0.382,2,0.22,3200,Same-Day,Evening Rush,Monday,26.571,19.606,26.571,868.0,1,2024-04-29 19:00:00
SHP02455,Coimbatore,Pune,,General Network,Coimbatore_Pune,City Road,Carting Vehicle,2253,0.85,Fog,0.802,4,0.73,900,Express,Midday,Saturday,200.808,48.0,200.808,6898.8,1,2024-08-03 11:00:00
SHP02456,Bhopal,Bangalore,,General Network,Bhopal_Bangalore,Highway,Mini Truck,327,0.44,Cloudy,0.428,4,0.41,1200,Same-Day,Afternoon,Saturday,7.711,9.511,7.711,190.2,0,2024-02-10 15:00:00
SHP02457,Kochi,Kolkata,,General Network,Kochi_Kolkata,Expressway,Carting Vehicle,211,0.66,Cloudy,0.476,3,0.2,800,Economy,Morning Rush,Thursday,6.425,8.271,6.425,207.8,0,2024-11-21 07:00:00
SHP02458,Bhopal,Bangalore,Surat,General Network,Bhopal_Bangalore,Rural,Container,542,0.92,Fog,0.66,0,0.27,1200,Standard,Afternoon,Friday,37.52,21.792,37.52,1401.0,0,2024-06-14 15:00:00
SHP02459,Ahmedabad,Delhi,,General Network,Ahmedabad_Delhi,Highway,Container,2109,0.88,Clear,0.88,1,0.88,2600,Economy,Midday,Monday,60.972,44.964,60.972,1797.4,0,2024-06-10 11:00:00
SHP02460,Hyderabad,Nagpur,Coimbatore,General Network,Hyderabad_Nagpur,Mixed,Carting Vehicle,732,0.15,Fog,0.418,1,0.82,3800,Economy,Morning Rush,Tuesday,32.13,25.431,32.13,951.8,0,2024-07-23 09:00:00
SHP02461,Delhi,Kochi,,General Network,Delhi_Kochi,Expressway,Mini Truck,123,0.18,Clear,0.404,2,0.74,4800,Standard,Evening Rush,Thursday,2.764,3.461,2.764,79.5,0,2024-08-22 19:00:00
SHP02462,Jaipur,Ahmedabad,Chandigarh,General Network,Jaipur_Ahmedabad,Rural,Mini Truck,1541,0.4,Fog,0.612,5,0.93,2200,Same-Day,Afternoon,Sunday,67.712,24.0,67.712,1779.7,1,2024-09-08 14:00:00
SHP02463,Mumbai,Pune,Chennai,Mumbai-Pune Expressway,Mumbai_Pune,Mixed,Carting Vehicle,2312,0.75,Rain,0.846,4,0.99,5000,Same-Day,Morning Rush,Friday,100.407,24.0,100.407,2941.8,1,2024-04-05 07:00:00
SHP02464,Nagpur,Surat,,General Network,Nagpur_Surat,City Road,Carting Vehicle,1215,0.14,Fog,0.44,3,0.89,1600,Express,Evening Rush,Saturday,72.473,48.0,72.473,1571.2,1,2024-03-09 21:00:00
SHP02465,Jaipur,Surat,Vizag,General Network,Jaipur_Surat,Rural,Carting Vehicle,1983,,Cloudy,0.558,5,0.45,2200,Express,Morning Rush,Saturday,91.279,48.0,91.279,1951.4,1,2024-12-28 07:00:00
SHP02466,Patna,Hyderabad,,General Network,Patna_Hyderabad,Rural,Express Van,2181,0.92,Storm,0.784,6,0.58,1100,Economy,Evening Rush,Saturday,183.13,58.04,183.13,8459.1,1,2024-01-06 19:00:00
SHP02467,Bangalore,Mumbai,,Western-Southern Corridor,Bangalore_Mumbai,Highway,Container,2170,0.36,,0.612,4,0.99,4200,Economy,Midday,Saturday,71.118,42.97,71.118,2352.4,0,2024-09-14 10:00:00
SHP02468,Coimbatore,Nagpur,Indore,General Network,Coimbatore_Nagpur,Mixed,Carting Vehicle,1505,0.36,Heavy Rain,0.484,0,0.67,900,Standard,Afternoon,Friday,78.417,44.832,78.417,2698.3,1,2024-09-27 14:00:00
SHP02469,Indore,Nagpur,,General Network,Indore_Nagpur,Highway,Carting Vehicle,337,,Storm,0.592,2,0.94,1400,Express,Afternoon,Thursday,16.994,9.167,16.994,682.6,0,2024-05-02 16:00:00
SHP02470,Lucknow,Ahmedabad,Hyderabad,General Network,Lucknow_Ahmedabad,Rural,Express Van,594,0.66,Heavy Rain,0.712,1,0.79,2000,Same-Day,Midday,Tuesday,27.718,16.325,27.718,974.4,1,2024-02-06 11:00:00
SHP02471,Chennai,Vizag,Indore,General Network,Chennai_Vizag,Highway,Express Van,2483,0.79,Rain,0.866,4,0.98,3500,Same-Day,Evening Rush,Monday,54.915,24.0,54.915,1675.6,1,2024-01-15 20:00:00
SHP02472,Mumbai,Bhopal,Vizag,General Network,Mumbai_Bhopal,City Road,Carting Vehicle,916,0.5,Heavy Rain,0.436,2,0.34,5000,Express,Night,Tuesday,81.977,46.377,81.977,2824.9,1,2024-09-10 22:00:00
SHP02473,Delhi,Coimbatore,,General Network,Delhi_Coimbatore,Mixed,Mini Truck,1436,0.64,Fog,0.628,3,0.61,4800,Express,Evening Rush,Tuesday,57.116,38.914,57.116,1831.4,1,2024-04-09 18:00:00
SHP02474,Chennai,Vizag,,General Network,Chennai_Vizag,Rural,Express Van,2327,0.2,Rain,0.416,4,0.74,3500,Same-Day,Midday,Friday,64.809,24.0,64.809,1190.6,1,2024-10-18 10:00:00
SHP02475,Indore,Hyderabad,Nagpur,General Network,Indore_Hyderabad,Mixed,Mini Truck,2464,0.82,Clear,0.684,2,0.48,1400,Standard,Morning Rush,Monday,76.239,63.643,76.239,1836.6,1,2024-09-09 09:00:00
SHP02476,Ahmedabad,Pune,,General Network,Ahmedabad_Pune,City Road,Container,972,0.95,Clear,0.722,6,0.38,2600,Economy,Evening Rush,Friday,67.568,45.006,67.568,2093.8,0,2024-02-02 19:00:00
SHP02477,Patna,Indore,Mumbai,General Network,Patna_Indore,Rural,Carting Vehicle,267,0.2,Storm,0.208,0,0.22,1100,Standard,Evening Rush,Tuesday,20.124,12.712,20.124,732.8,0,2024-09-24 20:00:00
SHP02478,Nagpur,Chennai,,General Network,Nagpur_Chennai,City Road,Container,1819,0.91,Rain,0.642,5,0.24,1600,Express,Evening Rush,Saturday,137.075,48.0,137.075,4555.9,1,2024-04-20 21:00:00
SHP02479,Indore,Pune,Bangalore,General Network,Indore_Pune,City Road,Container,2137,0.92,Storm,0.852,5,0.75,1400,Economy,Evening Rush,Thursday,310.274,98.025,310.274,14306.5,1,2024-12-12 21:00:00
SHP02480,Bangalore,Indore,Lucknow,General Network,Bangalore_Indore,City Road,Carting Vehicle,215,0.59,Storm,0.478,5,0.31,4200,Same-Day,Afternoon,Friday,24.189,14.579,24.189,959.9,1,2024-06-07 15:00:00
SHP02481,Chennai,Vadodara,,General Network,Chennai_Vadodara,Mixed,Express Van,1665,0.97,Heavy Rain,0.846,6,0.66,3500,Same-Day,Evening Rush,Wednesday,68.648,24.0,68.648,2671.1,1,2024-03-13 21:00:00
SHP02482,Bangalore,Indore,,General Network,Bangalore_Indore,Expressway,Container,1399,0.4,Cloudy,0.528,0,0.72,4200,Economy,Morning Rush,Friday,28.636,23.877,28.636,678.7,0,2024-03-01 06:00:00
SHP02483,Bangalore,Kochi,,General Network,Bangalore_Kochi,Expressway,FTL Truck,1240,0.53,Heavy Rain,0.582,2,0.66,4200,Express,Evening Rush,Friday,32.658,19.578,32.658,1176.3,0,2024-08-23 18:00:00
SHP02484,Bangalore,Nagpur,,General Network,Bangalore_Nagpur,Highway,Carting Vehicle,95,0.34,Storm,0.284,0,0.2,4200,Same-Day,Afternoon,Saturday,4.084,4.873,4.084,150.0,0,2024-12-21 15:00:00
SHP02485,Bhopal,Indore,Lucknow,General Network,Bhopal_Indore,Rural,Carting Vehicle,2063,0.75,Storm,0.718,3,0.67,1200,Economy,Midday,Monday,242.396,82.921,242.396,10876.2,1,2024-03-18 13:00:00
SHP02486,Bhopal,Kolkata,Surat,General Network,Bhopal_Kolkata,Highway,FTL Truck,1637,0.88,Rain,0.876,6,0.87,1200,Economy,Afternoon,Sunday,57.44,29.453,57.44,2218.6,0,2024-01-07 16:00:00
SHP02487,Kolkata,Kochi,Delhi,General Network,Kolkata_Kochi,Mixed,Container,727,0.16,Clear,0.46,3,0.91,3200,Economy,Evening Rush,Monday,20.192,20.938,20.192,356.2,0,2024-01-29 21:00:00
SHP02488,Bhopal,Indore,,General Network,Bhopal_Indore,Highway,Carting Vehicle,1474,0.49,Heavy Rain,0.654,0,0.9,1200,Standard,Evening Rush,Sunday,61.835,34.777,61.835,2236.1,0,2024-10-20 21:00:00
SHP02489,Bhopal,Pune,Kochi,General Network,Bhopal_Pune,Highway,Mini Truck,1669,0.5,Fog,0.56,4,0.65,1200,Same-Day,Night,Tuesday,43.238,24.0,43.238,1203.5,1,2024-11-05 22:00:00
SHP02490,Chandigarh,Kochi,,General Network,Chandigarh_Kochi,Mixed,Mini Truck,723,0.86,Rain,0.768,4,0.63,1000,Economy,Evening Rush,Saturday,37.827,20.892,37.827,1466.3,0,2024-09-28 18:00:00
SHP02491,Bhopal,Kolkata,,General Network,Bhopal_Kolkata,Expressway,Carting Vehicle,2442,0.11,Rain,0.394,0,0.82,1200,Express,Morning Rush,Tuesday,48.436,48.0,48.436,849.7,1,2024-01-09 09:00:00
SHP02492,Pune,Ahmedabad,,General Network,Pune_Ahmedabad,Expressway,FTL Truck,2221,0.16,Heavy Rain,0.28,3,0.46,2800,Express,Afternoon,Wednesday,45.017,35.018,45.017,1298.3,0,2024-04-03 15:00:00
SHP02493,Indore,Lucknow,,General Network,Indore_Lucknow,Mixed,Carting Vehicle,345,0.5,Storm,0.516,2,0.54,1400,Standard,Evening Rush,Wednesday,24.526,13.609,24.526,1011.6,0,2024-07-10 19:00:00
SHP02494,Chandigarh,Kochi,,General Network,Chandigarh_Kochi,Highway,Container,400,0.16,Cloudy,0.208,5,0.28,1000,Standard,Evening Rush,Tuesday,8.724,8.741,8.724,170.5,0,2024-05-21 20:00:00
SHP02495,Lucknow,Patna,,General Network,Lucknow_Patna,Rural,FTL Truck,366,0.79,Rain,0.774,4,0.75,2000,Same-Day,Morning Rush,Wednesday,17.171,13.551,17.171,542.3,0,2024-10-16 08:00:00
SHP02496,Bangalore,Pune,,General Network,Bangalore_Pune,Expressway,FTL Truck,324,0.66,Fog,0.748,3,0.88,4200,Standard,Afternoon,Wednesday,9.612,5.724,9.612,372.1,0,2024-05-29 15:00:00
SHP02497,Bhopal,Patna,,General Network,Bhopal_Patna,Expressway,Mini Truck,1229,0.78,Clear,0.768,6,0.75,1200,Standard,Night,Monday,27.036,23.563,27.036,759.7,0,2024-06-24 22:00:00
SHP02498,Nagpur,Kochi,Bangalore,General Network,Nagpur_Kochi,City Road,Express Van,1430,0.66,Rain,0.628,5,0.58,1600,Standard,Midday,Wednesday,78.063,47.32,78.063,2552.1,1,2024-01-31 12:00:00
SHP02499,Coimbatore,Bhopal,,General Network,Coimbatore_Bhopal,Highway,Container,722,0.6,Heavy Rain,0.58,6,0.55,900,Same-Day,Afternoon,Friday,26.735,18.642,26.735,967.1,1,2024-11-08 14:00:00
SHP02500,Nagpur,Vizag,,General Network,Nagpur_Vizag,City Road,FTL Truck,663,0.64,Cloudy,0.476,0,0.23,1600,Same-Day,Midday,Saturday,27.002,24.0,27.002,483.5,1,2024-03-09 10:00:00
SHP02501,Chandigarh,Coimbatore,,General Network,Chandigarh_Coimbatore,Highway,Container,2164,0.38,Fog,0.524,3,,1000,Same-Day,Afternoon,Wednesday,54.394,24.0,54.394,1354.2,1,2024-05-22 14:00:00
SHP02502,Kolkata,Bangalore,Vadodara,General Network,Kolkata_Bangalore,City Road,FTL Truck,2059,0.21,Fog,0.414,2,0.72,3200,Standard,Morning Rush,Monday,104.972,72.0,104.972,2768.6,1,2024-07-08 09:00:00
SHP02503,Nagpur,Indore,Jaipur,General Network,Nagpur_Indore,City Road,Mini Truck,2122,0.43,Cloudy,0.498,1,0.6,1600,Express,Midday,Monday,92.484,48.0,92.484,1507.1,1,2024-04-22 10:00:00
SHP02504,Hyderabad,Chennai,Surat,Deccan-Southern Corridor,Hyderabad_Chennai,City Road,Mini Truck,1880,0.81,Fog,0.85,2,0.91,3800,Same-Day,Morning Rush,Wednesday,127.266,24.0,127.266,4055.0,1,2024-07-10 06:00:00
SHP02505,Surat,Nagpur,,General Network,Surat_Nagpur,Mixed,Container,2063,0.25,Clear,0.514,0,0.91,1800,Same-Day,Midday,Tuesday,41.876,24.0,41.876,85.5,1,2024-04-02 12:00:00
SHP02506,Patna,Mumbai,,General Network,Patna_Mumbai,Expressway,Container,192,0.96,Cloudy,0.888,3,0.78,1100,Same-Day,Midday,Thursday,5.457,4.623,5.457,184.8,0,2024-12-12 10:00:00
SHP02507,Pune,Bangalore,,General Network,Pune_Bangalore,Expressway,FTL Truck,675,0.16,Heavy Rain,0.296,6,0.5,2800,Same-Day,Afternoon,Sunday,15.988,11.44,15.988,533.0,0,2024-02-18 15:00:00
SHP02508,Patna,Coimbatore,,General Network,Patna_Coimbatore,Rural,Carting Vehicle,2310,0.76,Heavy Rain,0.564,3,0.27,1100,Economy,Midday,Wednesday,222.613,93.213,222.613,9250.1,1,2024-06-19 13:00:00
SHP02509,Vizag,Vadodara,,General Network,Vizag_Vadodara,Mixed,Carting Vehicle,1032,0.73,Storm,0.726,6,0.72,850,Standard,Evening Rush,Tuesday,82.3,34.193,82.3,3562.0,1,2024-11-26 21:00:00
SHP02510,Indore,Jaipur,,General Network,Indore_Jaipur,Rural,Carting Vehicle,781,0.66,Rain,0.772,1,0.94,1400,Standard,Evening Rush,Thursday,51.228,33.71,51.228,1685.3,0,2024-05-23 19:00:00
SHP02511,Jaipur,Hyderabad,Delhi,General Network,Jaipur_Hyderabad,Mixed,FTL Truck,2393,0.29,Fog,0.274,0,0.25,2200,Economy,Afternoon,Saturday,82.371,53.658,82.371,2549.3,0,2024-11-02 14:00:00
SHP02512,Indore,Vizag,,General Network,Indore_Vizag,City Road,Container,2218,0.23,Fog,0.338,4,0.5,1400,Express,Evening Rush,Wednesday,123.002,48.0,123.002,2906.8,1,2024-07-10 21:00:00
SHP02513,Chennai,Delhi,Kochi,General Network,Chennai_Delhi,City Road,FTL Truck,1791,0.42,Heavy Rain,0.524,5,0.68,3500,Express,Afternoon,Friday,114.689,48.0,114.689,3811.1,1,2024-04-19 16:00:00
SHP02514,Vizag,Vadodara,Bhopal,General Network,Vizag_Vadodara,Highway,FTL Truck,1971,0.57,Storm,0.45,0,0.27,850,Economy,Evening Rush,Sunday,88.523,36.685,88.523,3833.1,0,2024-04-14 18:00:00
SHP02515,Coimbatore,Mumbai,,General Network,Coimbatore_Mumbai,Mixed,Container,1207,0.7,Storm,0.592,6,0.43,900,Same-Day,Evening Rush,Sunday,72.215,24.0,72.215,2912.9,1,2024-12-29 21:00:00
SHP02516,Bhopal,Pune,,General Network,Bhopal_Pune,Mixed,Container,1340,,Cloudy,0.478,0,0.94,1200,Standard,Evening Rush,Tuesday,33.017,36.12,33.017,404.5,0,2024-10-29 21:00:00
SHP02517,Chandigarh,Surat,Kolkata,General Network,Chandigarh_Surat,Expressway,Carting Vehicle,218,0.21,Fog,0.246,6,0.3,1000,Same-Day,Midday,Friday,7.291,7.371,7.291,253.9,0,2024-12-20 13:00:00
SHP02518,Indore,Nagpur,Ahmedabad,General Network,Indore_Nagpur,Mixed,Express Van,956,0.45,Storm,0.418,1,0.37,1400,Economy,Afternoon,Tuesday,47.092,19.465,47.092,1994.2,0,2024-01-09 15:00:00
SHP02519,Hyderabad,Coimbatore,Chennai,General Network,Hyderabad_Coimbatore,Rural,FTL Truck,205,0.58,Fog,0.624,1,0.69,3800,Standard,Evening Rush,Tuesday,11.411,10.384,11.411,411.3,0,2024-03-26 18:00:00
SHP02520,Mumbai,Vadodara,,General Network,Mumbai_Vadodara,Rural,FTL Truck,2000,0.12,Cloudy,0.44,0,0.92,5000,Standard,Evening Rush,Thursday,54.393,60.073,54.393,596.9,0,2024-04-25 18:00:00
SHP02521,Kolkata,Hyderabad,Surat,General Network,Kolkata_Hyderabad,City Road,FTL Truck,804,0.29,Fog,0.398,0,0.56,3200,Standard,Morning Rush,Saturday,42.556,34.193,42.556,1175.1,0,2024-06-08 06:00:00
SHP02522,Indore,Bhopal,,General Network,Indore_Bhopal,Highway,Mini Truck,2100,0.13,Storm,0.306,1,0.57,1400,Express,Morning Rush,Sunday,65.878,40.375,65.878,2202.7,1,2024-12-22 06:00:00
SHP02523,Pune,Indore,,General Network,Pune_Indore,City Road,Express Van,873,0.12,Cloudy,0.456,5,0.96,2800,Express,Morning Rush,Friday,27.233,31.501,27.233,332.6,0,2024-07-12 09:00:00
SHP02524,Delhi,Indore,,General Network,Delhi_Indore,Highway,FTL Truck,1729,0.29,Storm,0.466,0,0.73,4800,Same-Day,Afternoon,Sunday,50.916,24.0,50.916,1758.2,1,2024-03-17 15:00:00
SHP02525,Chandigarh,Lucknow,Ahmedabad,General Network,Chandigarh_Lucknow,Highway,Express Van,1477,0.61,Storm,0.662,3,0.74,1000,Express,Evening Rush,Thursday,49.631,25.792,49.631,2014.6,1,2024-07-04 21:00:00
SHP02526,Vadodara,Chennai,,General Network,Vadodara_Chennai,Mixed,FTL Truck,1694,0.12,Rain,0.328,0,0.64,750,Standard,Evening Rush,Friday,43.748,37.879,43.748,930.9,0,2024-06-07 19:00:00
SHP02527,Chennai,Lucknow,Kochi,General Network,Chennai_Lucknow,Expressway,FTL Truck,1619,0.3,Rain,0.34,5,0.4,3500,Standard,Midday,Monday,31.773,26.596,31.773,883.8,0,2024-05-27 11:00:00
SHP02528,Chennai,Mumbai,,General Network,Chennai_Mumbai,City Road,FTL Truck,2254,,Cloudy,0.506,0,0.98,3500,Express,Morning Rush,Thursday,75.332,48.0,75.332,655.9,1,2024-10-31 09:00:00
SHP02529,Nagpur,Delhi,,General Network,Nagpur_Delhi,Expressway,Container,2058,0.93,Rain,0.762,3,0.51,1600,Standard,Midday,Wednesday,62.903,36.722,62.903,2245.0,0,2024-12-04 10:00:00
SHP02530,Coimbatore,Lucknow,,General Network,Coimbatore_Lucknow,City Road,Express Van,2405,0.48,Storm,0.648,6,0.9,900,Economy,Afternoon,Tuesday,207.536,78.718,207.536,8867.1,1,2024-01-02 14:00:00
SHP02531,Vizag,Chandigarh,,General Network,Vizag_Chandigarh,Highway,Mini Truck,2102,0.8,Clear,0.668,2,0.47,850,Express,Morning Rush,Wednesday,45.133,42.808,45.133,956.3,0,2024-08-28 09:00:00
SHP02532,Kochi,Patna,,General Network,Kochi_Patna,Rural,FTL Truck,1534,0.88,Rain,0.724,2,0.49,800,Express,Morning Rush,Sunday,76.668,45.515,76.668,2554.7,1,2024-11-17 06:00:00
SHP02533,Kochi,Nagpur,,General Network,Kochi_Nagpur,Rural,Express Van,1927,0.48,Heavy Rain,0.66,1,0.93,800,Express,Night,Saturday,86.317,48.0,86.317,2944.8,1,2024-01-13 22:00:00
SHP02534,Jaipur,Nagpur,Chandigarh,General Network,Jaipur_Nagpur,Highway,Express Van,257,0.74,Storm,0.736,3,0.73,2200,Standard,Evening Rush,Tuesday,11.746,6.39,11.746,537.2,0,2024-02-27 21:00:00
SHP02535,Mumbai,Pune,Chennai,Mumbai-Pune Expressway,Mumbai_Pune,City Road,Express Van,420,0.39,Rain,0.606,5,0.93,5000,Express,Afternoon,Monday,18.723,16.749,18.723,497.3,0,2024-10-21 17:00:00
SHP02536,Chandigarh,Nagpur,Pune,General Network,Chandigarh_Nagpur,Rural,FTL Truck,250,0.45,Storm,0.662,3,0.98,1000,Standard,Evening Rush,Wednesday,19.125,8.881,19.125,814.1,0,2024-02-28 20:00:00
SHP02537,Pune,Bhopal,Lucknow,General Network,Pune_Bhopal,Mixed,FTL Truck,787,0.78,Storm,0.856,4,0.97,2800,Standard,Evening Rush,Thursday,48.848,18.598,48.848,2143.9,0,2024-02-01 18:00:00
SHP02538,Bhopal,Coimbatore,Hyderabad,General Network,Bhopal_Coimbatore,Expressway,Container,310,0.83,Rain,0.702,2,0.51,1200,Economy,Afternoon,Friday,11.596,8.969,11.596,465.4,0,2024-02-09 15:00:00
SHP02539,Nagpur,Chandigarh,Ahmedabad,General Network,Nagpur_Chandigarh,Highway,Container,1530,0.49,Fog,0.378,4,0.21,1600,Express,Afternoon,Friday,44.701,33.683,44.701,1332.1,0,2024-06-14 16:00:00
SHP02540,Kolkata,Kochi,,General Network,Kolkata_Kochi,Expressway,Container,2418,0.79,Rain,0.594,6,0.3,3200,Standard,Morning Rush,Monday,70.303,42.048,70.303,2421.5,0,2024-04-15 07:00:00
SHP02541,Surat,Pune,,General Network,Surat_Pune,Highway,Carting Vehicle,1004,0.9,Heavy Rain,0.856,4,0.79,1800,Economy,Evening Rush,Saturday,60.168,24.476,60.168,2606.1,0,2024-08-31 20:00:00
SHP02542,Kochi,Hyderabad,,General Network,Kochi_Hyderabad,Highway,FTL Truck,2479,0.4,Fog,0.592,0,0.88,800,Standard,Afternoon,Wednesday,62.243,43.224,62.243,1875.4,0,2024-06-05 17:00:00
SHP02543,Jaipur,Mumbai,,General Network,Jaipur_Mumbai,Expressway,Express Van,2021,0.32,Fog,0.416,3,0.56,2200,Standard,Evening Rush,Tuesday,36.742,27.583,36.742,1094.6,0,2024-07-09 19:00:00
SHP02544,Vadodara,Surat,Bangalore,General Network,Vadodara_Surat,Mixed,Container,782,0.44,Heavy Rain,0.58,1,0.79,750,Express,Morning Rush,Saturday,36.059,24.724,36.059,1243.5,0,2024-09-07 07:00:00
SHP02545,Kochi,Delhi,,General Network,Kochi_Delhi,Rural,Express Van,351,0.71,Heavy Rain,0.818,2,0.98,800,Economy,Night,Sunday,22.192,13.241,22.192,924.6,0,2024-03-17 22:00:00
SHP02546,Vizag,Bangalore,,General Network,Vizag_Bangalore,Expressway,FTL Truck,752,0.62,Clear,0.604,0,0.58,850,Same-Day,Afternoon,Wednesday,10.609,14.288,10.609,161.6,0,2024-08-14 14:00:00
SHP02547,Pune,Chandigarh,,General Network,Pune_Chandigarh,City Road,FTL Truck,887,0.3,Fog,0.284,2,0.26,2800,Standard,Midday,Monday,47.584,37.165,47.584,1334.4,0,2024-10-14 10:00:00
SHP02548,Bangalore,Hyderabad,Indore,General Network,Bangalore_Hyderabad,Rural,Carting Vehicle,2316,0.12,Heavy Rain,0.216,3,0.36,4200,Economy,Morning Rush,Saturday,153.048,93.141,153.048,5065.5,1,2024-06-08 09:00:00
SHP02549,Nagpur,Patna,,General Network,Nagpur_Patna,Rural,FTL Truck,2286,0.69,Heavy Rain,0.742,4,0.82,1600,Express,Night,Sunday,132.864,48.0,132.864,4923.8,1,2024-10-06 22:00:00
SHP02550,Jaipur,Ahmedabad,,General Network,Jaipur_Ahmedabad,Mixed,FTL Truck,2163,0.37,Cloudy,0.514,3,0.73,2200,Standard,Morning Rush,Saturday,53.805,47.904,53.805,1065.3,0,2024-09-28 07:00:00
SHP02551,Jaipur,Bangalore,Chandigarh,General Network,Jaipur_Bangalore,Mixed,Carting Vehicle,871,0.35,Storm,0.594,6,0.96,2200,Standard,Evening Rush,Thursday,57.484,28.932,57.484,2287.7,0,2024-01-18 20:00:00
SHP02552,Pune,Bangalore,Lucknow,General Network,Pune_Bangalore,Rural,FTL Truck,738,0.56,Fog,0.476,1,0.35,2800,Express,Afternoon,Wednesday,33.631,26.303,33.631,1033.9,0,2024-06-05 16:00:00
SHP02553,Mumbai,Vizag,,General Network,Mumbai_Vizag,City Road,FTL Truck,2469,0.46,Rain,0.512,2,0.59,5000,Standard,Midday,Sunday,136.238,72.0,136.238,3941.7,1,2024-04-14 13:00:00
SHP02554,Chandigarh,Hyderabad,Bhopal,General Network,Chandigarh_Hyderabad,City Road,Container,967,0.19,Storm,0.218,2,0.26,1000,Economy,Midday,Thursday,92.799,45.395,92.799,3617.7,0,2024-01-18 11:00:00
SHP02555,Chandigarh,Bangalore,,General Network,Chandigarh_Bangalore,Expressway,Carting Vehicle,2052,0.55,Clear,0.434,5,0.26,1000,Express,Midday,Thursday,39.713,42.416,39.713,654.8,0,2024-08-29 11:00:00
SHP02556,Jaipur,Vizag,,General Network,Jaipur_Vizag,Mixed,Express Van,1819,0.73,Clear,0.598,0,0.4,2200,Standard,Evening Rush,Saturday,42.01,37.314,42.01,938.8,0,2024-05-04 20:00:00
SHP02557,Ahmedabad,Kochi,,General Network,Ahmedabad_Kochi,Rural,FTL Truck,860,0.8,Storm,0.844,6,0.91,2600,Express,Midday,Tuesday,66.667,26.844,66.667,2853.3,1,2024-06-11 13:00:00
SHP02558,Bhopal,Vadodara,Kolkata,General Network,Bhopal_Vadodara,Mixed,Carting Vehicle,1886,0.95,Storm,0.898,0,0.82,1200,Express,Morning Rush,Friday,150.762,48.0,150.762,6531.0,1,2024-12-13 08:00:00
SHP02559,Ahmedabad,Delhi,,General Network,Ahmedabad_Delhi,Expressway,FTL Truck,238,0.71,,0.594,3,0.42,2600,Standard,Afternoon,Friday,8.767,8.238,8.767,375.7,0,2024-05-10 15:00:00
SHP02560,Kolkata,Delhi,,Northern-Eastern Corridor,Kolkata_Delhi,Mixed,Carting Vehicle,1455,0.36,Cloudy,0.44,4,0.56,3200,Economy,Evening Rush,Friday,52.754,45.211,52.754,1225.2,0,2024-10-11 19:00:00
SHP02561,Chandigarh,Ahmedabad,,General Network,Chandigarh_Ahmedabad,City Road,Mini Truck,890,0.12,Heavy Rain,0.284,6,0.53,1000,Economy,Morning Rush,Friday,65.536,39.361,65.536,2236.9,0,2024-10-18 07:00:00
SHP02562,Chandigarh,Lucknow,,General Network,Chandigarh_Lucknow,Highway,Container,1752,0.59,Storm,0.642,3,0.72,1000,Economy,Evening Rush,Tuesday,94.996,37.831,94.996,4153.9,0,2024-07-09 19:00:00
SHP02563,Coimbatore,Jaipur,,General Network,Coimbatore_Jaipur,Rural,Mini Truck,1599,0.51,Cloudy,0.614,4,0.77,900,Same-Day,Night,Tuesday,54.144,24.0,54.144,879.7,1,2024-10-01 22:00:00
SHP02564,Pune,Chandigarh,,General Network,Pune_Chandigarh,Rural,Carting Vehicle,251,0.78,Rain,0.832,3,0.91,2800,Express,Evening Rush,Friday,16.893,10.686,16.893,567.4,0,2024-06-28 18:00:00
SHP02565,Delhi,Kolkata,,Northern-Eastern Corridor,Delhi_Kolkata,Highway,Container,2322,0.4,Heavy Rain,0.628,4,0.97,4800,Express,Midday,Monday,77.631,47.144,77.631,2609.1,1,2024-07-29 12:00:00
SHP02566,Kochi,Lucknow,Chennai,General Network,Kochi_Lucknow,Highway,Express Van,749,0.29,Cloudy,0.334,5,0.4,800,Standard,Evening Rush,Thursday,12.72,15.335,12.72,274.7,0,2024-09-19 18:00:00
SHP02567,Mumbai,Vizag,,General Network,Mumbai_Vizag,Expressway,FTL Truck,2150,0.88,Clear,0.88,5,0.88,5000,Economy,Evening Rush,Tuesday,45.888,31.637,45.888,1395.4,0,2024-03-26 21:00:00
SHP02568,Kochi,Lucknow,,General Network,Kochi_Lucknow,City Road,FTL Truck,1595,0.9,Rain,0.748,3,0.52,800,Standard,Midday,Wednesday,111.116,61.755,111.116,3932.7,1,2024-11-20 10:00:00
SHP02569,Mumbai,Coimbatore,,General Network,Mumbai_Coimbatore,Highway,FTL Truck,2054,0.88,Rain,0.716,2,0.47,5000,Economy,Morning Rush,Friday,70.079,34.581,70.079,2664.3,0,2024-07-26 06:00:00
SHP02570,Bhopal,Indore,,General Network,Bhopal_Indore,Highway,Express Van,1743,0.27,Heavy Rain,0.266,3,0.26,1200,Standard,Evening Rush,Wednesday,42.899,26.797,42.899,1437.2,0,2024-07-10 18:00:00
SHP02571,Kochi,Bangalore,,General Network,Kochi_Bangalore,Mixed,Carting Vehicle,1704,,Clear,0.486,6,0.75,800,Same-Day,Evening Rush,Tuesday,43.482,24.0,43.482,336.9,1,2024-01-09 18:00:00
SHP02572,Jaipur,Kolkata,,General Network,Jaipur_Kolkata,Expressway,Carting Vehicle,1388,0.31,Clear,0.434,1,0.62,2200,Same-Day,Morning Rush,Friday,22.439,24.0,22.439,177.5,0,2024-07-12 07:00:00
SHP02573,Chennai,Vizag,,General Network,Chennai_Vizag,Expressway,Express Van,1810,0.2,Rain,0.404,1,0.71,3500,Standard,Morning Rush,Thursday,28.107,25.746,28.107,692.4,0,2024-07-18 09:00:00
SHP02574,Ahmedabad,Chandigarh,Pune,General Network,Ahmedabad_Chandigarh,Mixed,Carting Vehicle,208,0.69,Clear,0.782,1,0.92,2600,Express,Midday,Monday,7.863,7.871,7.863,194.4,0,2024-02-05 11:00:00
SHP02575,Jaipur,Nagpur,,General Network,Jaipur_Nagpur,Rural,FTL Truck,2392,0.53,Heavy Rain,0.506,3,0.47,2200,Standard,Night,Friday,137.167,71.779,137.167,5040.7,1,2024-08-16 22:00:00
SHP02576,Patna,Bangalore,,General Network,Patna_Bangalore,Rural,Express Van,2083,0.19,Clear,0.322,3,0.52,1100,Standard,Midday,Monday,48.581,56.545,48.581,499.8,0,2024-12-02 12:00:00
SHP02577,Hyderabad,Lucknow,Mumbai,General Network,Hyderabad_Lucknow,Mixed,Carting Vehicle,1385,0.52,Heavy Rain,0.58,3,0.67,3800,Economy,Afternoon,Wednesday,90.004,44.361,90.004,3553.6,0,2024-06-05 16:00:00
SHP02578,Kolkata,Kochi,,General Network,Kolkata_Kochi,Mixed,Express Van,670,0.28,Storm,0.544,4,0.94,3200,Same-Day,Midday,Saturday,25.032,15.909,25.032,919.3,1,2024-03-02 13:00:00
SHP02579,Indore,Coimbatore,,General Network,Indore_Coimbatore,Rural,Container,146,0.64,Fog,0.652,4,0.67,1400,Economy,Morning Rush,Saturday,12.172,9.91,12.172,501.3,0,2024-06-01 09:00:00
SHP02580,Ahmedabad,Nagpur,Hyderabad,General Network,Ahmedabad_Nagpur,Mixed,Container,1175,0.15,Clear,0.262,2,0.43,2600,Same-Day,Afternoon,Thursday,23.571,24.0,23.571,31.9,0,2024-07-04 15:00:00
SHP02581,Chandigarh,Kochi,,General Network,Chandigarh_Kochi,Expressway,Container,783,0.4,Clear,0.468,5,0.57,1000,Standard,Morning Rush,Sunday,14.505,17.094,14.505,288.5,0,2024-05-05 09:00:00
SHP02582,Indore,Mumbai,,General Network,Indore_Mumbai,City Road,Container,1808,0.95,Heavy Rain,0.658,2,0.22,1400,Express,Afternoon,Wednesday,178.568,48.0,178.568,7067.7,1,2024-01-10 17:00:00
SHP02583,Chandigarh,Patna,,General Network,Chandigarh_Patna,Highway,Express Van,1000,0.13,Storm,0.218,5,0.35,1000,Economy,Afternoon,Sunday,31.456,18.481,31.456,1235.2,0,2024-09-01 15:00:00
SHP02584,Indore,Ahmedabad,Vadodara,General Network,Indore_Ahmedabad,Highway,FTL Truck,1913,0.57,Heavy Rain,0.482,3,0.35,1400,Economy,Evening Rush,Thursday,71.929,33.016,71.929,2881.0,0,2024-04-25 18:00:00
SHP02585,Chennai,Jaipur,,General Network,Chennai_Jaipur,Highway,Mini Truck,2218,0.22,Cloudy,0.432,4,0.75,3500,Express,Evening Rush,Thursday,38.424,44.347,38.424,457.1,0,2024-10-17 21:00:00
SHP02586,Surat,Ahmedabad,,General Network,Surat_Ahmedabad,Expressway,Carting Vehicle,1476,0.84,Rain,0.892,5,0.97,1800,Same-Day,Morning Rush,Thursday,43.128,24.0,43.128,1344.7,1,2024-03-28 07:00:00
SHP02587,Delhi,Chennai,Chandigarh,General Network,Delhi_Chennai,City Road,Express Van,213,,Fog,0.69,0,0.33,4800,Express,Afternoon,Wednesday,12.915,7.983,12.915,457.4,0,2024-11-20 17:00:00
SHP02588,Vadodara,Bhopal,,General Network,Vadodara_Bhopal,Mixed,FTL Truck,466,0.64,Clear,0.744,1,0.9,750,Standard,Afternoon,Sunday,12.999,14.895,12.999,314.0,0,2024-03-03 16:00:00
SHP02589,Surat,Vizag,Nagpur,General Network,Surat_Vizag,Rural,Mini Truck,472,0.48,Storm,0.5,6,0.53,1800,Express,Midday,Thursday,35.329,19.122,35.329,1420.5,0,2024-04-11 13:00:00
SHP02590,Bhopal,Lucknow,Chandigarh,General Network,Bhopal_Lucknow,City Road,Container,1716,0.34,Clear,0.54,3,0.84,1200,Standard,Afternoon,Saturday,74.624,72.0,74.624,1016.6,1,2024-03-30 17:00:00
SHP02591,Lucknow,Bangalore,Chennai,General Network,Lucknow_Bangalore,Highway,Container,1097,0.38,Cloudy,0.512,3,0.71,2000,Standard,Afternoon,Monday,25.078,25.969,25.078,536.7,0,2024-07-08 17:00:00
SHP02592,Hyderabad,Delhi,,General Network,Hyderabad_Delhi,City Road,Mini Truck,1322,0.51,Fog,0.442,2,0.34,3800,Same-Day,Midday,Thursday,76.34,24.0,76.34,2062.3,1,2024-09-19 11:00:00
SHP02593,Coimbatore,Chennai,,General Network,Coimbatore_Chennai,Rural,Express Van,1164,0.98,Storm,0.776,6,0.47,900,Express,Evening Rush,Sunday,83.67,34.182,83.67,3670.6,1,2024-12-08 19:00:00
SHP02594,Mumbai,Coimbatore,,General Network,Mumbai_Coimbatore,Mixed,Container,1448,0.36,Clear,0.524,6,0.77,5000,Express,Afternoon,Sunday,36.117,41.008,36.117,463.5,0,2024-08-25 14:00:00
SHP02595,Coimbatore,Surat,Indore,General Network,Coimbatore_Surat,Highway,Express Van,1209,0.15,Rain,0.282,2,0.48,900,Express,Evening Rush,Tuesday,20.449,20.731,20.449,438.5,0,2024-11-26 19:00:00
SHP02596,Kochi,Patna,Hyderabad,General Network,Kochi_Patna,City Road,Carting Vehicle,586,0.4,Storm,0.572,1,0.83,800,Economy,Afternoon,Friday,73.849,30.933,73.849,3091.5,0,2024-11-01 14:00:00
SHP02597,Vizag,Mumbai,,General Network,Vizag_Mumbai,Rural,FTL Truck,949,0.63,Rain,0.51,5,0.33,850,Standard,Afternoon,Monday,47.064,30.402,47.064,1558.5,0,2024-01-08 16:00:00
SHP02598,Kochi,Mumbai,,General Network,Kochi_Mumbai,Highway,Carting Vehicle,1679,0.95,Cloudy,0.89,1,0.8,800,Same-Day,Afternoon,Sunday,47.022,24.0,47.022,1142.3,1,2024-12-29 17:00:00
SHP02599,Indore,Hyderabad,Bhopal,General Network,Indore_Hyderabad,Mixed,Express Van,2331,0.45,Rain,0.462,3,0.48,1400,Economy,Morning Rush,Tuesday,73.683,48.009,73.683,2394.0,0,2024-04-16 08:00:00
SHP02600,Bangalore,Kochi,,General Network,Bangalore_Kochi,Mixed,Mini Truck,2248,0.59,Fog,0.602,1,0.62,4200,Same-Day,Midday,Tuesday,78.967,24.0,78.967,2240.3,1,2024-09-17 13:00:00
SHP02601,Coimbatore,Pune,,General Network,Coimbatore_Pune,Highway,Container,2238,0.64,Storm,0.604,2,0.55,900,Standard,Afternoon,Wednesday,110.811,45.589,110.811,4674.0,1,2024-05-29 16:00:00
SHP02602,Kolkata,Nagpur,Vadodara,General Network,Kolkata_Nagpur,Expressway,FTL Truck,521,0.91,Storm,0.918,3,0.93,3200,Economy,Afternoon,Monday,25.561,9.556,25.561,1204.6,0,2024-08-19 16:00:00
SHP02603,Delhi,Kolkata,,Northern-Eastern Corridor,Delhi_Kolkata,Highway,Carting Vehicle,301,0.14,Heavy Rain,0.292,4,0.52,4800,Same-Day,Afternoon,Sunday,11.181,8.56,11.181,369.8,0,2024-09-29 14:00:00
SHP02604,Chandigarh,Pune,,General Network,Chandigarh_Pune,Mixed,Carting Vehicle,1181,0.37,Cloudy,0.558,6,0.84,1000,Standard,Morning Rush,Wednesday,40.499,35.523,40.499,855.3,0,2024-09-04 08:00:00
SHP02605,Vadodara,Mumbai,Bhopal,General Network,Vadodara_Mumbai,Highway,FTL Truck,855,0.78,Clear,0.792,3,0.81,750,Express,Evening Rush,Tuesday,18.072,17.415,18.072,443.1,0,2024-03-05 19:00:00
SHP02606,Bhopal,Patna,,General Network,Bhopal_Patna,Rural,FTL Truck,857,0.54,Heavy Rain,0.588,2,0.66,1200,Standard,Morning Rush,Saturday,49.851,29.712,49.851,1848.4,0,2024-12-28 06:00:00
SHP02607,Chennai,Ahmedabad,Patna,General Network,Chennai_Ahmedabad,Highway,FTL Truck,2243,0.76,Storm,0.56,6,0.26,3500,Standard,Afternoon,Monday,101.622,37.686,101.622,4415.1,1,2024-09-09 15:00:00
SHP02608,Indore,Jaipur,,General Network,Indore_Jaipur,City Road,FTL Truck,1049,0.82,Clear,0.62,6,0.32,1400,Economy,Evening Rush,Sunday,57.662,40.486,57.662,1661.4,0,2024-06-02 18:00:00
SHP02609,Jaipur,Lucknow,Coimbatore,General Network,Jaipur_Lucknow,Expressway,Mini Truck,1955,0.14,Clear,0.288,3,0.51,2200,Standard,Morning Rush,Sunday,26.547,31.015,26.547,220.9,0,2024-03-03 09:00:00
SHP02610,Kolkata,Mumbai,,General Network,Kolkata_Mumbai,Mixed,Mini Truck,276,0.66,Storm,0.78,4,0.96,3200,Same-Day,Afternoon,Friday,17.026,10.584,17.026,714.9,0,2024-07-19 14:00:00
SHP02611,Bhopal,Surat,,General Network,Bhopal_Surat,Mixed,Mini Truck,1016,0.78,Storm,0.692,0,0.56,1200,Same-Day,Evening Rush,Thursday,57.619,24.0,57.619,2328.2,1,2024-05-23 21:00:00
SHP02612,Bangalore,Mumbai,,Western-Southern Corridor,Bangalore_Mumbai,Mixed,Mini Truck,1747,0.58,Fog,0.6,6,0.63,4200,Express,Afternoon,Monday,67.233,45.21,67.233,2092.9,1,2024-05-27 16:00:00
SHP02613,Pune,Lucknow,Chandigarh,General Network,Pune_Lucknow,City Road,Container,1978,0.84,Clear,0.64,6,0.34,2800,Same-Day,Afternoon,Friday,96.241,24.0,96.241,1785.2,1,2024-08-16 17:00:00
SHP02614,Lucknow,Bangalore,Pune,General Network,Lucknow_Bangalore,Expressway,Express Van,697,0.17,Cloudy,0.334,6,0.58,2000,Express,Midday,Monday,9.202,12.531,9.202,169.3,0,2024-09-16 11:00:00
SHP02615,Indore,Ahmedabad,Surat,General Network,Indore_Ahmedabad,City Road,Express Van,167,0.6,Clear,0.752,6,0.98,1400,Standard,Night,Sunday,9.519,6.823,9.519,322.2,0,2024-07-07 22:00:00
SHP02616,Ahmedabad,Delhi,,General Network,Ahmedabad_Delhi,Expressway,Mini Truck,543,0.21,Rain,0.238,3,0.28,2600,Economy,Evening Rush,Sunday,13.035,11.379,13.035,401.0,0,2024-02-18 20:00:00
SHP02617,Bhopal,Ahmedabad,Surat,General Network,Bhopal_Ahmedabad,Rural,Express Van,1936,0.24,Cloudy,0.356,1,0.53,1200,Standard,Evening Rush,Tuesday,50.08,51.275,50.08,760.1,0,2024-11-26 19:00:00
SHP02618,Chennai,Surat,,General Network,Chennai_Surat,Expressway,Container,1466,0.86,Cloudy,0.732,4,,3500,Same-Day,Afternoon,Friday,30.656,24.0,30.656,750.1,1,2024-03-29 16:00:00
SHP02619,Indore,Kochi,,General Network,Indore_Kochi,Mixed,Mini Truck,2448,0.83,,0.65,6,0.38,1400,Economy,Midday,Sunday,128.356,60.578,128.356,4981.4,1,2024-12-08 13:00:00
SHP02620,Mumbai,Hyderabad,,General Network,Mumbai_Hyderabad,Rural,Container,1885,0.42,Storm,0.54,0,0.72,5000,Standard,Evening Rush,Friday,146.064,65.456,146.064,5807.0,1,2024-11-08 18:00:00
SHP02621,Ahmedabad,Hyderabad,Kochi,General Network,Ahmedabad_Hyderabad,City Road,Mini Truck,1798,0.92,Clear,0.68,5,0.32,2600,Same-Day,Midday,Tuesday,86.956,24.0,86.956,1792.6,1,2024-12-17 13:00:00
SHP02622,Lucknow,Bangalore,Vadodara,General Network,Lucknow_Bangalore,Expressway,Mini Truck,456,0.27,Cloudy,0.478,4,0.79,2000,Standard,Midday,Wednesday,9.678,9.524,9.678,260.7,0,2024-12-04 12:00:00
SHP02623,Delhi,Indore,Kolkata,General Network,Delhi_Indore,Highway,Express Van,944,0.94,Storm,0.732,4,0.42,4800,Express,Midday,Wednesday,38.807,16.428,38.807,1712.8,0,2024-08-14 13:00:00
SHP02624,Lucknow,Jaipur,,General Network,Lucknow_Jaipur,Highway,Mini Truck,2108,0.45,Storm,0.382,4,0.28,2000,Economy,Midday,Monday,99.89,40.205,99.89,4236.7,0,2024-06-03 10:00:00
SHP02625,Pune,Hyderabad,Kochi,General Network,Pune_Hyderabad,Expressway,Express Van,822,0.57,Fog,0.43,5,0.22,2800,Express,Afternoon,Friday,17.343,13.138,17.343,589.1,0,2024-10-11 15:00:00
SHP02626,Hyderabad,Bhopal,Patna,General Network,Hyderabad_Bhopal,City Road,Carting Vehicle,1495,0.3,Heavy Rain,0.536,1,0.89,3800,Economy,Evening Rush,Sunday,143.303,78.842,143.303,5181.0,1,2024-10-13 20:00:00
SHP02627,Ahmedabad,Lucknow,,General Network,Ahmedabad_Lucknow,Highway,Container,1179,0.5,Rain,0.656,2,0.89,2600,Standard,Evening Rush,Friday,35.812,25.143,35.812,1108.4,0,2024-11-08 18:00:00
SHP02628,Surat,Chennai,,General Network,Surat_Chennai,Expressway,FTL Truck,1116,0.53,Fog,0.422,0,0.26,1800,Express,Afternoon,Sunday,23.125,18.485,23.125,682.6,0,2024-06-16 14:00:00
SHP02629,Mumbai,Nagpur,,General Network,Mumbai_Nagpur,Highway,Express Van,1475,0.83,Storm,0.718,5,0.55,5000,Standard,Midday,Wednesday,61.342,23.913,61.342,2718.5,0,2024-02-28 13:00:00
SHP02630,Ahmedabad,Chennai,Nagpur,General Network,Ahmedabad_Chennai,City Road,FTL Truck,1552,0.55,Heavy Rain,0.658,1,0.82,2600,Economy,Afternoon,Wednesday,129.749,62.315,129.749,5124.4,1,2024-03-06 14:00:00
SHP02631,Vizag,Kochi,Chennai,General Network,Vizag_Kochi,Highway,Carting Vehicle,552,0.89,Heavy Rain,0.874,2,0.85,850,Standard,Morning Rush,Thursday,30.082,14.008,30.082,1252.9,0,2024-02-22 09:00:00
SHP02632,Lucknow,Chandigarh,,General Network,Lucknow_Chandigarh,City Road,Carting Vehicle,1063,0.85,Fog,0.754,5,0.61,2000,Standard,Morning Rush,Sunday,104.437,57.577,104.437,3836.5,1,2024-12-29 06:00:00
SHP02633,Hyderabad,Chandigarh,Vizag,General Network,Hyderabad_Chandigarh,Expressway,Mini Truck,1689,0.98,Clear,0.892,2,0.76,3800,Express,Evening Rush,Saturday,33.962,29.043,33.962,852.5,0,2024-12-14 20:00:00
SHP02634,Kochi,Jaipur,,General Network,Kochi_Jaipur,Highway,Carting Vehicle,2321,,Fog,0.414,6,0.84,800,Standard,Afternoon,Thursday,67.115,53.829,67.115,1705.9,0,2024-07-25 14:00:00
SHP02635,Vadodara,Indore,,General Network,Vadodara_Indore,Rural,FTL Truck,1819,0.24,Fog,0.404,3,0.65,750,Same-Day,Morning Rush,Wednesday,62.939,24.0,62.939,1351.0,1,2024-09-25 06:00:00
SHP02636,Ahmedabad,Kochi,,General Network,Ahmedabad_Kochi,Expressway,Carting Vehicle,2350,0.99,Rain,0.686,0,0.23,2600,Economy,Night,Saturday,92.622,46.554,92.622,3578.4,0,2024-03-02 22:00:00
SHP02637,Coimbatore,Mumbai,Ahmedabad,General Network,Coimbatore_Mumbai,Highway,FTL Truck,2292,0.1,Storm,0.436,3,0.94,900,Express,Midday,Sunday,64.223,38.886,64.223,2134.4,1,2024-12-01 10:00:00
SHP02638,Mumbai,Chandigarh,Indore,General Network,Mumbai_Chandigarh,Highway,Mini Truck,956,0.61,Clear,0.502,1,0.34,5000,Standard,Afternoon,Tuesday,20.538,19.827,20.538,435.6,0,2024-02-27 17:00:00
SHP02639,Bangalore,Vadodara,Kochi,General Network,Bangalore_Vadodara,Mixed,FTL Truck,1948,0.85,Clear,0.806,1,0.74,4200,Economy,Evening Rush,Wednesday,62.143,46.602,62.143,1780.6,0,2024-03-20 19:00:00
SHP02640,Ahmedabad,Surat,Hyderabad,General Network,Ahmedabad_Surat,Mixed,Carting Vehicle,2325,0.6,Cloudy,0.688,5,0.82,2600,Economy,Morning Rush,Thursday,96.442,69.462,96.442,2686.5,0,2024-11-07 08:00:00
SHP02641,Ahmedabad,Jaipur,Vadodara,General Network,Ahmedabad_Jaipur,Rural,Mini Truck,1001,0.86,Rain,0.644,4,0.32,2600,Same-Day,Morning Rush,Sunday,50.747,24.0,50.747,1561.9,1,2024-02-11 06:00:00
SHP02642,Chandigarh,Nagpur,,General Network,Chandigarh_Nagpur,City Road,Container,352,0.47,Clear,0.45,4,0.42,1000,Express,Midday,Sunday,16.485,18.647,16.485,279.2,0,2024-11-17 11:00:00
SHP02643,Kolkata,Chandigarh,Vizag,General Network,Kolkata_Chandigarh,Mixed,Express Van,415,0.4,Fog,0.404,4,0.41,3200,Standard,Night,Friday,14.146,10.872,14.146,487.9,0,2024-06-21 22:00:00
SHP02644,Jaipur,Vadodara,,General Network,Jaipur_Vadodara,Rural,Container,2221,0.88,Clear,0.744,4,0.54,2200,Standard,Midday,Monday,101.011,72.0,101.011,2576.7,1,2024-09-09 11:00:00
SHP02645,Delhi,Kochi,,General Network,Delhi_Kochi,Highway,FTL Truck,961,0.17,Rain,0.47,2,0.92,4800,Economy,Afternoon,Monday,22.928,17.937,22.928,654.9,0,2024-12-23 17:00:00
SHP02646,Bhopal,Vizag,,General Network,Bhopal_Vizag,Highway,Mini Truck,526,0.84,Storm,0.816,0,0.78,1200,Same-Day,Evening Rush,Thursday,23.323,11.008,23.323,961.0,0,2024-04-18 18:00:00
SHP02647,Jaipur,Kolkata,Bhopal,General Network,Jaipur_Kolkata,Rural,Mini Truck,591,0.71,Fog,0.506,2,0.2,2200,Same-Day,Evening Rush,Friday,29.789,21.203,29.789,911.8,1,2024-05-17 19:00:00
SHP02648,Chandigarh,Coimbatore,,General Network,Chandigarh_Coimbatore,City Road,Mini Truck,2269,0.36,Rain,0.42,0,0.51,1000,Economy,Morning Rush,Tuesday,145.269,96.788,145.269,4394.2,1,2024-01-16 09:00:00
SHP02649,Delhi,Bangalore,,General Network,Delhi_Bangalore,Expressway,Mini Truck,2148,0.38,Cloudy,0.556,0,0.82,4800,Same-Day,Afternoon,Monday,32.069,24.0,32.069,416.8,1,2024-01-08 16:00:00
SHP02650,Kochi,Chandigarh,Surat,General Network,Kochi_Chandigarh,Rural,Carting Vehicle,878,0.99,Heavy Rain,0.938,4,0.86,800,Express,Afternoon,Wednesday,80.112,38.649,80.112,3245.9,1,2024-07-03 17:00:00
SHP02651,Coimbatore,Bhopal,Delhi,General Network,Coimbatore_Bhopal,Mixed,Container,1671,0.42,Rain,0.564,3,0.78,900,Economy,Evening Rush,Wednesday,70.471,44.834,70.471,2262.4,0,2024-09-18 21:00:00
SHP02652,Delhi,Bangalore,,General Network,Delhi_Bangalore,City Road,Express Van,1116,0.46,Rain,0.44,6,0.41,4800,Same-Day,Afternoon,Saturday,47.242,24.0,47.242,1170.9,1,2024-10-26 14:00:00
SHP02653,Coimbatore,Lucknow,,General Network,Coimbatore_Lucknow,Rural,Express Van,1605,0.84,Heavy Rain,0.804,2,0.75,900,Standard,Afternoon,Monday,94.919,41.48,94.919,3834.3,1,2024-11-04 16:00:00
SHP02654,Bangalore,Vizag,,General Network,Bangalore_Vizag,Highway,FTL Truck,1609,,Fog,0.456,6,0.72,4200,Economy,Night,Monday,44.143,27.8,44.143,1441.8,0,2024-10-21 22:00:00
SHP02655,Pune,Jaipur,,General Network,Pune_Jaipur,City Road,Container,441,0.7,Rain,0.648,3,0.57,2800,Standard,Afternoon,Friday,34.152,23.059,34.152,1159.7,0,2024-08-23 15:00:00
SHP02656,Pune,Bhopal,,General Network,Pune_Bhopal,Highway,Container,502,0.57,Rain,0.614,3,0.68,2800,Standard,Afternoon,Wednesday,16.187,13.676,16.187,528.3,0,2024-08-28 14:00:00
SHP02657,Pune,Surat,,General Network,Pune_Surat,Expressway,Container,484,0.48,Heavy Rain,0.492,5,0.51,2800,Express,Morning Rush,Wednesday,15.818,10.058,15.818,589.4,0,2024-12-11 07:00:00
SHP02658,Pune,Bangalore,Chandigarh,General Network,Pune_Bangalore,Mixed,Carting Vehicle,2393,0.75,Heavy Rain,0.818,3,0.92,2800,Same-Day,Morning Rush,Thursday,132.367,24.0,132.367,4751.4,1,2024-12-05 08:00:00
SHP02659,Mumbai,Indore,Hyderabad,General Network,Mumbai_Indore,Rural,Express Van,2276,0.16,Storm,0.468,6,0.93,5000,Economy,Afternoon,Sunday,125.383,59.942,125.383,4884.1,1,2024-10-20 16:00:00
SHP02660,Kolkata,Patna,Jaipur,Eastern Corridor,Kolkata_Patna,Mixed,FTL Truck,944,,Clear,0.486,6,0.39,3200,Express,Afternoon,Thursday,23.73,22.42,23.73,479.8,0,2024-10-24 15:00:00
SHP02661,Jaipur,Nagpur,Pune,General Network,Jaipur_Nagpur,Mixed,Carting Vehicle,319,0.26,Storm,0.356,4,0.5,2200,Express,Evening Rush,Monday,18.219,13.279,18.219,667.8,0,2024-04-01 20:00:00
SHP02662,Surat,Chennai,,General Network,Surat_Chennai,Rural,Container,313,0.84,Fog,0.648,3,0.36,1800,Express,Midday,Thursday,20.014,14.174,20.014,709.8,0,2024-01-18 10:00:00
SHP02663,Bangalore,Delhi,,General Network,Bangalore_Delhi,Expressway,Mini Truck,947,0.31,,0.362,1,0.44,4200,Economy,Midday,Tuesday,15.645,18.388,15.645,274.2,0,2024-04-16 13:00:00
SHP02664,Indore,Jaipur,,General Network,Indore_Jaipur,Highway,Carting Vehicle,244,0.63,Storm,0.634,3,0.64,1400,Economy,Afternoon,Thursday,15.718,9.171,15.718,699.1,0,2024-02-15 14:00:00
SHP02665,Ahmedabad,Indore,,General Network,Ahmedabad_Indore,Highway,Carting Vehicle,274,0.7,Heavy Rain,0.796,2,0.94,2600,Express,Midday,Wednesday,13.744,8.491,13.744,550.6,0,2024-11-20 10:00:00
SHP02666,Ahmedabad,Nagpur,,General Network,Ahmedabad_Nagpur,Rural,Carting Vehicle,1570,0.89,Storm,0.698,2,0.41,2600,Economy,Midday,Thursday,197.295,61.782,197.295,9046.6,1,2024-02-29 13:00:00
SHP02667,Mumbai,Lucknow,Bhopal,General Network,Mumbai_Lucknow,Rural,Mini Truck,1180,0.43,Storm,0.542,1,0.71,5000,Express,Midday,Friday,79.718,42.487,79.718,3034.9,1,2024-12-06 13:00:00
SHP02668,Nagpur,Bhopal,,General Network,Nagpur_Bhopal,City Road,Container,2375,0.6,Fog,0.608,1,0.62,1600,Same-Day,Night,Saturday,152.072,24.0,152.072,4334.4,1,2024-06-01 22:00:00
SHP02669,Kochi,Vizag,Jaipur,General Network,Kochi_Vizag,Highway,Express Van,942,0.54,Clear,0.712,6,0.97,800,Same-Day,Afternoon,Monday,14.744,16.83,14.744,270.3,0,2024-01-01 15:00:00
SHP02670,Patna,Nagpur,,General Network,Patna_Nagpur,Highway,Express Van,1706,0.11,Clear,0.278,6,0.53,1100,Economy,Morning Rush,Wednesday,25.587,28.168,25.587,422.6,0,2024-11-20 07:00:00
SHP02671,Surat,Kochi,,General Network,Surat_Kochi,Expressway,Carting Vehicle,268,0.25,Fog,0.286,1,0.34,1800,Economy,Evening Rush,Saturday,8.053,6.31,8.053,257.5,0,2024-01-20 19:00:00
SHP02672,Chandigarh,Chennai,Kolkata,General Network,Chandigarh_Chennai,City Road,Express Van,471,0.63,Heavy Rain,0.702,6,0.81,1000,Express,Evening Rush,Tuesday,32.746,16.41,32.746,1262.6,0,2024-03-19 18:00:00
SHP02673,Pune,Kolkata,Hyderabad,General Network,Pune_Kolkata,Mixed,Express Van,1278,0.1,,0.388,5,0.82,2800,Standard,Midday,Friday,37.97,26.227,37.97,1166.9,0,2024-01-12 10:00:00
SHP02674,Delhi,Mumbai,,Western Corridor,Delhi_Mumbai,Highway,Carting Vehicle,2320,0.5,Clear,0.68,1,0.95,4800,Express,Evening Rush,Sunday,50.607,48.0,50.607,716.4,1,2024-10-27 21:00:00
SHP02675,Ahmedabad,Nagpur,Vadodara,General Network,Ahmedabad_Nagpur,City Road,Mini Truck,869,0.2,Cloudy,0.5,3,0.95,2600,Same-Day,Afternoon,Thursday,31.644,24.0,31.644,243.4,1,2024-07-11 15:00:00
SHP02676,Vadodara,Patna,,General Network,Vadodara_Patna,Expressway,Carting Vehicle,2352,0.44,,0.632,0,0.92,750,Same-Day,Midday,Friday,57.754,24.0,57.754,1484.6,1,2024-07-19 13:00:00
SHP02677,Ahmedabad,Bhopal,Hyderabad,General Network,Ahmedabad_Bhopal,Highway,Carting Vehicle,1842,0.92,Cloudy,0.864,2,0.78,2600,Economy,Evening Rush,Thursday,67.532,44.567,67.532,2209.9,0,2024-04-11 19:00:00
SHP02678,Lucknow,Nagpur,,General Network,Lucknow_Nagpur,Mixed,Mini Truck,845,0.88,Storm,0.672,5,,2000,Economy,Midday,Friday,67.562,21.599,67.562,3114.8,0,2024-08-09 11:00:00
SHP02679,Kolkata,Pune,,General Network,Kolkata_Pune,City Road,Carting Vehicle,2148,0.57,Fog,0.674,1,0.83,3200,Express,Morning Rush,Thursday,164.714,48.0,164.714,4973.1,1,2024-09-05 06:00:00
SHP02680,Lucknow,Delhi,,UP Corridor,Lucknow_Delhi,Highway,FTL Truck,876,0.25,Rain,0.338,1,0.47,2000,Same-Day,Morning Rush,Wednesday,17.309,16.714,17.309,381.5,0,2024-08-14 06:00:00
SHP02681,Kochi,Ahmedabad,Vizag,General Network,Kochi_Ahmedabad,Mixed,Express Van,866,0.13,Storm,0.29,1,0.53,800,Express,Midday,Thursday,29.461,20.752,29.461,1014.6,0,2024-10-10 13:00:00
SHP02682,Patna,Vizag,Kolkata,General Network,Patna_Vizag,Mixed,Container,2492,0.12,Rain,0.228,0,0.39,1100,Standard,Afternoon,Saturday,75.745,66.45,75.745,1613.0,1,2024-10-19 17:00:00
SHP02683,Nagpur,Coimbatore,,General Network,Nagpur_Coimbatore,City Road,Carting Vehicle,1809,0.11,Cloudy,0.302,4,0.59,1600,Express,Afternoon,Wednesday,77.813,48.0,77.813,533.9,1,2024-08-21 15:00:00
SHP02684,Nagpur,Kolkata,,General Network,Nagpur_Kolkata,Mixed,Container,1662,0.32,Clear,0.388,5,0.49,1600,Same-Day,Midday,Sunday,36.94,24.0,36.94,261.1,1,2024-03-10 10:00:00
SHP02685,Mumbai,Pune,,Mumbai-Pune Expressway,Mumbai_Pune,Rural,Express Van,357,0.9,Cloudy,0.652,0,0.28,5000,Same-Day,Evening Rush,Tuesday,10.875,10.539,10.875,238.6,0,2024-12-03 19:00:00
SHP02686,Coimbatore,Mumbai,,General Network,Coimbatore_Mumbai,Mixed,Express Van,1109,0.61,Rain,0.542,0,0.44,900,Standard,Midday,Saturday,33.137,25.26,33.137,1023.9,0,2024-06-15 12:00:00
SHP02687,Hyderabad,Mumbai,Pune,General Network,Hyderabad_Mumbai,Expressway,Carting Vehicle,1302,0.23,Rain,0.35,0,0.53,3800,Same-Day,Evening Rush,Tuesday,25.722,24.0,25.722,446.9,1,2024-04-16 21:00:00
SHP02688,Jaipur,Pune,Bhopal,General Network,Jaipur_Pune,Highway,Express Van,1094,0.71,Clear,0.806,4,,2200,Standard,Midday,Friday,20.963,17.919,20.963,544.3,0,2024-02-09 11:00:00
SHP02689,Kolkata,Bhopal,,General Network,Kolkata_Bhopal,Rural,Express Van,1915,0.49,Fog,0.522,3,0.57,3200,Economy,Morning Rush,Monday,88.35,52.852,88.35,3080.7,0,2024-04-29 07:00:00
SHP02690,Mumbai,Chandigarh,Kochi,General Network,Mumbai_Chandigarh,Mixed,FTL Truck,1300,0.76,Clear,0.572,2,0.29,5000,Standard,Midday,Saturday,36.221,31.591,36.221,873.2,0,2024-06-01 10:00:00
SHP02691,Chandigarh,Lucknow,,General Network,Chandigarh_Lucknow,Mixed,FTL Truck,306,0.35,Storm,0.478,6,0.67,1000,Standard,Midday,Friday,16.97,10.852,16.97,712.2,0,2024-10-18 11:00:00
SHP02692,Lucknow,Vadodara,Indore,General Network,Lucknow_Vadodara,Mixed,Mini Truck,616,0.36,Cloudy,0.58,0,0.91,2000,Standard,Midday,Monday,16.203,19.219,16.203,287.8,0,2024-12-16 12:00:00
SHP02693,Nagpur,Mumbai,,General Network,Nagpur_Mumbai,City Road,Container,1691,0.56,Clear,0.592,0,0.64,1600,Same-Day,Afternoon,Thursday,70.831,24.0,70.831,839.4,1,2024-02-29 14:00:00
SHP02694,Nagpur,Bangalore,Indore,General Network,Nagpur_Bangalore,Rural,Container,1985,0.42,Heavy Rain,0.416,1,0.41,1600,Standard,Evening Rush,Saturday,125.224,69.835,125.224,4399.7,1,2024-04-27 18:00:00
SHP02695,Chennai,Hyderabad,Surat,Deccan-Southern Corridor,Chennai_Hyderabad,Highway,Carting Vehicle,1141,0.88,Storm,0.76,0,0.58,3500,Economy,Afternoon,Saturday,80.485,26.142,80.485,3688.1,0,2024-08-03 16:00:00
SHP02696,Chandigarh,Kolkata,Pune,General Network,Chandigarh_Kolkata,Rural,FTL Truck,2128,0.86,Rain,0.608,1,0.23,1000,Express,Afternoon,Wednesday,103.266,48.0,103.266,3358.6,1,2024-01-17 15:00:00
SHP02697,Lucknow,Mumbai,,General Network,Lucknow_Mumbai,Mixed,FTL Truck,625,0.77,Fog,0.678,4,0.54,2000,Economy,Midday,Friday,30.401,17.23,30.401,1199.1,0,2024-10-25 13:00:00
SHP02698,Kochi,Chennai,,General Network,Kochi_Chennai,Rural,Container,1937,0.65,Clear,0.63,1,0.6,800,Standard,Midday,Monday,78.208,69.48,78.208,1654.1,1,2024-11-25 11:00:00
SHP02699,Patna,Lucknow,,General Network,Patna_Lucknow,Highway,Container,884,0.24,Rain,0.336,5,0.48,1100,Same-Day,Midday,Monday,21.324,20.479,21.324,499.4,0,2024-09-02 13:00:00
SHP02700,Bhopal,Indore,Chandigarh,General Network,Bhopal_Indore,Expressway,FTL Truck,816,0.13,Rain,0.182,6,0.26,1200,Standard,Afternoon,Saturday,16.048,15.678,16.048,447.5,0,2024-03-16 14:00:00
SHP02701,Chandigarh,Coimbatore,Ahmedabad,General Network,Chandigarh_Coimbatore,Expressway,Mini Truck,2100,0.51,Fog,0.55,0,,1000,Express,Afternoon,Wednesday,48.571,35.369,48.571,1440.6,1,2024-04-24 17:00:00
SHP02702,Pune,Chennai,,General Network,Pune_Chennai,Rural,FTL Truck,1874,0.61,Heavy Rain,0.662,6,0.74,2800,Express,Morning Rush,Tuesday,104.964,48.0,104.964,3799.2,1,2024-01-09 08:00:00
SHP02703,Hyderabad,Vadodara,Jaipur,General Network,Hyderabad_Vadodara,Rural,Carting Vehicle,352,0.44,Storm,0.612,3,0.87,3800,Standard,Afternoon,Thursday,32.801,18.469,32.801,1342.3,0,2024-01-11 14:00:00
SHP02704,Vadodara,Mumbai,Bhopal,General Network,Vadodara_Mumbai,Mixed,Mini Truck,197,0.91,Cloudy,0.694,3,0.37,750,Economy,Afternoon,Friday,8.988,6.57,8.988,320.4,0,2024-10-25 17:00:00
SHP02705,Indore,Coimbatore,Kochi,General Network,Indore_Coimbatore,Expressway,Express Van,252,0.12,Clear,0.36,5,0.72,1400,Same-Day,Midday,Saturday,4.497,4.171,4.497,131.4,0,2024-11-16 11:00:00
SHP02706,Delhi,Indore,Pune,General Network,Delhi_Indore,Rural,Express Van,1263,0.82,Heavy Rain,0.76,5,0.67,4800,Same-Day,Morning Rush,Friday,64.375,24.0,64.375,2398.1,1,2024-07-19 07:00:00
SHP02707,Vadodara,Kochi,,General Network,Vadodara_Kochi,Mixed,Mini Truck,2154,0.18,Clear,0.224,5,0.29,750,Economy,Afternoon,Tuesday,53.343,54.508,53.343,807.3,0,2024-09-24 14:00:00
SHP02708,Ahmedabad,Hyderabad,Vizag,General Network,Ahmedabad_Hyderabad,Highway,Express Van,597,0.61,Heavy Rain,0.75,0,0.96,2600,Economy,Morning Rush,Friday,20.026,9.529,20.026,812.2,0,2024-12-20 07:00:00
SHP02709,Surat,Pune,Vizag,General Network,Surat_Pune,Highway,Express Van,845,0.68,Rain,0.7,1,0.73,1800,Economy,Morning Rush,Thursday,23.426,13.083,23.426,854.5,0,2024-04-11 07:00:00
SHP02710,Lucknow,Kochi,Hyderabad,General Network,Lucknow_Kochi,Expressway,Mini Truck,1415,0.52,Heavy Rain,0.508,1,0.49,2000,Same-Day,Afternoon,Monday,37.072,24.0,37.072,1231.3,1,2024-09-09 15:00:00
SHP02711,Chandigarh,Mumbai,Jaipur,General Network,Chandigarh_Mumbai,Mixed,FTL Truck,198,0.51,Clear,0.402,6,0.24,1000,Express,Night,Wednesday,6.526,7.826,6.526,193.6,0,2024-01-03 22:00:00
SHP02712,Jaipur,Chennai,,General Network,Jaipur_Chennai,Expressway,Container,2292,0.52,Clear,0.548,4,0.59,2200,Standard,Evening Rush,Wednesday,41.66,38.237,41.66,796.6,0,2024-01-10 21:00:00
SHP02713,Jaipur,Surat,,General Network,Jaipur_Surat,Rural,Express Van,1716,0.3,Fog,0.448,5,0.67,2200,Standard,Midday,Thursday,64.225,45.972,64.225,1863.9,0,2024-08-15 10:00:00
SHP02714,Mumbai,Nagpur,,General Network,Mumbai_Nagpur,Rural,Carting Vehicle,850,0.75,Storm,0.538,6,0.22,5000,Standard,Midday,Tuesday,91.448,35.39,91.448,3975.8,1,2024-06-18 10:00:00
SHP02715,Coimbatore,Vadodara,Lucknow,General Network,Coimbatore_Vadodara,Rural,Express Van,903,0.89,Heavy Rain,0.814,1,0.7,900,Economy,Midday,Monday,61.252,23.938,61.252,2628.1,0,2024-01-22 11:00:00
SHP02716,Vizag,Patna,,General Network,Vizag_Patna,Expressway,Express Van,1027,0.33,Clear,0.514,6,0.79,850,Same-Day,Morning Rush,Friday,14.002,15.797,14.002,276.1,0,2024-01-19 07:00:00
SHP02717,Patna,Surat,,General Network,Patna_Surat,City Road,Container,541,0.38,Storm,0.432,1,0.51,1100,Economy,Midday,Sunday,59.599,24.692,59.599,2484.9,0,2024-05-26 11:00:00
SHP02718,Vizag,Surat,,General Network,Vizag_Surat,City Road,Mini Truck,374,0.75,Cloudy,0.742,2,0.73,850,Same-Day,Night,Wednesday,19.542,18.403,19.542,460.1,0,2024-01-03 22:00:00
SHP02719,Bhopal,Delhi,,General Network,Bhopal_Delhi,Highway,Mini Truck,1937,0.89,Clear,0.774,4,0.6,1200,Economy,Midday,Wednesday,54.119,37.66,54.119,1633.0,0,2024-10-09 10:00:00
SHP02720,Pune,Kochi,Bhopal,General Network,Pune_Kochi,Rural,Express Van,1068,0.75,Rain,0.73,0,0.7,2800,Standard,Afternoon,Thursday,46.923,31.363,46.923,1577.1,0,2024-04-11 14:00:00
SHP02721,Vadodara,Mumbai,Ahmedabad,General Network,Vadodara_Mumbai,Mixed,Express Van,680,0.65,Clear,0.594,0,0.51,750,Same-Day,Morning Rush,Wednesday,13.583,16.035,13.583,223.7,0,2024-04-24 08:00:00
SHP02722,Mumbai,Coimbatore,,General Network,Mumbai_Coimbatore,Highway,Container,2145,0.14,Heavy Rain,0.256,4,0.43,5000,Standard,Midday,Friday,64.659,43.443,64.659,1986.9,0,2024-09-20 13:00:00
SHP02723,Ahmedabad,Lucknow,,General Network,Ahmedabad_Lucknow,Rural,Container,1132,0.58,Clear,0.62,5,0.68,2600,Express,Afternoon,Sunday,41.803,41.713,41.803,732.5,0,2024-02-25 15:00:00
SHP02724,Lucknow,Hyderabad,,General Network,Lucknow_Hyderabad,Rural,Express Van,937,0.3,Clear,0.532,0,0.88,2000,Economy,Evening Rush,Monday,26.682,27.14,26.682,514.6,0,2024-01-29 20:00:00
SHP02725,Patna,Chandigarh,Coimbatore,General Network,Patna_Chandigarh,Rural,FTL Truck,1415,0.8,Rain,0.62,5,0.35,1100,Standard,Midday,Friday,74.489,44.73,74.489,2582.7,1,2024-11-29 13:00:00
SHP02726,Pune,Ahmedabad,,General Network,Pune_Ahmedabad,Expressway,Carting Vehicle,1544,0.97,Clear,0.814,0,0.58,2800,Same-Day,Evening Rush,Monday,33.02,24.0,33.02,681.0,1,2024-06-10 19:00:00
SHP02727,Bangalore,Lucknow,,General Network,Bangalore_Lucknow,Mixed,Express Van,1484,0.69,Storm,0.626,4,0.53,4200,Express,Morning Rush,Saturday,68.973,30.941,68.973,2847.9,1,2024-04-13 07:00:00
SHP02728,Bangalore,Lucknow,Kochi,General Network,Bangalore_Lucknow,Expressway,Mini Truck,1646,0.7,Clear,0.744,4,0.81,4200,Standard,Midday,Monday,31.944,26.273,31.944,761.6,0,2024-10-28 10:00:00
SHP02729,Pune,Nagpur,Chennai,General Network,Pune_Nagpur,Mixed,Carting Vehicle,2390,0.5,Storm,0.46,6,0.4,2800,Economy,Morning Rush,Thursday,185.614,71.235,185.614,7950.2,1,2024-08-29 09:00:00
SHP02730,Pune,Chandigarh,,General Network,Pune_Chandigarh,Rural,Carting Vehicle,1565,0.58,Storm,0.68,3,0.83,2800,Standard,Evening Rush,Saturday,151.543,62.172,151.543,6310.4,1,2024-12-07 18:00:00
SHP02731,Indore,Kolkata,Patna,General Network,Indore_Kolkata,Expressway,Express Van,1366,0.71,Rain,0.59,1,0.41,1400,Same-Day,Afternoon,Wednesday,24.525,19.675,24.525,721.3,1,2024-07-03 17:00:00
SHP02732,Lucknow,Kolkata,,General Network,Lucknow_Kolkata,City Road,Container,1175,0.34,Storm,0.296,2,0.23,2000,Standard,Midday,Monday,111.611,55.85,111.611,4326.9,1,2024-12-23 12:00:00
SHP02733,Mumbai,Chennai,Bhopal,General Network,Mumbai_Chennai,Mixed,Mini Truck,1910,0.8,Storm,0.84,1,0.9,5000,Economy,Evening Rush,Sunday,143.248,47.568,143.248,6472.7,1,2024-09-22 20:00:00
SHP02734,Coimbatore,Ahmedabad,Lucknow,General Network,Coimbatore_Ahmedabad,Rural,Carting Vehicle,2004,0.12,Storm,0.416,4,0.86,900,Same-Day,Afternoon,Sunday,123.69,24.0,123.69,3858.7,1,2024-03-31 14:00:00
SHP02735,Vizag,Mumbai,,General Network,Vizag_Mumbai,Rural,Container,2405,0.57,Storm,0.646,5,0.76,850,Economy,Midday,Friday,228.104,86.327,228.104,9913.7,1,2024-05-10 11:00:00
SHP02736,Lucknow,Chandigarh,Vizag,General Network,Lucknow_Chandigarh,Expressway,Express Van,2284,0.5,Clear,0.524,3,0.56,2000,Standard,Midday,Thursday,30.744,31.534,30.744,590.3,0,2024-07-25 11:00:00
SHP02737,Pune,Bhopal,,General Network,Pune_Bhopal,Expressway,Container,202,0.75,Clear,0.594,2,0.36,2800,Express,Morning Rush,Wednesday,4.653,5.843,4.653,129.1,0,2024-07-31 09:00:00
SHP02738,Lucknow,Bhopal,Vizag,General Network,Lucknow_Bhopal,Mixed,Mini Truck,423,0.89,Storm,0.738,5,0.51,2000,Economy,Midday,Monday,34.423,13.461,34.423,1595.4,0,2024-11-18 11:00:00
SHP02739,Indore,Kochi,Surat,General Network,Indore_Kochi,Expressway,Mini Truck,1209,0.19,Heavy Rain,0.462,0,0.87,1400,Standard,Midday,Friday,29.86,21.53,29.86,943.2,0,2024-12-20 11:00:00
SHP02740,Hyderabad,Vizag,Nagpur,General Network,Hyderabad_Vizag,Highway,Express Van,1075,0.78,Clear,0.62,3,,3800,Express,Morning Rush,Monday,18.432,17.334,18.432,404.8,0,2024-02-19 08:00:00
SHP02741,Coimbatore,Kolkata,Bhopal,General Network,Coimbatore_Kolkata,City Road,Container,115,0.4,Clear,0.464,6,0.56,900,Standard,Morning Rush,Thursday,7.995,8.695,7.995,247.8,0,2024-04-11 09:00:00
SHP02742,Lucknow,Nagpur,,General Network,Lucknow_Nagpur,City Road,Carting Vehicle,1400,0.46,Fog,0.452,2,0.44,2000,Express,Midday,Saturday,102.296,48.0,102.296,2937.8,1,2024-12-21 11:00:00
SHP02743,Bangalore,Delhi,Kolkata,General Network,Bangalore_Delhi,Highway,Express Van,380,0.73,Cloudy,0.662,6,0.56,4200,Same-Day,Evening Rush,Saturday,8.769,9.779,8.769,278.3,0,2024-08-17 21:00:00
SHP02744,Chandigarh,Mumbai,,General Network,Chandigarh_Mumbai,Rural,Express Van,1181,0.6,Heavy Rain,0.5,0,0.35,1000,Express,Evening Rush,Monday,56.54,33.886,56.54,2023.2,1,2024-04-08 18:00:00
SHP02745,Vadodara,Coimbatore,,General Network,Vadodara_Coimbatore,Mixed,Mini Truck,1329,0.55,Storm,0.486,5,0.39,750,Express,Midday,Tuesday,74.205,35.641,74.205,2975.6,1,2024-04-09 10:00:00
SHP02746,Patna,Pune,,General Network,Patna_Pune,Mixed,Mini Truck,692,0.84,Cloudy,0.836,2,0.83,1100,Standard,Morning Rush,Friday,25.065,21.114,25.065,735.0,0,2024-02-09 08:00:00
SHP02747,Kolkata,Lucknow,,General Network,Kolkata_Lucknow,Expressway,Express Van,2307,0.15,Rain,0.362,3,0.68,3200,Express,Midday,Sunday,31.941,31.951,31.941,649.5,0,2024-02-18 10:00:00
SHP02748,Pune,Vizag,,General Network,Pune_Vizag,City Road,Container,253,0.78,Storm,0.86,6,0.98,2800,Express,Afternoon,Thursday,30.641,14.721,30.641,1328.2,0,2024-12-12 17:00:00
SHP02749,Lucknow,Coimbatore,,General Network,Lucknow_Coimbatore,Expressway,Container,1702,0.99,Clear,0.694,5,0.25,2000,Economy,Afternoon,Sunday,43.249,28.524,43.249,1330.3,0,2024-06-16 14:00:00
SHP02750,Coimbatore,Mumbai,,General Network,Coimbatore_Mumbai,Highway,FTL Truck,1090,0.84,Storm,0.872,1,0.92,900,Express,Morning Rush,Friday,47.826,19.76,47.826,2052.0,0,2024-04-05 09:00:00
SHP02751,Chennai,Hyderabad,,Deccan-Southern Corridor,Chennai_Hyderabad,Rural,Container,648,0.67,Rain,0.69,4,0.72,3500,Same-Day,Morning Rush,Thursday,32.064,24.0,32.064,907.3,1,2024-11-14 07:00:00
SHP02752,Bangalore,Jaipur,,General Network,Bangalore_Jaipur,Expressway,Mini Truck,2418,0.68,Rain,0.588,5,0.45,4200,Standard,Afternoon,Sunday,62.317,39.239,62.317,2042.2,0,2024-10-20 15:00:00
SHP02753,Pune,Bhopal,Surat,General Network,Pune_Bhopal,Highway,FTL Truck,437,0.48,Fog,0.536,0,0.62,2800,Standard,Afternoon,Tuesday,12.264,8.173,12.264,408.1,0,2024-07-16 15:00:00
SHP02754,Nagpur,Pune,Kolkata,General Network,Nagpur_Pune,Rural,Carting Vehicle,1777,0.21,Fog,0.206,4,0.2,1600,Economy,Morning Rush,Monday,105.908,70.786,105.908,3195.4,0,2024-11-18 06:00:00
SHP02755,Nagpur,Patna,Lucknow,General Network,Nagpur_Patna,City Road,Express Van,1783,0.99,Rain,0.834,2,0.6,1600,Standard,Midday,Friday,112.213,58.977,112.213,4074.9,1,2024-07-26 12:00:00
SHP02756,Delhi,Nagpur,,General Network,Delhi_Nagpur,Expressway,FTL Truck,1605,0.17,,0.386,1,0.71,4800,Same-Day,Morning Rush,Monday,37.821,23.901,37.821,1255.6,1,2024-11-25 08:00:00
SHP02757,Indore,Coimbatore,,General Network,Indore_Coimbatore,Expressway,Container,408,0.88,Storm,0.924,1,0.99,1400,Standard,Afternoon,Monday,19.42,9.691,19.42,862.0,0,2024-01-22 14:00:00
SHP02758,Pune,Lucknow,,General Network,Pune_Lucknow,City Road,FTL Truck,2292,1.0,Fog,0.844,5,0.61,2800,Standard,Afternoon,Thursday,179.774,72.0,179.774,6857.3,1,2024-10-03 16:00:00
SHP02759,Pune,Kochi,Delhi,General Network,Pune_Kochi,Highway,FTL Truck,427,0.29,Cloudy,0.406,6,0.58,2800,Economy,Night,Wednesday,10.322,10.509,10.322,299.1,0,2024-06-05 22:00:00
SHP02760,Patna,Jaipur,Bhopal,General Network,Patna_Jaipur,Mixed,Carting Vehicle,1516,0.33,Heavy Rain,0.286,4,0.22,1100,Standard,Morning Rush,Tuesday,78.373,45.025,78.373,2681.0,1,2024-02-06 09:00:00
SHP02761,Bangalore,Coimbatore,,General Network,Bangalore_Coimbatore,Highway,Express Van,535,0.56,Clear,0.532,5,0.49,4200,Standard,Afternoon,Friday,10.874,12.059,10.874,303.5,0,2024-10-25 15:00:00
SHP02762,Kolkata,Nagpur,Delhi,General Network,Kolkata_Nagpur,Rural,Carting Vehicle,1209,0.39,Cloudy,0.43,0,0.49,3200,Economy,Evening Rush,Friday,58.218,51.413,58.218,1343.7,0,2024-12-20 20:00:00
SHP02763,Vadodara,Pune,,General Network,Vadodara_Pune,City Road,Carting Vehicle,1853,0.63,Clear,0.494,6,0.29,750,Same-Day,Morning Rush,Thursday,91.762,24.0,91.762,1270.3,1,2024-12-26 07:00:00
SHP02764,Surat,Hyderabad,Pune,General Network,Surat_Hyderabad,Expressway,FTL Truck,2407,0.45,Clear,0.602,5,0.83,1800,Express,Morning Rush,Wednesday,35.393,37.319,35.393,603.3,0,2024-01-31 06:00:00
SHP02765,Pune,Jaipur,,General Network,Pune_Jaipur,Highway,Mini Truck,1707,0.62,Clear,0.576,2,0.51,2800,Economy,Evening Rush,Monday,40.604,35.758,40.604,1013.8,0,2024-04-08 18:00:00
SHP02766,Chennai,Surat,,General Network,Chennai_Surat,City Road,Mini Truck,203,0.9,Rain,0.676,4,0.34,3500,Same-Day,Night,Friday,14.552,9.601,14.552,486.5,0,2024-04-12 22:00:00
SHP02767,Kochi,Mumbai,Delhi,General Network,Kochi_Mumbai,Rural,FTL Truck,1197,0.65,Storm,0.758,5,0.92,800,Same-Day,Evening Rush,Friday,77.627,24.0,77.627,3061.6,1,2024-08-16 21:00:00
SHP02768,Coimbatore,Chandigarh,,General Network,Coimbatore_Chandigarh,City Road,FTL Truck,2472,0.96,Heavy Rain,0.924,2,0.87,900,Same-Day,Night,Sunday,193.151,24.0,193.151,7351.4,1,2024-10-20 22:00:00
SHP02769,Bangalore,Indore,,General Network,Bangalore_Indore,Rural,Container,1597,0.38,Rain,0.424,6,0.49,4200,Standard,Midday,Thursday,78.798,55.661,78.798,2222.8,1,2024-04-11 10:00:00
SHP02770,Hyderabad,Lucknow,,General Network,Hyderabad_Lucknow,Mixed,Container,753,0.58,Heavy Rain,0.64,0,0.73,3800,Express,Afternoon,Monday,36.72,24.15,36.72,1317.3,0,2024-07-15 16:00:00
SHP02771,Ahmedabad,Lucknow,Hyderabad,General Network,Ahmedabad_Lucknow,City Road,Express Van,1086,0.86,Clear,0.76,0,0.61,2600,Same-Day,Midday,Thursday,39.709,24.0,39.709,763.7,1,2024-02-01 12:00:00
SHP02772,Jaipur,Bangalore,,General Network,Jaipur_Bangalore,City Road,FTL Truck,1337,0.2,Clear,0.22,3,0.25,2200,Standard,Night,Sunday,45.151,52.52,45.151,417.0,0,2024-09-01 22:00:00
SHP02773,Mumbai,Indore,,General Network,Mumbai_Indore,Rural,Carting Vehicle,626,0.9,Storm,0.928,0,0.97,5000,Express,Night,Saturday,64.943,27.715,64.943,2783.7,1,2024-11-09 22:00:00
SHP02774,Kolkata,Indore,,General Network,Kolkata_Indore,Expressway,Express Van,1941,0.17,Storm,0.25,0,0.37,3200,Economy,Evening Rush,Tuesday,50.232,25.618,50.232,1947.9,0,2024-03-26 20:00:00
SHP02775,Pune,Ahmedabad,Vizag,General Network,Pune_Ahmedabad,Mixed,FTL Truck,1268,0.5,Heavy Rain,0.672,4,0.93,2800,Standard,Morning Rush,Sunday,55.592,28.986,55.592,2067.5,0,2024-02-18 08:00:00
SHP02776,Mumbai,Surat,,General Network,Mumbai_Surat,City Road,Container,659,0.75,Cloudy,0.606,5,0.39,5000,Same-Day,Morning Rush,Thursday,35.095,24.0,35.095,776.6,1,2024-04-18 09:00:00
SHP02777,Bangalore,Patna,,General Network,Bangalore_Patna,Expressway,Express Van,2495,0.71,Storm,0.798,3,0.93,4200,Economy,Morning Rush,Tuesday,89.149,33.559,89.149,3978.7,0,2024-06-18 08:00:00
SHP02778,Chennai,Indore,Surat,General Network,Chennai_Indore,Expressway,Carting Vehicle,2113,0.32,Fog,0.292,1,0.25,3500,Economy,Morning Rush,Wednesday,62.868,43.242,62.868,1992.7,0,2024-07-24 06:00:00
SHP02779,Hyderabad,Ahmedabad,,General Network,Hyderabad_Ahmedabad,Expressway,Express Van,1658,0.82,Cloudy,0.744,2,0.63,3800,Same-Day,Morning Rush,Wednesday,25.132,22.935,25.132,597.4,1,2024-06-26 06:00:00
SHP02780,Mumbai,Indore,,General Network,Mumbai_Indore,Expressway,FTL Truck,2261,0.9,Storm,0.884,3,0.86,5000,Standard,Afternoon,Friday,91.59,32.182,91.59,4067.4,1,2024-09-06 14:00:00
SHP02781,Vadodara,Jaipur,Vizag,General Network,Vadodara_Jaipur,City Road,Carting Vehicle,1703,0.5,Rain,0.644,3,0.86,750,Same-Day,Morning Rush,Thursday,109.928,24.0,109.928,2703.1,1,2024-08-22 09:00:00
SHP02782,Bangalore,Patna,,General Network,Bangalore_Patna,Highway,Mini Truck,1933,0.75,Fog,0.738,2,0.72,4200,Express,Afternoon,Wednesday,60.44,39.791,60.44,2015.5,1,2024-05-29 17:00:00
SHP02783,Patna,Ahmedabad,Coimbatore,General Network,Patna_Ahmedabad,City Road,Container,1407,0.85,Storm,0.878,0,0.92,1100,Standard,Afternoon,Sunday,176.196,63.823,176.196,7734.1,1,2024-11-17 17:00:00
SHP02784,Vadodara,Patna,Pune,General Network,Vadodara_Patna,Highway,Container,325,0.81,,0.586,3,0.25,750,Economy,Morning Rush,Sunday,20.937,11.088,20.937,969.5,0,2024-01-14 06:00:00
SHP02785,Chennai,Lucknow,,General Network,Chennai_Lucknow,Highway,Carting Vehicle,867,0.97,Cloudy,0.85,0,0.67,3500,Economy,Afternoon,Saturday,32.043,19.994,32.043,1055.6,0,2024-07-06 16:00:00
SHP02786,Kolkata,Nagpur,,General Network,Kolkata_Nagpur,Highway,Express Van,744,0.67,Heavy Rain,0.594,2,0.48,3200,Economy,Midday,Saturday,25.992,15.03,25.992,1074.3,0,2024-05-18 12:00:00
SHP02787,Hyderabad,Vizag,,General Network,Hyderabad_Vizag,City Road,Carting Vehicle,1811,0.21,Cloudy,0.294,0,0.42,3800,Standard,Morning Rush,Thursday,88.738,72.0,88.738,1184.9,1,2024-02-01 09:00:00
SHP02788,Coimbatore,Patna,Pune,General Network,Coimbatore_Patna,Expressway,Mini Truck,220,0.96,Clear,0.796,2,0.55,900,Economy,Afternoon,Sunday,6.736,8.242,6.736,249.8,0,2024-10-20 16:00:00
SHP02789,Kolkata,Delhi,Patna,Northern-Eastern Corridor,Kolkata_Delhi,Rural,Mini Truck,1710,0.76,Storm,0.548,4,0.23,3200,Standard,Afternoon,Sunday,151.244,57.968,151.244,6541.3,1,2024-05-19 17:00:00
SHP02790,Jaipur,Vadodara,Patna,General Network,Jaipur_Vadodara,Rural,FTL Truck,780,0.82,Clear,0.828,5,0.84,2200,Standard,Afternoon,Thursday,31.166,25.149,31.166,830.0,0,2024-01-18 15:00:00
SHP02791,Hyderabad,Jaipur,Bangalore,General Network,Hyderabad_Jaipur,City Road,FTL Truck,628,0.73,Clear,0.782,2,0.86,3800,Same-Day,Evening Rush,Tuesday,25.892,24.0,25.892,476.9,1,2024-09-24 19:00:00
SHP02792,Jaipur,Pune,Coimbatore,General Network,Jaipur_Pune,Rural,FTL Truck,973,0.55,Cloudy,0.426,2,0.24,2200,Express,Midday,Wednesday,32.869,30.931,32.869,674.8,0,2024-03-27 11:00:00
SHP02793,Jaipur,Nagpur,,General Network,Jaipur_Nagpur,Mixed,Mini Truck,1710,0.54,Fog,0.496,4,0.43,2200,Express,Evening Rush,Saturday,64.482,44.051,64.482,1968.9,1,2024-09-28 20:00:00
SHP02794,Coimbatore,Vizag,Chandigarh,General Network,Coimbatore_Vizag,Highway,FTL Truck,822,0.83,Clear,0.59,2,0.23,900,Standard,Midday,Monday,17.706,15.248,17.706,445.9,0,2024-03-25 10:00:00
SHP02795,Surat,Delhi,Bhopal,General Network,Surat_Delhi,Rural,Mini Truck,1256,0.69,Rain,0.694,2,0.7,1800,Standard,Evening Rush,Wednesday,68.822,44.693,68.822,2268.6,0,2024-03-27 19:00:00
SHP02796,Surat,Lucknow,Patna,General Network,Surat_Lucknow,City Road,Carting Vehicle,628,0.69,Heavy Rain,0.678,0,0.66,1800,Express,Morning Rush,Tuesday,62.093,33.624,62.093,2290.2,1,2024-07-16 07:00:00
SHP02797,Bangalore,Delhi,Indore,General Network,Bangalore_Delhi,City Road,Express Van,278,0.34,Fog,0.312,5,0.27,4200,Economy,Afternoon,Wednesday,16.725,11.637,16.725,589.1,0,2024-01-17 16:00:00
SHP02798,Bhopal,Kolkata,,General Network,Bhopal_Kolkata,City Road,Express Van,1707,0.46,Heavy Rain,0.44,2,0.41,1200,Express,Morning Rush,Wednesday,97.255,48.0,97.255,3290.7,1,2024-02-14 08:00:00
SHP02799,Delhi,Bhopal,Chennai,General Network,Delhi_Bhopal,Rural,Carting Vehicle,378,0.88,Heavy Rain,0.824,3,0.74,4800,Express,Evening Rush,Thursday,32.909,17.971,32.909,1302.6,0,2024-03-28 20:00:00
SHP02800,Indore,Lucknow,,General Network,Indore_Lucknow,City Road,Container,1137,0.23,Cloudy,0.33,4,0.48,1400,Express,Morning Rush,Thursday,47.816,48.0,47.816,575.9,0,2024-07-18 08:00:00
SHP02801,Nagpur,Coimbatore,Pune,General Network,Nagpur_Coimbatore,City Road,Express Van,1071,0.86,Cloudy,0.884,4,0.92,1600,Same-Day,Night,Thursday,44.031,24.0,44.031,1045.3,1,2024-01-25 22:00:00
SHP02802,Chandigarh,Vizag,,General Network,Chandigarh_Vizag,City Road,Express Van,1699,,Heavy Rain,0.774,6,0.66,1000,Standard,Morning Rush,Friday,130.289,57.945,130.289,5284.7,1,2024-10-04 06:00:00
SHP02803,Nagpur,Patna,,General Network,Nagpur_Patna,Rural,FTL Truck,1573,0.14,Cloudy,0.424,3,0.85,1600,Standard,Midday,Wednesday,44.896,48.324,44.896,596.4,0,2024-01-03 10:00:00
SHP02804,Ahmedabad,Jaipur,,General Network,Ahmedabad_Jaipur,Expressway,Carting Vehicle,1290,0.71,Clear,0.574,3,0.37,2600,Same-Day,Midday,Wednesday,25.797,24.0,25.797,461.5,1,2024-10-23 11:00:00
SHP02805,Bhopal,Vizag,Lucknow,General Network,Bhopal_Vizag,Mixed,Express Van,634,0.24,Rain,0.488,5,0.86,1200,Same-Day,Midday,Wednesday,15.467,15.241,15.467,376.7,0,2024-09-18 12:00:00
SHP02806,Mumbai,Coimbatore,Ahmedabad,General Network,Mumbai_Coimbatore,City Road,Container,1789,0.85,Fog,0.786,0,0.69,5000,Standard,Morning Rush,Tuesday,152.202,72.0,152.202,5524.1,1,2024-01-16 07:00:00
SHP02807,Ahmedabad,Bhopal,Hyderabad,General Network,Ahmedabad_Bhopal,City Road,Express Van,870,0.8,Heavy Rain,0.664,1,0.46,2600,Express,Evening Rush,Thursday,59.192,29.635,59.192,2254.6,1,2024-12-26 21:00:00
SHP02808,Chennai,Nagpur,Bangalore,General Network,Chennai_Nagpur,Rural,Express Van,2461,0.15,Cloudy,0.202,4,0.28,3500,Express,Afternoon,Wednesday,55.966,48.0,55.966,504.6,1,2024-08-14 14:00:00
SHP02809,Indore,Surat,Hyderabad,General Network,Indore_Surat,Highway,Container,1417,0.46,Heavy Rain,0.604,2,0.82,1400,Standard,Evening Rush,Sunday,52.304,31.887,52.304,1888.0,0,2024-06-23 20:00:00
SHP02810,Kochi,Indore,,General Network,Kochi_Indore,Expressway,Mini Truck,444,0.16,Storm,0.392,4,0.74,800,Same-Day,Midday,Wednesday,13.533,7.766,13.533,500.4,0,2024-03-20 12:00:00
SHP02811,Chennai,Vadodara,,General Network,Chennai_Vadodara,Highway,Mini Truck,1775,0.4,Fog,0.436,0,0.49,3500,Same-Day,Evening Rush,Friday,42.248,24.0,42.248,1055.7,1,2024-02-02 18:00:00
SHP02812,Bhopal,Nagpur,,General Network,Bhopal_Nagpur,Rural,Container,1918,0.44,Fog,0.608,4,0.86,1200,Standard,Afternoon,Monday,102.94,66.976,102.94,3167.8,1,2024-05-20 15:00:00
SHP02813,Kochi,Nagpur,,General Network,Kochi_Nagpur,Highway,Mini Truck,1120,0.7,Rain,0.736,1,0.79,800,Express,Evening Rush,Tuesday,31.745,21.701,31.745,971.3,0,2024-08-27 21:00:00
SHP02814,Jaipur,Hyderabad,,General Network,Jaipur_Hyderabad,City Road,Carting Vehicle,558,0.71,Cloudy,0.546,5,0.3,2200,Standard,Morning Rush,Sunday,39.29,30.687,39.29,1082.0,0,2024-12-08 06:00:00
SHP02815,Jaipur,Chandigarh,Nagpur,General Network,Jaipur_Chandigarh,City Road,Express Van,1610,0.19,Clear,0.406,4,,2200,Economy,Morning Rush,Friday,53.954,53.941,53.954,837.2,0,2024-08-30 09:00:00
SHP02816,Pune,Nagpur,,General Network,Pune_Nagpur,Highway,Mini Truck,1301,0.76,Cloudy,0.852,5,0.99,2800,Same-Day,Morning Rush,Tuesday,29.241,24.0,29.241,670.3,1,2024-12-10 08:00:00
SHP02817,Indore,Ahmedabad,,General Network,Indore_Ahmedabad,City Road,Mini Truck,1159,0.67,Rain,0.706,6,0.76,1400,Same-Day,Evening Rush,Sunday,69.114,24.0,69.114,1939.2,1,2024-02-25 21:00:00
SHP02818,Vizag,Vadodara,Chennai,General Network,Vizag_Vadodara,City Road,FTL Truck,1144,0.46,Storm,0.528,4,0.63,850,Express,Afternoon,Thursday,92.953,44.186,92.953,3616.0,1,2024-09-19 15:00:00
SHP02819,Vizag,Bhopal,Pune,General Network,Vizag_Bhopal,Mixed,Container,1840,0.7,Storm,0.664,0,0.61,850,Standard,Evening Rush,Tuesday,124.192,49.112,124.192,5286.8,1,2024-05-07 19:00:00
SHP02820,Pune,Vizag,,General Network,Pune_Vizag,Expressway,Mini Truck,441,0.52,Clear,0.484,3,0.43,2800,Express,Midday,Friday,7.892,8.98,7.892,164.1,0,2024-05-03 13:00:00
SHP02821,Mumbai,Coimbatore,,General Network,Mumbai_Coimbatore,City Road,FTL Truck,122,0.21,Heavy Rain,0.43,3,0.76,5000,Economy,Evening Rush,Sunday,10.271,5.844,10.271,407.1,0,2024-02-25 20:00:00
SHP02822,Vadodara,Lucknow,Pune,General Network,Vadodara_Lucknow,Highway,Container,1853,0.79,Storm,0.598,4,0.31,750,Economy,Evening Rush,Thursday,112.139,37.516,112.139,5093.3,0,2024-10-10 19:00:00
SHP02823,Bangalore,Hyderabad,Kolkata,General Network,Bangalore_Hyderabad,Expressway,Express Van,1167,0.77,Heavy Rain,0.842,3,0.95,4200,Economy,Afternoon,Friday,36.784,18.169,36.784,1566.1,0,2024-11-22 17:00:00
SHP02824,Patna,Surat,Bhopal,General Network,Patna_Surat,Rural,Mini Truck,1072,0.85,Clear,0.73,2,0.55,1100,Same-Day,Evening Rush,Friday,39.33,24.0,39.33,771.6,1,2024-04-26 20:00:00
SHP02825,Chandigarh,Surat,,General Network,Chandigarh_Surat,Rural,Mini Truck,1290,0.84,Rain,0.788,4,0.71,1000,Economy,Evening Rush,Wednesday,85.166,43.818,85.166,3198.8,0,2024-04-10 19:00:00
SHP02826,Delhi,Ahmedabad,,General Network,Delhi_Ahmedabad,Mixed,Carting Vehicle,567,0.56,Rain,0.584,1,0.62,4800,Same-Day,Midday,Thursday,22.56,19.09,22.56,597.6,0,2024-09-19 12:00:00
SHP02827,Lucknow,Pune,Surat,General Network,Lucknow_Pune,Rural,Container,2015,0.62,Fog,0.732,3,0.9,2000,Same-Day,Midday,Saturday,102.504,24.0,102.504,2989.5,1,2024-03-16 10:00:00
SHP02828,Ahmedabad,Coimbatore,,General Network,Ahmedabad_Coimbatore,Expressway,Mini Truck,1977,0.26,Cloudy,0.396,0,0.6,2600,Economy,Afternoon,Friday,34.779,34.505,34.779,699.4,0,2024-11-22 16:00:00
SHP02829,Surat,Indore,,General Network,Surat_Indore,City Road,Express Van,2254,0.83,Fog,0.714,4,0.54,1800,Same-Day,Evening Rush,Thursday,120.867,24.0,120.867,3892.0,1,2024-02-01 20:00:00
SHP02830,Coimbatore,Surat,,General Network,Coimbatore_Surat,Rural,FTL Truck,1319,0.5,Storm,0.444,6,0.36,900,Same-Day,Midday,Tuesday,78.762,24.0,78.762,2967.1,1,2024-05-14 11:00:00
SHP02831,Nagpur,Jaipur,,General Network,Nagpur_Jaipur,Rural,Container,1364,0.46,Storm,0.624,1,0.87,1600,Standard,Midday,Monday,108.873,47.449,108.873,4392.8,1,2024-07-08 11:00:00
SHP02832,Chandigarh,Patna,Mumbai,General Network,Chandigarh_Patna,Highway,Express Van,1031,0.93,Cloudy,0.774,6,0.54,1000,Same-Day,Evening Rush,Wednesday,21.909,18.204,21.909,642.2,0,2024-08-14 21:00:00
SHP02833,Kochi,Mumbai,,General Network,Kochi_Mumbai,Expressway,FTL Truck,788,0.66,Storm,0.568,3,0.43,800,Same-Day,Morning Rush,Monday,25.501,12.871,25.501,1032.4,1,2024-12-30 08:00:00
SHP02834,Coimbatore,Hyderabad,,General Network,Coimbatore_Hyderabad,Mixed,FTL Truck,981,0.63,Cloudy,0.722,0,0.86,900,Express,Morning Rush,Tuesday,25.76,25.008,25.76,564.6,0,2024-01-23 08:00:00
SHP02835,Bangalore,Surat,,General Network,Bangalore_Surat,Expressway,Carting Vehicle,1616,0.66,Rain,0.492,2,0.24,4200,Economy,Afternoon,Tuesday,55.211,31.495,55.211,1951.8,0,2024-09-10 17:00:00
SHP02836,Lucknow,Nagpur,Delhi,General Network,Lucknow_Nagpur,Expressway,Express Van,958,0.22,Fog,0.336,1,0.51,2000,Same-Day,Evening Rush,Thursday,14.655,14.632,14.655,353.2,0,2024-06-06 19:00:00
SHP02837,Pune,Surat,Jaipur,General Network,Pune_Surat,Mixed,Container,588,0.22,Cloudy,0.24,0,0.27,2800,Standard,Morning Rush,Tuesday,15.189,19.419,15.189,219.6,0,2024-05-14 07:00:00
SHP02838,Lucknow,Chennai,,General Network,Lucknow_Chennai,Expressway,Carting Vehicle,1077,0.28,Storm,0.476,5,0.77,2000,Economy,Morning Rush,Tuesday,47.393,23.988,47.393,1936.6,0,2024-08-20 09:00:00
SHP02839,Hyderabad,Chennai,Bangalore,Deccan-Southern Corridor,Hyderabad_Chennai,Mixed,Mini Truck,887,0.7,Cloudy,0.784,5,0.91,3800,Standard,Night,Friday,29.802,26.319,29.802,802.6,0,2024-12-06 22:00:00
SHP02840,Mumbai,Kochi,,General Network,Mumbai_Kochi,Highway,Container,2044,0.6,Cloudy,0.724,4,0.91,5000,Express,Evening Rush,Monday,47.277,43.437,47.277,1033.1,0,2024-07-01 20:00:00
SHP02841,Surat,Ahmedabad,Mumbai,General Network,Surat_Ahmedabad,Rural,Express Van,877,0.69,Heavy Rain,0.782,4,0.92,1800,Same-Day,Evening Rush,Wednesday,42.444,24.0,42.444,1529.8,1,2024-10-16 18:00:00
SHP02842,Kolkata,Jaipur,,General Network,Kolkata_Jaipur,Mixed,Container,1532,0.23,Storm,0.29,3,0.38,3200,Same-Day,Morning Rush,Sunday,67.146,24.0,67.146,2226.4,1,2024-11-03 06:00:00
SHP02843,Vadodara,Nagpur,,General Network,Vadodara_Nagpur,Expressway,Container,448,0.32,Cloudy,0.38,4,0.47,750,Economy,Evening Rush,Thursday,10.447,10.291,10.447,294.0,0,2024-08-15 18:00:00
SHP02844,Surat,Pune,,General Network,Surat_Pune,Rural,Carting Vehicle,2253,0.72,Fog,0.696,3,0.66,1800,Standard,Afternoon,Thursday,159.576,72.0,159.576,5569.2,1,2024-07-04 17:00:00
SHP02845,Kolkata,Mumbai,Jaipur,General Network,Kolkata_Mumbai,Highway,Express Van,2354,0.71,Clear,0.602,2,0.44,3200,Standard,Evening Rush,Thursday,41.0,34.682,41.0,924.8,0,2024-12-19 20:00:00
SHP02846,Hyderabad,Pune,,General Network,Hyderabad_Pune,Highway,Mini Truck,1506,0.4,Storm,0.516,1,0.69,3800,Economy,Midday,Saturday,69.267,31.944,69.267,2901.0,0,2024-09-28 13:00:00
SHP02847,Mumbai,Ahmedabad,,Gujarat-Maharashtra Corridor,Mumbai_Ahmedabad,City Road,FTL Truck,649,,Clear,0.602,3,0.38,5000,Same-Day,Afternoon,Friday,27.009,24.0,27.009,508.0,1,2024-03-29 16:00:00
SHP02848,Patna,Surat,,General Network,Patna_Surat,Rural,Mini Truck,2140,0.29,Clear,0.27,0,0.24,1100,Express,Midday,Thursday,60.639,48.0,60.639,468.0,1,2024-04-18 12:00:00
SHP02849,Kolkata,Pune,,General Network,Kolkata_Pune,Rural,Mini Truck,800,0.49,Clear,0.642,4,0.87,3200,Economy,Afternoon,Tuesday,33.425,27.511,33.425,820.3,0,2024-06-04 17:00:00
SHP02850,Nagpur,Kochi,,General Network,Nagpur_Kochi,City Road,Mini Truck,2465,0.94,Storm,0.772,0,0.52,1600,Same-Day,Afternoon,Wednesday,257.083,24.0,257.083,10729.8,1,2024-01-17 15:00:00
SHP02851,Bangalore,Surat,,General Network,Bangalore_Surat,Expressway,Mini Truck,2366,0.48,Rain,0.432,3,0.36,4200,Express,Evening Rush,Saturday,50.48,39.148,50.48,1368.4,1,2024-06-08 21:00:00
SHP02852,Kochi,Nagpur,,General Network,Kochi_Nagpur,Rural,Mini Truck,1769,0.75,Storm,0.634,4,0.46,800,Economy,Evening Rush,Thursday,174.728,59.639,174.728,7863.0,1,2024-10-24 19:00:00
SHP02853,Surat,Bangalore,,General Network,Surat_Bangalore,Highway,Express Van,1463,0.65,Rain,0.75,6,0.9,1800,Standard,Evening Rush,Friday,36.618,23.184,36.618,1242.9,0,2024-11-08 21:00:00
SHP02854,Delhi,Kochi,Surat,General Network,Delhi_Kochi,Highway,Mini Truck,1690,0.86,Rain,0.816,5,0.75,4800,Economy,Afternoon,Sunday,64.622,34.829,64.622,2469.0,0,2024-09-15 17:00:00
SHP02855,Chennai,Patna,Surat,General Network,Chennai_Patna,City Road,FTL Truck,233,0.87,Heavy Rain,0.802,1,0.7,3500,Same-Day,Morning Rush,Wednesday,18.222,12.756,18.222,693.9,0,2024-04-24 06:00:00
SHP02856,Jaipur,Bhopal,,General Network,Jaipur_Bhopal,City Road,Carting Vehicle,1314,0.39,Heavy Rain,0.546,6,0.78,2200,Economy,Afternoon,Friday,135.457,67.959,135.457,5124.0,1,2024-02-16 16:00:00
SHP02857,Hyderabad,Nagpur,,General Network,Hyderabad_Nagpur,Rural,Container,1030,0.38,Rain,0.596,6,0.92,3800,Express,Morning Rush,Sunday,48.015,38.418,48.015,1265.2,1,2024-11-10 08:00:00
SHP02858,Nagpur,Ahmedabad,,General Network,Nagpur_Ahmedabad,Rural,Carting Vehicle,1402,0.22,Storm,0.44,5,0.77,1600,Same-Day,Morning Rush,Saturday,92.757,24.0,92.757,3073.0,1,2024-02-03 08:00:00
SHP02859,Lucknow,Vadodara,,General Network,Lucknow_Vadodara,Expressway,FTL Truck,1071,0.17,Cloudy,0.466,3,0.91,2000,Standard,Afternoon,Sunday,15.087,19.373,15.087,228.8,0,2024-01-28 16:00:00
SHP02860,Lucknow,Nagpur,Surat,General Network,Lucknow_Nagpur,Mixed,Container,333,0.69,Heavy Rain,0.782,2,0.92,2000,Standard,Midday,Monday,19.815,11.451,19.815,797.1,0,2024-09-23 12:00:00
SHP02861,Nagpur,Jaipur,Indore,General Network,Nagpur_Jaipur,City Road,Express Van,479,0.25,Clear,0.446,2,0.74,1600,Standard,Evening Rush,Monday,15.877,18.752,15.877,238.6,0,2024-08-26 20:00:00
SHP02862,Delhi,Indore,,General Network,Delhi_Indore,Rural,FTL Truck,1622,0.65,Clear,0.654,3,0.66,4800,Same-Day,Evening Rush,Wednesday,48.748,24.0,48.748,762.2,1,2024-08-14 18:00:00
SHP02863,Mumbai,Bhopal,,General Network,Mumbai_Bhopal,Highway,Container,501,0.35,Storm,0.358,2,0.37,5000,Economy,Afternoon,Sunday,24.541,13.969,24.541,1030.4,0,2024-06-09 17:00:00
SHP02864,Nagpur,Kochi,,General Network,Nagpur_Kochi,City Road,FTL Truck,626,0.72,Heavy Rain,0.7,6,0.67,1600,Economy,Evening Rush,Wednesday,59.518,24.693,59.518,2497.9,0,2024-07-10 18:00:00
SHP02865,Jaipur,Mumbai,,General Network,Jaipur_Mumbai,Expressway,Mini Truck,1024,0.48,Clear,0.376,1,0.22,2200,Express,Evening Rush,Saturday,16.362,20.042,16.362,263.1,0,2024-07-06 18:00:00
SHP02866,Surat,Coimbatore,,General Network,Surat_Coimbatore,City Road,Container,1825,0.34,Storm,0.348,2,0.36,1800,Same-Day,Afternoon,Saturday,146.82,24.0,146.82,5128.5,1,2024-12-21 14:00:00
SHP02867,Bangalore,Jaipur,,General Network,Bangalore_Jaipur,Mixed,Container,2197,0.55,Storm,0.41,4,0.2,4200,Economy,Midday,Sunday,154.916,57.482,154.916,6710.2,1,2024-04-28 13:00:00
SHP02868,Vadodara,Surat,,General Network,Vadodara_Surat,City Road,FTL Truck,1891,0.34,Cloudy,0.336,0,0.33,750,Express,Evening Rush,Friday,69.646,48.0,69.646,937.0,1,2024-03-15 21:00:00
SHP02869,Vadodara,Bhopal,Vizag,General Network,Vadodara_Bhopal,City Road,Container,372,0.68,Cloudy,0.756,5,0.87,750,Economy,Morning Rush,Tuesday,26.335,21.008,26.335,829.8,0,2024-04-02 07:00:00
SHP02870,Lucknow,Ahmedabad,,General Network,Lucknow_Ahmedabad,Rural,Container,1797,0.8,Clear,0.808,0,0.82,2000,Economy,Afternoon,Thursday,86.531,65.287,86.531,2373.0,0,2024-01-18 15:00:00
SHP02871,Surat,Vadodara,Coimbatore,General Network,Surat_Vadodara,Highway,Container,510,0.37,Clear,0.346,6,0.31,1800,Express,Morning Rush,Wednesday,10.551,14.535,10.551,183.1,0,2024-04-24 09:00:00
SHP02872,Jaipur,Pune,Bhopal,General Network,Jaipur_Pune,Rural,FTL Truck,2440,0.86,Clear,0.832,3,0.79,2200,Express,Midday,Wednesday,85.721,48.0,85.721,1890.0,1,2024-04-24 13:00:00
SHP02873,Coimbatore,Chennai,Bhopal,General Network,Coimbatore_Chennai,City Road,Carting Vehicle,757,0.14,Heavy Rain,0.364,2,0.7,900,Express,Midday,Thursday,54.627,42.487,54.627,1547.3,1,2024-07-25 11:00:00
SHP02874,Patna,Mumbai,,General Network,Patna_Mumbai,Highway,FTL Truck,640,0.56,Heavy Rain,0.72,6,0.96,1100,Express,Afternoon,Friday,21.433,14.026,21.433,806.0,0,2024-08-09 15:00:00
SHP02875,Surat,Pune,Hyderabad,General Network,Surat_Pune,Expressway,FTL Truck,1444,0.78,Cloudy,0.628,5,0.4,1800,Express,Afternoon,Friday,27.185,23.183,27.185,719.1,0,2024-10-04 16:00:00
SHP02876,Kochi,Bangalore,Lucknow,General Network,Kochi_Bangalore,Mixed,Express Van,1256,0.34,Rain,0.576,4,0.93,800,Same-Day,Morning Rush,Saturday,29.903,24.0,29.903,702.0,1,2024-03-16 07:00:00
SHP02877,Lucknow,Hyderabad,Bangalore,General Network,Lucknow_Hyderabad,Highway,Mini Truck,1180,0.31,,0.35,0,0.41,2000,Same-Day,Evening Rush,Thursday,31.776,24.0,31.776,923.2,1,2024-07-04 21:00:00
SHP02878,Lucknow,Nagpur,,General Network,Lucknow_Nagpur,City Road,Container,1712,0.78,Rain,0.72,6,0.63,2000,Express,Midday,Friday,123.355,48.0,123.355,3948.5,1,2024-11-08 13:00:00
SHP02879,Jaipur,Ahmedabad,,General Network,Jaipur_Ahmedabad,Highway,Carting Vehicle,1023,0.17,Heavy Rain,0.482,0,0.95,2200,Same-Day,Evening Rush,Friday,30.463,24.0,30.463,804.8,1,2024-04-19 21:00:00
SHP02880,Hyderabad,Chandigarh,Kolkata,General Network,Hyderabad_Chandigarh,Highway,Carting Vehicle,99,0.25,Rain,0.266,2,0.29,3800,Same-Day,Midday,Tuesday,3.61,4.245,3.61,117.6,0,2024-02-20 11:00:00
SHP02881,Kolkata,Jaipur,,General Network,Kolkata_Jaipur,Expressway,Mini Truck,1508,0.37,Cloudy,0.326,3,0.26,3200,Standard,Evening Rush,Tuesday,26.359,24.873,26.359,523.3,0,2024-04-30 21:00:00
SHP02882,Pune,Jaipur,,General Network,Pune_Jaipur,Rural,FTL Truck,1987,0.58,Cloudy,0.72,1,0.93,2800,Standard,Evening Rush,Monday,72.218,61.972,72.218,1683.8,1,2024-04-01 19:00:00
SHP02883,Kolkata,Bangalore,Hyderabad,General Network,Kolkata_Bangalore,Mixed,Express Van,2245,0.89,Fog,0.846,4,0.78,3200,Same-Day,Night,Saturday,73.433,24.0,73.433,2453.8,1,2024-02-17 22:00:00
SHP02884,Vadodara,Jaipur,Surat,General Network,Vadodara_Jaipur,City Road,Mini Truck,1256,0.84,Fog,0.812,1,0.77,750,Standard,Afternoon,Friday,100.487,53.856,100.487,3636.8,1,2024-04-12 16:00:00
SHP02885,Pune,Ahmedabad,,General Network,Pune_Ahmedabad,Rural,FTL Truck,148,0.79,Fog,0.698,5,0.56,2800,Economy,Afternoon,Saturday,10.232,6.017,10.232,416.6,0,2024-03-16 14:00:00
SHP02886,Delhi,Mumbai,,Western Corridor,Delhi_Mumbai,Mixed,Mini Truck,645,0.3,Storm,0.38,1,0.5,4800,Standard,Evening Rush,Friday,32.945,18.591,32.945,1260.0,0,2024-12-06 21:00:00
SHP02887,Kolkata,Surat,Nagpur,General Network,Kolkata_Surat,Rural,Container,639,0.76,Heavy Rain,0.832,0,0.94,3200,Express,Morning Rush,Friday,44.565,26.487,44.565,1671.5,0,2024-08-09 08:00:00
SHP02888,Chennai,Vadodara,Kochi,General Network,Chennai_Vadodara,Mixed,Mini Truck,1565,0.79,Storm,0.874,2,1.0,3500,Express,Morning Rush,Sunday,97.686,40.958,97.686,4122.3,1,2024-11-17 08:00:00
SHP02889,Pune,Bangalore,,General Network,Pune_Bangalore,Highway,Mini Truck,1763,0.56,Fog,0.532,3,0.49,2800,Economy,Afternoon,Tuesday,61.499,33.043,61.499,2220.7,0,2024-05-21 15:00:00
SHP02890,Hyderabad,Chandigarh,Patna,General Network,Hyderabad_Chandigarh,Expressway,FTL Truck,1681,0.7,Heavy Rain,0.54,0,,3800,Standard,Morning Rush,Thursday,50.209,24.372,50.209,1950.8,0,2024-01-18 06:00:00
SHP02891,Vizag,Nagpur,,General Network,Vizag_Nagpur,Expressway,Container,1084,0.8,Rain,0.876,5,0.99,850,Express,Afternoon,Friday,31.59,18.816,31.59,1090.0,0,2024-12-20 14:00:00
SHP02892,Nagpur,Vizag,Chennai,General Network,Nagpur_Vizag,Highway,FTL Truck,432,0.93,Heavy Rain,0.674,4,0.29,1600,Express,Midday,Friday,16.751,11.949,16.751,681.1,0,2024-08-30 10:00:00
SHP02893,Bangalore,Kolkata,,General Network,Bangalore_Kolkata,Mixed,Carting Vehicle,735,0.96,Storm,0.888,0,0.78,4200,Standard,Midday,Thursday,64.072,24.051,64.072,2864.3,0,2024-05-30 11:00:00
SHP02894,Kolkata,Hyderabad,Delhi,General Network,Kolkata_Hyderabad,Mixed,Express Van,1252,0.86,Cloudy,0.852,2,0.84,3200,Same-Day,Afternoon,Saturday,30.589,24.0,30.589,746.7,1,2024-02-17 15:00:00
SHP02895,Pune,Bhopal,Vizag,General Network,Pune_Bhopal,Rural,Express Van,748,0.24,Cloudy,0.524,3,0.95,2800,Same-Day,Evening Rush,Monday,17.575,20.46,17.575,187.2,0,2024-12-23 21:00:00
SHP02896,Lucknow,Chandigarh,Hyderabad,General Network,Lucknow_Chandigarh,Mixed,Express Van,682,1.0,Clear,0.788,1,0.47,2000,Same-Day,Evening Rush,Friday,16.241,14.022,16.241,381.4,0,2024-11-01 19:00:00
SHP02897,Nagpur,Lucknow,Delhi,General Network,Nagpur_Lucknow,Mixed,Mini Truck,1712,0.34,Heavy Rain,0.44,4,0.59,1600,Standard,Morning Rush,Tuesday,74.948,44.704,74.948,2594.7,1,2024-04-23 08:00:00
SHP02898,Chennai,Indore,Bhopal,General Network,Chennai_Indore,Expressway,Container,512,0.64,Rain,0.524,0,0.35,3500,Express,Afternoon,Wednesday,12.325,10.363,12.325,359.0,0,2024-04-03 14:00:00
SHP02899,Mumbai,Lucknow,,General Network,Mumbai_Lucknow,City Road,Container,1818,0.98,Storm,0.688,4,,5000,Economy,Night,Saturday,269.802,83.435,269.802,12521.5,1,2024-06-29 22:00:00
SHP02900,Ahmedabad,Patna,,General Network,Ahmedabad_Patna,Rural,Container,2468,0.5,Rain,0.624,3,0.81,2600,Same-Day,Afternoon,Thursday,110.138,24.0,110.138,2736.9,1,2024-06-27 15:00:00
SHP02901,Kochi,Delhi,,General Network,Kochi_Delhi,Rural,Container,2205,0.25,Cloudy,0.382,3,0.58,800,Economy,Night,Monday,86.803,79.168,86.803,1749.4,0,2024-08-19 22:00:00
SHP02902,Bhopal,Coimbatore,Chennai,General Network,Bhopal_Coimbatore,City Road,FTL Truck,137,0.78,Rain,0.584,4,0.29,1200,Express,Afternoon,Thursday,10.206,8.178,10.206,377.5,0,2024-10-31 14:00:00
SHP02903,Vadodara,Ahmedabad,,General Network,Vadodara_Ahmedabad,City Road,Mini Truck,741,0.16,Rain,0.404,4,0.77,750,Economy,Afternoon,Saturday,43.411,31.615,43.411,1193.2,0,2024-03-16 17:00:00
SHP02904,Indore,Pune,Surat,General Network,Indore_Pune,Rural,Express Van,823,0.51,Clear,0.502,6,0.49,1400,Economy,Morning Rush,Monday,27.622,21.98,27.622,703.1,0,2024-12-16 06:00:00
SHP02905,Bhopal,Jaipur,Kochi,General Network,Bhopal_Jaipur,Highway,Carting Vehicle,1267,0.74,Fog,0.792,5,0.87,1200,Economy,Midday,Thursday,58.715,28.509,58.715,2255.9,0,2024-10-17 13:00:00
SHP02906,Kochi,Jaipur,,General Network,Kochi_Jaipur,Highway,Mini Truck,1128,0.17,Clear,0.242,0,0.35,800,Standard,Evening Rush,Monday,18.149,23.483,18.149,149.0,0,2024-07-29 20:00:00
SHP02907,Vizag,Patna,,General Network,Vizag_Patna,Expressway,Mini Truck,2428,0.29,Storm,0.458,3,0.71,850,Express,Morning Rush,Tuesday,72.293,38.106,72.293,2633.7,1,2024-01-23 06:00:00
SHP02908,Vadodara,Patna,,General Network,Vadodara_Patna,Expressway,FTL Truck,2196,0.63,Rain,0.606,0,0.57,750,Standard,Evening Rush,Monday,49.335,33.807,49.335,1573.2,0,2024-07-22 18:00:00
SHP02909,Bangalore,Kochi,,General Network,Bangalore_Kochi,Highway,FTL Truck,1940,0.57,Heavy Rain,0.53,1,0.47,4200,Standard,Midday,Tuesday,64.054,33.124,64.054,2388.2,0,2024-03-12 10:00:00
SHP02910,Kolkata,Bhopal,Patna,General Network,Kolkata_Bhopal,Mixed,Express Van,427,0.19,Cloudy,0.434,0,0.8,3200,Standard,Morning Rush,Friday,8.833,11.31,8.833,158.7,0,2024-05-17 09:00:00
SHP02911,Patna,Bhopal,,General Network,Patna_Bhopal,Mixed,FTL Truck,1333,0.14,Fog,0.476,2,0.98,1100,Economy,Midday,Sunday,43.284,33.225,43.284,1264.0,0,2024-10-13 10:00:00
SHP02912,Nagpur,Chennai,Kolkata,General Network,Nagpur_Chennai,Mixed,Carting Vehicle,2196,0.92,Heavy Rain,0.924,2,0.93,1600,Same-Day,Evening Rush,Friday,130.804,24.0,130.804,4920.3,1,2024-02-02 21:00:00
SHP02913,Surat,Jaipur,,General Network,Surat_Jaipur,Rural,Express Van,1218,0.39,Fog,0.626,5,0.98,1800,Economy,Afternoon,Saturday,54.031,32.165,54.031,1829.7,0,2024-06-15 14:00:00
SHP02914,Delhi,Nagpur,,General Network,Delhi_Nagpur,Expressway,FTL Truck,1119,0.98,Rain,0.724,1,0.34,4800,Same-Day,Morning Rush,Friday,25.497,17.812,25.497,823.1,1,2024-04-26 09:00:00
SHP02915,Surat,Lucknow,,General Network,Surat_Lucknow,Mixed,FTL Truck,98,0.86,Heavy Rain,0.904,1,0.97,1800,Economy,Morning Rush,Tuesday,6.482,3.644,6.482,290.9,0,2024-04-30 09:00:00
SHP02916,Bhopal,Chandigarh,,General Network,Bhopal_Chandigarh,Expressway,Express Van,2201,0.38,Storm,0.592,1,0.91,1200,Economy,Morning Rush,Thursday,66.527,27.972,66.527,2782.8,0,2024-02-01 07:00:00
SHP02917,Lucknow,Patna,,General Network,Lucknow_Patna,City Road,Mini Truck,1880,0.45,Clear,0.494,6,0.56,2000,Economy,Afternoon,Saturday,93.722,81.022,93.722,2042.4,0,2024-08-10 15:00:00
SHP02918,Vadodara,Bangalore,,General Network,Vadodara_Bangalore,Highway,FTL Truck,1438,0.99,Rain,0.77,4,0.44,750,Economy,Afternoon,Wednesday,53.582,26.919,53.582,2136.4,0,2024-05-15 15:00:00
SHP02919,Nagpur,Chandigarh,,General Network,Nagpur_Chandigarh,Expressway,Carting Vehicle,557,0.72,Storm,0.8,3,0.92,1600,Standard,Night,Saturday,28.1,13.705,28.1,1217.0,0,2024-03-30 22:00:00
SHP02920,Patna,Pune,,General Network,Patna_Pune,City Road,Mini Truck,2308,0.48,Cloudy,0.472,6,0.46,1100,Economy,Afternoon,Thursday,127.108,97.471,127.108,3230.3,1,2024-10-31 15:00:00
SHP02921,Lucknow,Nagpur,Pune,General Network,Lucknow_Nagpur,Rural,Carting Vehicle,722,0.9,Storm,0.628,0,0.22,2000,Standard,Afternoon,Tuesday,80.676,32.38,80.676,3557.0,1,2024-10-15 15:00:00
SHP02922,Vizag,Kochi,,General Network,Vizag_Kochi,City Road,Carting Vehicle,1095,0.38,Cloudy,0.616,5,0.97,850,Express,Night,Friday,57.716,48.0,57.716,960.1,1,2024-03-08 22:00:00
SHP02923,Bhopal,Nagpur,Bangalore,General Network,Bhopal_Nagpur,Expressway,Express Van,115,0.64,Storm,0.668,5,0.71,1200,Same-Day,Evening Rush,Monday,6.231,5.606,6.231,310.7,0,2024-08-26 18:00:00
SHP02924,Nagpur,Chandigarh,Jaipur,General Network,Nagpur_Chandigarh,Expressway,Express Van,1571,0.89,Clear,0.65,0,,1600,Standard,Afternoon,Monday,24.875,20.309,24.875,629.7,0,2024-02-05 17:00:00
SHP02925,Kolkata,Kochi,Chandigarh,General Network,Kolkata_Kochi,Highway,Container,1465,0.52,Clear,0.624,3,0.78,3200,Same-Day,Morning Rush,Friday,27.61,24.0,27.61,364.0,1,2024-07-05 06:00:00
SHP02926,Vadodara,Hyderabad,Chandigarh,General Network,Vadodara_Hyderabad,Highway,FTL Truck,461,0.69,,0.686,6,0.68,750,Standard,Morning Rush,Tuesday,14.897,9.55,14.897,548.0,0,2024-04-23 06:00:00
SHP02927,Chandigarh,Ahmedabad,,General Network,Chandigarh_Ahmedabad,City Road,Express Van,1811,0.46,Clear,0.448,3,0.43,1000,Economy,Evening Rush,Monday,69.802,62.946,69.802,1488.5,0,2024-03-25 18:00:00
SHP02928,Bhopal,Ahmedabad,Kolkata,General Network,Bhopal_Ahmedabad,Highway,Carting Vehicle,1054,0.17,Clear,0.202,2,0.25,1200,Same-Day,Afternoon,Saturday,17.865,24.0,17.865,17.9,0,2024-02-10 14:00:00
SHP02929,Bhopal,Lucknow,,General Network,Bhopal_Lucknow,City Road,FTL Truck,1157,0.81,Fog,0.782,6,0.74,1200,Express,Morning Rush,Monday,78.712,47.309,78.712,2739.3,1,2024-09-16 08:00:00
SHP02930,Lucknow,Hyderabad,,General Network,Lucknow_Hyderabad,Mixed,Express Van,2039,0.88,Storm,0.72,2,0.48,2000,Same-Day,Midday,Friday,95.793,24.0,95.793,3974.5,1,2024-06-21 10:00:00
SHP02931,Kochi,Chandigarh,Mumbai,General Network,Kochi_Chandigarh,City Road,Express Van,2393,0.84,Storm,0.732,4,0.57,800,Same-Day,Afternoon,Sunday,187.814,24.0,187.814,7701.6,1,2024-01-14 14:00:00
SHP02932,Mumbai,Hyderabad,,General Network,Mumbai_Hyderabad,Rural,FTL Truck,1937,0.2,Storm,0.464,3,0.86,5000,Economy,Morning Rush,Thursday,124.33,57.793,124.33,4877.1,1,2024-11-28 07:00:00
SHP02933,Patna,Kochi,,General Network,Patna_Kochi,Expressway,Mini Truck,1086,0.64,Heavy Rain,0.736,1,0.88,1100,Express,Midday,Monday,33.272,17.642,33.272,1234.2,0,2024-12-09 10:00:00
SHP02934,Nagpur,Pune,,General Network,Nagpur_Pune,Mixed,Express Van,2089,0.46,Rain,0.42,6,0.36,1600,Express,Night,Thursday,54.965,40.99,54.965,1481.4,1,2024-07-04 22:00:00
SHP02935,Chandigarh,Delhi,Nagpur,General Network,Chandigarh_Delhi,Highway,FTL Truck,1066,0.16,Cloudy,0.288,3,0.48,1000,Standard,Morning Rush,Sunday,17.953,20.575,17.953,277.7,0,2024-03-31 09:00:00
SHP02936,Bhopal,Vadodara,,General Network,Bhopal_Vadodara,Rural,Container,1958,0.55,Rain,0.586,0,0.64,1200,Express,Afternoon,Saturday,96.066,48.0,96.066,2692.6,1,2024-04-20 17:00:00
SHP02937,Coimbatore,Vadodara,,General Network,Coimbatore_Vadodara,Highway,Express Van,1461,0.58,Clear,0.676,1,0.82,900,Same-Day,Midday,Tuesday,21.237,22.767,21.237,321.4,0,2024-12-10 12:00:00
SHP02938,Bhopal,Bangalore,Patna,General Network,Bhopal_Bangalore,City Road,Container,2063,0.48,Clear,0.54,5,0.63,1200,Express,Morning Rush,Tuesday,90.777,48.0,90.777,1285.9,1,2024-06-18 09:00:00
SHP02939,Patna,Hyderabad,Chandigarh,General Network,Patna_Hyderabad,Highway,Express Van,513,0.13,Storm,0.282,4,0.51,1100,Economy,Afternoon,Wednesday,18.178,10.321,18.178,756.1,0,2024-10-16 14:00:00
SHP02940,Lucknow,Vadodara,,General Network,Lucknow_Vadodara,City Road,FTL Truck,2319,0.18,Cloudy,0.312,5,0.51,2000,Standard,Morning Rush,Tuesday,85.011,72.0,85.011,1125.2,1,2024-03-05 09:00:00
SHP02941,Indore,Mumbai,,General Network,Indore_Mumbai,City Road,Carting Vehicle,2352,,Heavy Rain,0.386,0,0.5,1400,Express,Midday,Saturday,185.326,48.0,185.326,5743.6,1,2024-02-17 12:00:00
SHP02942,Delhi,Chandigarh,,General Network,Delhi_Chandigarh,City Road,FTL Truck,1413,0.68,Fog,0.58,2,0.43,4800,Economy,Afternoon,Sunday,105.627,53.601,105.627,3915.4,0,2024-08-25 15:00:00
SHP02943,Patna,Coimbatore,,General Network,Patna_Coimbatore,Expressway,Express Van,1504,0.91,Rain,0.89,5,0.86,1100,Standard,Midday,Tuesday,35.587,22.439,35.587,1309.2,0,2024-04-23 13:00:00
SHP02944,Pune,Delhi,,General Network,Pune_Delhi,Rural,Mini Truck,337,0.72,Heavy Rain,0.772,3,0.85,2800,Same-Day,Morning Rush,Friday,22.653,15.443,22.653,859.9,0,2024-06-21 06:00:00
SHP02945,Indore,Patna,Jaipur,General Network,Indore_Patna,Expressway,Container,1567,0.68,Clear,0.604,4,0.49,1400,Economy,Midday,Wednesday,35.214,27.717,35.214,948.5,0,2024-04-17 10:00:00
SHP02946,Chandigarh,Jaipur,,General Network,Chandigarh_Jaipur,Highway,FTL Truck,1156,0.26,Storm,0.324,5,0.42,1000,Same-Day,Afternoon,Wednesday,35.122,21.844,35.122,1240.3,1,2024-04-17 16:00:00
SHP02947,Indore,Delhi,,General Network,Indore_Delhi,Highway,Container,2085,0.69,Clear,0.542,4,0.32,1400,Standard,Midday,Thursday,49.198,41.722,49.198,1112.1,0,2024-12-12 10:00:00
SHP02948,Kochi,Chennai,,General Network,Kochi_Chennai,Mixed,Container,2298,0.86,Fog,0.628,4,0.28,800,Express,Morning Rush,Tuesday,106.889,48.0,106.889,3709.8,1,2024-01-02 09:00:00
SHP02949,Bangalore,Chandigarh,Kochi,General Network,Bangalore_Chandigarh,Rural,FTL Truck,1873,0.19,Heavy Rain,0.206,4,0.23,4200,Economy,Afternoon,Wednesday,98.692,56.334,98.692,3424.2,0,2024-02-14 16:00:00
SHP02950,Vadodara,Ahmedabad,,General Network,Vadodara_Ahmedabad,City Road,Mini Truck,440,0.89,Fog,0.722,5,0.47,750,Standard,Evening Rush,Sunday,38.841,19.984,38.841,1492.3,0,2024-11-10 20:00:00
SHP02951,Kochi,Ahmedabad,Vizag,General Network,Kochi_Ahmedabad,Highway,Carting Vehicle,1838,0.74,Cloudy,0.776,3,0.83,800,Same-Day,Morning Rush,Monday,47.055,24.0,47.055,985.3,1,2024-07-08 08:00:00
SHP02952,Hyderabad,Nagpur,Bangalore,General Network,Hyderabad_Nagpur,Expressway,FTL Truck,804,0.45,Heavy Rain,0.542,3,0.68,3800,Same-Day,Evening Rush,Tuesday,18.364,14.141,18.364,594.1,0,2024-04-09 19:00:00
SHP02953,Pune,Surat,,General Network,Pune_Surat,Highway,FTL Truck,2038,0.27,Cloudy,0.334,0,0.43,2800,Same-Day,Afternoon,Monday,29.122,24.0,29.122,218.8,1,2024-06-03 15:00:00
SHP02954,Surat,Lucknow,,General Network,Surat_Lucknow,Rural,FTL Truck,1010,0.56,Fog,0.7,3,0.91,1800,Express,Afternoon,Wednesday,47.121,30.601,47.121,1480.6,0,2024-03-06 16:00:00
SHP02955,Coimbatore,Kochi,Bhopal,General Network,Coimbatore_Kochi,Expressway,FTL Truck,367,0.91,Heavy Rain,0.738,1,0.48,900,Same-Day,Evening Rush,Thursday,10.675,8.204,10.675,408.7,0,2024-12-05 19:00:00
SHP02956,Vadodara,Kochi,,General Network,Vadodara_Kochi,Expressway,Container,2100,0.54,Storm,0.488,3,0.41,750,Express,Night,Thursday,76.172,36.166,76.172,3009.9,1,2024-05-02 22:00:00
SHP02957,Ahmedabad,Lucknow,,General Network,Ahmedabad_Lucknow,Highway,Express Van,1930,0.8,Clear,0.824,1,0.86,2600,Economy,Evening Rush,Saturday,39.796,31.365,39.796,1129.1,0,2024-08-03 21:00:00
SHP02958,Ahmedabad,Jaipur,Delhi,General Network,Ahmedabad_Jaipur,City Road,Mini Truck,252,0.51,Heavy Rain,0.486,0,0.45,2600,Economy,Night,Tuesday,22.467,15.008,22.467,868.0,0,2024-02-27 22:00:00
SHP02959,Mumbai,Ahmedabad,,Gujarat-Maharashtra Corridor,Mumbai_Ahmedabad,Rural,Express Van,575,0.76,Clear,0.7,3,0.61,5000,Express,Morning Rush,Saturday,18.468,15.656,18.468,441.4,0,2024-02-10 06:00:00
SHP02960,Indore,Lucknow,,General Network,Indore_Lucknow,Expressway,FTL Truck,2057,0.86,Storm,0.756,2,0.6,1400,Same-Day,Evening Rush,Thursday,70.392,24.0,70.392,2924.4,1,2024-11-14 20:00:00
SHP02961,Coimbatore,Lucknow,Delhi,General Network,Coimbatore_Lucknow,Rural,Container,2489,0.76,Fog,0.648,5,0.48,900,Economy,Evening Rush,Thursday,177.026,89.441,177.026,6717.2,1,2024-05-30 19:00:00
SHP02962,Indore,Vadodara,,General Network,Indore_Vadodara,City Road,FTL Truck,924,0.12,Cloudy,0.428,6,0.89,1400,Same-Day,Night,Friday,30.474,24.0,30.474,244.4,1,2024-07-19 22:00:00
SHP02963,Vizag,Vadodara,,General Network,Vizag_Vadodara,Mixed,FTL Truck,1438,0.12,Rain,0.212,3,0.35,850,Express,Afternoon,Monday,36.015,33.203,36.015,722.9,0,2024-02-19 14:00:00
SHP02964,Delhi,Chandigarh,,General Network,Delhi_Chandigarh,Expressway,Carting Vehicle,1274,0.29,Rain,0.31,4,0.34,4800,Standard,Evening Rush,Monday,31.945,25.24,31.945,843.9,0,2024-11-18 19:00:00
SHP02965,Bangalore,Mumbai,,Western-Southern Corridor,Bangalore_Mumbai,Mixed,Container,956,0.53,Rain,0.494,2,0.44,4200,Express,Evening Rush,Saturday,35.679,28.373,35.679,1016.1,0,2024-08-17 19:00:00
SHP02966,Hyderabad,Chennai,,Deccan-Southern Corridor,Hyderabad_Chennai,City Road,Express Van,1015,0.46,Rain,0.376,2,0.25,3800,Same-Day,Midday,Thursday,41.932,24.0,41.932,1002.9,1,2024-09-19 12:00:00
SHP02967,Lucknow,Kochi,Chandigarh,General Network,Lucknow_Kochi,Mixed,Carting Vehicle,288,0.98,Fog,0.688,6,0.25,2000,Same-Day,Midday,Tuesday,17.13,13.21,17.13,643.8,0,2024-01-16 11:00:00
SHP02968,Delhi,Ahmedabad,Coimbatore,General Network,Delhi_Ahmedabad,Expressway,Carting Vehicle,1109,0.9,Storm,0.876,5,0.84,4800,Same-Day,Morning Rush,Saturday,51.729,23.768,51.729,2169.9,1,2024-06-08 08:00:00
SHP02969,Chennai,Vizag,Hyderabad,General Network,Chennai_Vizag,Mixed,Carting Vehicle,2039,0.86,Heavy Rain,0.84,6,0.81,3500,Economy,Midday,Sunday,157.795,62.815,157.795,6749.0,1,2024-11-24 11:00:00
SHP02970,Chandigarh,Hyderabad,Lucknow,General Network,Chandigarh_Hyderabad,Expressway,FTL Truck,1461,0.74,Rain,0.808,3,0.91,1000,Express,Morning Rush,Tuesday,32.97,23.262,32.97,1055.4,0,2024-04-30 08:00:00
SHP02971,Delhi,Lucknow,,UP Corridor,Delhi_Lucknow,Mixed,Container,1391,0.91,Heavy Rain,0.85,5,0.76,4800,Standard,Afternoon,Monday,87.189,38.394,87.189,3594.8,1,2024-08-05 16:00:00
SHP02972,Vizag,Bhopal,,General Network,Vizag_Bhopal,Mixed,Carting Vehicle,1946,0.5,Heavy Rain,0.5,6,0.5,850,Express,Morning Rush,Monday,102.352,48.0,102.352,3546.4,1,2024-04-01 08:00:00
SHP02973,Kochi,Pune,Kolkata,General Network,Kochi_Pune,Mixed,Mini Truck,2124,0.75,Clear,0.682,5,0.58,800,Economy,Afternoon,Saturday,71.628,53.829,71.628,1937.7,0,2024-03-23 14:00:00
SHP02974,Patna,Vizag,,General Network,Patna_Vizag,Rural,FTL Truck,269,0.3,Cloudy,0.436,4,0.64,1100,Standard,Afternoon,Sunday,10.764,10.466,10.764,287.2,0,2024-06-23 15:00:00
SHP02975,Bangalore,Kochi,,General Network,Bangalore_Kochi,Expressway,Container,883,0.69,Fog,0.65,2,0.59,4200,Same-Day,Night,Thursday,22.948,18.651,22.948,720.8,0,2024-07-25 22:00:00
SHP02976,Pune,Coimbatore,Mumbai,General Network,Pune_Coimbatore,Rural,Container,2086,0.43,Rain,0.614,2,0.89,2800,Economy,Evening Rush,Monday,116.723,74.217,116.723,3731.2,0,2024-05-13 19:00:00
SHP02977,Coimbatore,Chennai,,General Network,Coimbatore_Chennai,City Road,Carting Vehicle,1143,0.41,,0.474,0,0.57,900,Express,Afternoon,Tuesday,58.968,48.0,58.968,925.5,1,2024-01-02 14:00:00
SHP02978,Surat,Indore,Vadodara,General Network,Surat_Indore,Expressway,Express Van,1819,0.79,Cloudy,0.602,3,0.32,1800,Standard,Morning Rush,Wednesday,31.199,24.61,31.199,873.0,0,2024-08-07 06:00:00
SHP02979,Hyderabad,Vizag,,General Network,Hyderabad_Vizag,Highway,FTL Truck,2270,0.14,Heavy Rain,0.244,4,0.4,3800,Standard,Evening Rush,Thursday,58.25,40.3,58.25,1792.5,0,2024-07-18 21:00:00
SHP02980,Ahmedabad,Pune,Chennai,General Network,Ahmedabad_Pune,City Road,Carting Vehicle,2191,0.57,Fog,0.686,4,0.86,2600,Express,Midday,Saturday,170.101,48.0,170.101,5198.1,1,2024-09-28 10:00:00
SHP02981,Patna,Pune,,General Network,Patna_Pune,Mixed,Container,828,0.19,Storm,0.514,2,1.0,1100,Economy,Midday,Tuesday,47.324,25.441,47.324,1865.3,0,2024-11-19 13:00:00
SHP02982,Chandigarh,Ahmedabad,,General Network,Chandigarh_Ahmedabad,Rural,Container,1165,0.64,Cloudy,0.472,4,0.22,1000,Standard,Midday,Tuesday,51.801,44.313,51.801,1280.6,0,2024-05-28 11:00:00
SHP02983,Vadodara,Nagpur,,General Network,Vadodara_Nagpur,Highway,Mini Truck,1868,0.24,Fog,0.456,3,0.78,750,Economy,Evening Rush,Thursday,53.82,37.692,53.82,1672.5,0,2024-08-15 19:00:00
SHP02984,Ahmedabad,Coimbatore,Pune,General Network,Ahmedabad_Coimbatore,Highway,Container,1191,0.14,Fog,0.372,3,0.72,2600,Standard,Midday,Friday,31.293,27.348,31.293,826.7,0,2024-04-26 12:00:00
SHP02985,Chandigarh,Jaipur,,General Network,Chandigarh_Jaipur,Highway,Carting Vehicle,321,0.98,Storm,0.712,0,0.31,1000,Economy,Morning Rush,Friday,23.441,8.706,23.441,1085.4,0,2024-06-28 09:00:00
SHP02986,Jaipur,Chennai,,General Network,Jaipur_Chennai,Mixed,Mini Truck,192,0.17,Fog,0.226,2,0.31,2200,Economy,Evening Rush,Wednesday,7.479,7.512,7.479,235.4,0,2024-05-15 20:00:00
SHP02987,Pune,Kochi,,General Network,Pune_Kochi,Rural,Mini Truck,155,0.69,Heavy Rain,0.662,0,0.62,2800,Express,Afternoon,Monday,10.568,8.008,10.568,404.4,0,2024-12-30 17:00:00
SHP02988,Mumbai,Delhi,Surat,Western Corridor,Mumbai_Delhi,Mixed,Mini Truck,756,0.91,Fog,0.926,4,0.95,5000,Economy,Afternoon,Tuesday,42.967,20.452,42.967,1738.0,0,2024-01-09 16:00:00
SHP02989,Vadodara,Mumbai,Bangalore,General Network,Vadodara_Mumbai,Rural,Carting Vehicle,1213,0.41,Fog,0.522,2,0.69,750,Economy,Evening Rush,Tuesday,81.686,51.086,81.686,2744.7,0,2024-11-12 18:00:00
SHP02990,Chandigarh,Coimbatore,Delhi,General Network,Chandigarh_Coimbatore,Mixed,Mini Truck,1857,0.23,Fog,0.27,5,0.33,1000,Economy,Midday,Friday,71.832,48.405,71.832,2246.6,0,2024-06-14 13:00:00
SHP02991,Mumbai,Kolkata,,General Network,Mumbai_Kolkata,Expressway,Mini Truck,2056,0.8,Clear,0.796,6,0.79,5000,Express,Midday,Saturday,39.713,35.032,39.713,940.0,0,2024-12-21 13:00:00
SHP02992,Delhi,Nagpur,,General Network,Delhi_Nagpur,Highway,Carting Vehicle,127,0.88,Rain,0.728,4,0.5,4800,Same-Day,Morning Rush,Wednesday,6.388,7.243,6.388,256.3,0,2024-03-20 07:00:00
SHP02993,Mumbai,Bangalore,,Western-Southern Corridor,Mumbai_Bangalore,Highway,Express Van,2422,0.43,Heavy Rain,0.622,2,0.91,5000,Standard,Afternoon,Wednesday,65.969,36.257,65.969,2378.6,0,2024-06-12 17:00:00
SHP02994,Surat,Kolkata,,General Network,Surat_Kolkata,City Road,FTL Truck,1363,0.37,Cloudy,0.614,4,0.98,1800,Express,Afternoon,Saturday,53.611,48.0,53.611,880.1,1,2024-10-19 17:00:00
SHP02995,Patna,Indore,,General Network,Patna_Indore,Mixed,Carting Vehicle,1404,0.94,Fog,0.72,0,0.39,1100,Express,Evening Rush,Tuesday,75.905,44.512,75.905,2682.3,1,2024-12-10 19:00:00
SHP02996,Bangalore,Mumbai,,Western-Southern Corridor,Bangalore_Mumbai,Expressway,FTL Truck,2236,0.69,Cloudy,0.514,1,0.25,4200,Economy,Morning Rush,Tuesday,45.605,33.608,45.605,1324.1,0,2024-02-27 08:00:00
SHP02997,Pune,Mumbai,,Mumbai-Pune Expressway,Pune_Mumbai,Expressway,Container,2341,0.23,Fog,0.306,1,0.42,2800,Express,Midday,Monday,47.946,42.243,47.946,1137.3,0,2024-07-22 10:00:00
SHP02998,Ahmedabad,Mumbai,Chandigarh,Gujarat-Maharashtra Corridor,Ahmedabad_Mumbai,City Road,FTL Truck,293,0.42,Fog,0.356,2,0.26,2600,Same-Day,Morning Rush,Saturday,14.782,15.626,14.782,384.6,0,2024-02-24 09:00:00
SHP02999,Delhi,Lucknow,,UP Corridor,Delhi_Lucknow,Mixed,Express Van,2341,0.34,Rain,0.584,0,0.95,4800,Economy,Afternoon,Wednesday,68.422,48.868,68.422,2069.7,0,2024-08-07 17:00:00
SHP03000,Patna,Bangalore,Delhi,General Network,Patna_Bangalore,Mixed,FTL Truck,1972,0.72,Cloudy,0.632,4,0.5,1100,Economy,Midday,Tuesday,65.251,45.323,65.251,1943.1,0,2024-03-19 13:00:00
SHP03001,Nagpur,Bhopal,,General Network,Nagpur_Bhopal,Highway,Express Van,129,0.66,Fog,0.756,2,,1600,Same-Day,Morning Rush,Thursday,4.563,3.708,4.563,189.7,0,2024-06-20 07:00:00
SHP03002,Nagpur,Bhopal,,General Network,Nagpur_Bhopal,Expressway,FTL Truck,2197,0.99,Clear,0.87,6,0.69,1600,Same-Day,Midday,Thursday,37.899,24.0,37.899,886.3,1,2024-09-05 12:00:00
SHP03003,Chandigarh,Vadodara,,General Network,Chandigarh_Vadodara,City Road,Container,738,0.38,Fog,0.392,3,0.41,1000,Standard,Evening Rush,Thursday,50.323,33.579,50.323,1531.0,0,2024-10-17 18:00:00
SHP03004,Mumbai,Vadodara,Bangalore,General Network,Mumbai_Vadodara,Highway,Mini Truck,390,0.48,Clear,0.62,3,0.83,5000,Express,Morning Rush,Sunday,9.205,8.953,9.205,227.3,0,2024-02-11 09:00:00
SHP03005,Hyderabad,Patna,Lucknow,General Network,Hyderabad_Patna,Expressway,Carting Vehicle,2347,0.54,Storm,0.464,5,0.35,3800,Express,Midday,Wednesday,98.163,47.447,98.163,3913.4,1,2024-10-02 13:00:00
SHP03006,Nagpur,Kolkata,,General Network,Nagpur_Kolkata,City Road,Carting Vehicle,852,0.38,Heavy Rain,0.376,1,0.37,1600,Standard,Afternoon,Thursday,76.9,46.407,76.9,2666.6,1,2024-08-01 16:00:00
SHP03007,Vizag,Indore,,General Network,Vizag_Indore,Expressway,Express Van,1590,0.93,Fog,0.65,0,0.23,850,Standard,Evening Rush,Sunday,38.635,22.098,38.635,1444.9,0,2024-06-16 21:00:00
SHP03008,Delhi,Chennai,,General Network,Delhi_Chennai,Rural,Container,1973,0.99,Rain,0.914,2,0.8,4800,Express,Afternoon,Tuesday,120.085,48.0,120.085,4110.2,1,2024-08-20 14:00:00
SHP03009,Chennai,Surat,Mumbai,General Network,Chennai_Surat,Mixed,Express Van,565,0.7,Fog,0.768,6,0.87,3500,Standard,Evening Rush,Monday,21.973,13.009,21.973,827.1,0,2024-02-26 20:00:00
SHP03010,Bhopal,Nagpur,,General Network,Bhopal_Nagpur,Expressway,Mini Truck,1385,0.49,Cloudy,0.55,2,0.64,1200,Economy,Evening Rush,Monday,28.917,24.798,28.917,763.1,0,2024-04-22 21:00:00
SHP03011,Chandigarh,Bhopal,Patna,General Network,Chandigarh_Bhopal,Expressway,Container,1226,0.64,Rain,0.516,1,0.33,1000,Same-Day,Midday,Wednesday,28.28,21.147,28.28,785.9,1,2024-08-07 11:00:00
SHP03012,Jaipur,Vizag,,General Network,Jaipur_Vizag,Rural,Container,771,0.68,Fog,0.52,3,0.28,2200,Standard,Morning Rush,Wednesday,48.538,30.053,48.538,1702.9,0,2024-10-02 07:00:00
SHP03013,Pune,Ahmedabad,Nagpur,General Network,Pune_Ahmedabad,Highway,FTL Truck,1522,0.67,Storm,0.506,1,0.26,2800,Same-Day,Evening Rush,Tuesday,55.011,24.0,55.011,2159.1,1,2024-05-28 21:00:00
SHP03014,Patna,Vadodara,,General Network,Patna_Vadodara,City Road,Carting Vehicle,561,0.3,Heavy Rain,0.46,6,0.7,1100,Express,Midday,Saturday,46.873,31.579,46.873,1530.1,0,2024-07-27 11:00:00
SHP03015,Nagpur,Vizag,Patna,General Network,Nagpur_Vizag,Mixed,Carting Vehicle,1397,0.21,Rain,0.41,6,0.71,1600,Same-Day,Evening Rush,Tuesday,45.542,24.0,45.542,869.9,1,2024-04-09 21:00:00
SHP03016,Chennai,Coimbatore,Bangalore,General Network,Chennai_Coimbatore,Rural,Mini Truck,331,0.54,Heavy Rain,0.588,6,0.66,3500,Same-Day,Midday,Tuesday,20.478,14.588,20.478,738.3,0,2024-05-14 10:00:00
SHP03017,Coimbatore,Delhi,Patna,General Network,Coimbatore_Delhi,Mixed,Express Van,614,0.38,Rain,0.496,5,0.67,900,Same-Day,Morning Rush,Wednesday,15.6,13.813,15.6,402.1,0,2024-05-08 06:00:00
SHP03018,Bangalore,Chandigarh,Indore,General Network,Bangalore_Chandigarh,Highway,Express Van,1425,0.65,Storm,0.506,2,0.29,4200,Economy,Morning Rush,Monday,59.271,24.977,59.271,2626.9,0,2024-04-01 06:00:00
SHP03019,Indore,Chennai,Bangalore,General Network,Indore_Chennai,Rural,Mini Truck,1546,0.72,Heavy Rain,0.608,0,0.44,1400,Standard,Morning Rush,Tuesday,109.005,50.654,109.005,4249.9,1,2024-11-12 08:00:00
SHP03020,Chandigarh,Vizag,,General Network,Chandigarh_Vizag,Highway,Mini Truck,517,0.2,Clear,0.32,5,0.5,1000,Standard,Afternoon,Tuesday,10.765,12.666,10.765,215.0,0,2024-02-20 14:00:00
SHP03021,Nagpur,Surat,,General Network,Nagpur_Surat,Mixed,Carting Vehicle,2003,0.45,Cloudy,0.362,6,0.23,1600,Economy,Midday,Saturday,77.597,59.063,77.597,1985.1,0,2024-05-11 13:00:00
SHP03022,Coimbatore,Bangalore,,General Network,Coimbatore_Bangalore,Expressway,Container,881,,Fog,0.366,1,0.57,900,Same-Day,Afternoon,Tuesday,17.831,17.006,17.831,415.2,0,2024-01-09 15:00:00
SHP03023,Indore,Jaipur,Delhi,General Network,Indore_Jaipur,Rural,Carting Vehicle,106,0.12,Rain,0.156,5,0.21,1400,Standard,Evening Rush,Thursday,6.422,7.129,6.422,196.9,0,2024-09-19 21:00:00
SHP03024,Mumbai,Pune,Jaipur,Mumbai-Pune Expressway,Mumbai_Pune,Expressway,Carting Vehicle,840,0.74,Storm,0.568,3,0.31,5000,Economy,Afternoon,Saturday,46.973,19.657,46.973,2111.0,0,2024-11-09 16:00:00
SHP03025,Hyderabad,Bhopal,,General Network,Hyderabad_Bhopal,Highway,Express Van,666,,Rain,0.508,2,0.49,3800,Standard,Midday,Tuesday,15.848,11.235,15.848,516.5,0,2024-06-25 12:00:00
SHP03026,Kochi,Patna,,General Network,Kochi_Patna,City Road,FTL Truck,1877,0.28,Rain,0.46,6,0.73,800,Same-Day,Morning Rush,Thursday,79.859,24.0,79.859,1573.8,1,2024-02-01 06:00:00
SHP03027,Vadodara,Patna,,General Network,Vadodara_Patna,City Road,FTL Truck,1079,0.73,Heavy Rain,0.546,5,0.27,750,Same-Day,Midday,Thursday,77.424,24.0,77.424,2795.7,1,2024-02-15 12:00:00
SHP03028,Bhopal,Lucknow,Kochi,General Network,Bhopal_Lucknow,Highway,Express Van,1835,0.93,Storm,0.922,1,0.91,1200,Express,Midday,Monday,71.25,29.939,71.25,3078.3,1,2024-10-21 11:00:00
SHP03029,Jaipur,Pune,Surat,General Network,Jaipur_Pune,Rural,Container,1334,0.68,Heavy Rain,0.592,4,0.46,2200,Express,Evening Rush,Wednesday,91.645,48.0,91.645,3406.2,1,2024-05-22 21:00:00
SHP03030,Vadodara,Patna,,General Network,Vadodara_Patna,Expressway,Express Van,2220,0.38,Rain,0.36,6,0.33,750,Economy,Evening Rush,Saturday,44.681,28.224,44.681,1461.7,0,2024-04-06 19:00:00
SHP03031,Bhopal,Nagpur,Lucknow,General Network,Bhopal_Nagpur,Expressway,FTL Truck,387,0.76,Clear,0.56,1,0.26,1200,Express,Afternoon,Wednesday,6.509,7.722,6.509,146.1,0,2024-04-17 14:00:00
SHP03032,Lucknow,Vizag,,General Network,Lucknow_Vizag,City Road,Express Van,2187,0.78,Rain,0.692,4,0.56,2000,Same-Day,Midday,Monday,106.727,24.0,106.727,3143.5,1,2024-09-23 12:00:00
SHP03033,Hyderabad,Indore,,General Network,Hyderabad_Indore,City Road,Carting Vehicle,1120,0.13,Rain,0.434,2,0.89,3800,Same-Day,Evening Rush,Saturday,57.242,24.0,57.242,874.5,1,2024-07-13 19:00:00
SHP03034,Mumbai,Patna,,General Network,Mumbai_Patna,Mixed,Express Van,1420,0.52,Storm,0.7,3,0.97,5000,Express,Morning Rush,Friday,60.962,27.939,60.962,2422.9,1,2024-02-09 07:00:00
SHP03035,Mumbai,Pune,Kolkata,Mumbai-Pune Expressway,Mumbai_Pune,City Road,Carting Vehicle,818,0.62,Clear,0.76,0,0.97,5000,Express,Afternoon,Sunday,43.617,42.124,43.617,747.3,0,2024-06-30 14:00:00
SHP03036,Kolkata,Patna,Chennai,Eastern Corridor,Kolkata_Patna,City Road,Mini Truck,1304,0.77,Storm,0.782,0,0.8,3200,Express,Morning Rush,Tuesday,136.515,48.0,136.515,5707.1,1,2024-11-26 07:00:00
SHP03037,Vadodara,Indore,,General Network,Vadodara_Indore,Expressway,Mini Truck,408,0.6,Fog,0.7,6,0.85,750,Economy,Midday,Friday,15.439,9.35,15.439,640.0,0,2024-04-05 12:00:00
SHP03038,Indore,Pune,Coimbatore,General Network,Indore_Pune,Rural,Mini Truck,1700,0.65,Rain,0.482,1,0.23,1400,Same-Day,Evening Rush,Sunday,76.583,24.0,76.583,2076.4,1,2024-06-23 20:00:00
SHP03039,Ahmedabad,Kolkata,,General Network,Ahmedabad_Kolkata,City Road,Express Van,2400,0.36,Storm,0.404,3,0.47,2600,Standard,Afternoon,Saturday,170.53,72.0,170.53,6654.2,1,2024-04-20 16:00:00
SHP03040,Mumbai,Vadodara,,General Network,Mumbai_Vadodara,City Road,Container,1608,0.65,Clear,0.494,5,0.26,5000,Economy,Evening Rush,Friday,93.989,73.247,93.989,2396.3,0,2024-10-18 18:00:00
SHP03041,Vadodara,Kochi,,General Network,Vadodara_Kochi,City Road,Container,2425,1.0,Storm,0.72,5,0.3,750,Standard,Morning Rush,Tuesday,324.929,72.0,324.929,14605.0,1,2024-04-30 08:00:00
SHP03042,Mumbai,Bangalore,Ahmedabad,Western-Southern Corridor,Mumbai_Bangalore,City Road,Express Van,2233,0.4,Rain,0.48,2,0.6,5000,Standard,Afternoon,Wednesday,104.089,72.0,104.089,2916.6,1,2024-04-17 16:00:00
SHP03043,Chandigarh,Delhi,,General Network,Chandigarh_Delhi,City Road,Mini Truck,2286,0.97,Fog,0.822,6,0.6,1000,Economy,Morning Rush,Sunday,219.981,96.884,219.981,8844.6,1,2024-02-04 07:00:00
SHP03044,Indore,Nagpur,Delhi,General Network,Indore_Nagpur,Highway,Mini Truck,1587,0.29,Rain,0.45,3,0.69,1400,Same-Day,Evening Rush,Monday,34.101,24.0,34.101,723.6,1,2024-08-12 21:00:00
SHP03045,Pune,Delhi,Ahmedabad,General Network,Pune_Delhi,City Road,Container,2352,0.47,Heavy Rain,0.542,5,0.65,2800,Same-Day,Afternoon,Monday,168.951,24.0,168.951,5393.5,1,2024-09-23 15:00:00
SHP03046,Pune,Chennai,Delhi,General Network,Pune_Chennai,Rural,Express Van,2352,0.25,Fog,0.262,2,0.28,2800,Same-Day,Night,Wednesday,69.882,24.0,69.882,1466.0,1,2024-01-03 22:00:00
SHP03047,Jaipur,Delhi,,NCR-Rajasthan Corridor,Jaipur_Delhi,Mixed,Express Van,523,0.21,Storm,0.514,5,0.97,2200,Standard,Afternoon,Friday,21.681,11.17,21.681,846.1,0,2024-05-03 14:00:00
SHP03048,Jaipur,Kolkata,,General Network,Jaipur_Kolkata,Mixed,Carting Vehicle,809,0.81,Storm,0.646,1,0.4,2200,Economy,Midday,Wednesday,73.529,27.139,73.529,3333.1,0,2024-12-18 13:00:00
SHP03049,Kolkata,Surat,,General Network,Kolkata_Surat,Rural,FTL Truck,2284,0.86,Cloudy,0.636,0,0.3,3200,Economy,Evening Rush,Saturday,105.867,67.931,105.867,3306.7,0,2024-10-19 18:00:00
SHP03050,Surat,Kolkata,,General Network,Surat_Kolkata,Expressway,FTL Truck,508,,Heavy Rain,0.622,4,0.64,1800,Express,Morning Rush,Thursday,15.264,11.028,15.264,595.0,0,2024-07-18 09:00:00
SHP03051,Kolkata,Kochi,,General Network,Kolkata_Kochi,Highway,FTL Truck,2034,0.25,Fog,0.426,6,0.69,3200,Economy,Afternoon,Tuesday,54.362,37.708,54.362,1736.2,0,2024-12-17 16:00:00
SHP03052,Bangalore,Coimbatore,Jaipur,General Network,Bangalore_Coimbatore,Rural,Carting Vehicle,1527,0.21,Storm,0.222,5,0.24,4200,Express,Morning Rush,Thursday,108.331,48.0,108.331,3785.2,1,2024-07-18 07:00:00
SHP03053,Patna,Coimbatore,,General Network,Patna_Coimbatore,Rural,Carting Vehicle,2104,0.79,Fog,0.618,0,0.36,1100,Economy,Afternoon,Friday,171.171,82.073,171.171,6529.8,1,2024-04-05 16:00:00
SHP03054,Kochi,Bhopal,Patna,General Network,Kochi_Bhopal,Rural,FTL Truck,513,0.27,Heavy Rain,0.53,0,0.92,800,Same-Day,Afternoon,Tuesday,22.265,16.727,22.265,651.9,0,2024-05-28 15:00:00
SHP03055,Bhopal,Pune,,General Network,Bhopal_Pune,Highway,Carting Vehicle,213,0.12,Rain,0.432,4,0.9,1200,Same-Day,Evening Rush,Monday,7.092,6.602,7.092,212.5,0,2024-07-01 18:00:00
SHP03056,Pune,Bhopal,,General Network,Pune_Bhopal,Expressway,Carting Vehicle,902,0.46,Heavy Rain,0.488,5,0.53,2800,Standard,Night,Thursday,33.416,18.757,33.416,1245.4,0,2024-04-04 22:00:00
SHP03057,Hyderabad,Ahmedabad,,General Network,Hyderabad_Ahmedabad,City Road,Express Van,1949,0.56,Rain,0.52,1,0.46,3800,Express,Afternoon,Wednesday,90.985,48.0,90.985,2553.7,1,2024-08-21 16:00:00
SHP03058,Ahmedabad,Indore,Delhi,General Network,Ahmedabad_Indore,City Road,FTL Truck,1872,0.98,Clear,0.792,0,0.51,2600,Economy,Morning Rush,Sunday,107.05,73.3,107.05,3213.9,0,2024-11-24 08:00:00
SHP03059,Hyderabad,Surat,Mumbai,General Network,Hyderabad_Surat,Rural,FTL Truck,145,0.9,Heavy Rain,0.764,2,0.56,3800,Express,Morning Rush,Saturday,9.674,7.792,9.674,387.1,0,2024-10-19 09:00:00
SHP03060,Nagpur,Hyderabad,,General Network,Nagpur_Hyderabad,Expressway,Carting Vehicle,793,0.84,Fog,0.716,2,0.53,1600,Economy,Afternoon,Friday,32.309,16.219,32.309,1270.7,0,2024-07-26 14:00:00
SHP03061,Lucknow,Pune,,General Network,Lucknow_Pune,Expressway,Container,1885,0.68,Heavy Rain,0.732,4,0.81,2000,Economy,Evening Rush,Friday,74.502,32.892,74.502,3069.5,0,2024-09-20 19:00:00
SHP03062,Mumbai,Chennai,,General Network,Mumbai_Chennai,City Road,Carting Vehicle,2341,0.54,Cloudy,0.652,5,0.82,5000,Express,Evening Rush,Sunday,132.049,48.0,132.049,2572.1,1,2024-11-24 19:00:00
SHP03063,Chandigarh,Chennai,,General Network,Chandigarh_Chennai,Mixed,FTL Truck,499,0.37,,0.494,4,0.68,1000,Economy,Morning Rush,Wednesday,19.575,12.304,19.575,675.5,0,2024-07-31 07:00:00
SHP03064,Vizag,Lucknow,,General Network,Vizag_Lucknow,Mixed,Mini Truck,757,0.13,Rain,0.29,1,0.53,850,Express,Morning Rush,Thursday,20.781,20.84,20.781,405.8,0,2024-06-06 08:00:00
SHP03065,Kochi,Indore,Ahmedabad,General Network,Kochi_Indore,Expressway,Container,1489,0.25,Clear,0.51,1,0.9,800,Same-Day,Morning Rush,Sunday,19.399,24.0,19.399,57.6,0,2024-08-04 06:00:00
SHP03066,Lucknow,Coimbatore,,General Network,Lucknow_Coimbatore,Highway,FTL Truck,663,0.22,Clear,0.28,6,0.37,2000,Express,Afternoon,Friday,12.076,15.612,12.076,227.3,0,2024-11-22 16:00:00
SHP03067,Chennai,Kolkata,Hyderabad,General Network,Chennai_Kolkata,Mixed,FTL Truck,933,0.52,Storm,0.44,0,0.32,3500,Express,Morning Rush,Tuesday,44.971,23.684,44.971,1765.2,0,2024-07-02 08:00:00
SHP03068,Ahmedabad,Vadodara,Mumbai,General Network,Ahmedabad_Vadodara,Expressway,Carting Vehicle,752,0.59,Storm,0.646,4,0.73,2600,Economy,Midday,Monday,40.836,18.642,40.836,1816.9,0,2024-09-30 11:00:00
SHP03069,Vizag,Lucknow,,General Network,Vizag_Lucknow,City Road,Mini Truck,1177,0.4,Cloudy,0.416,5,0.44,850,Economy,Evening Rush,Friday,62.958,50.196,62.958,1535.6,0,2024-01-12 18:00:00
SHP03070,Lucknow,Kochi,Pune,General Network,Lucknow_Kochi,Rural,Container,826,0.56,Fog,0.556,0,0.55,2000,Standard,Night,Wednesday,47.821,29.114,47.821,1573.6,0,2024-01-03 22:00:00
SHP03071,Kochi,Chennai,Surat,General Network,Kochi_Chennai,Rural,FTL Truck,1775,0.73,Clear,0.722,4,0.71,800,Standard,Afternoon,Thursday,64.713,54.096,64.713,1516.1,0,2024-05-23 16:00:00
SHP03072,Lucknow,Ahmedabad,,General Network,Lucknow_Ahmedabad,City Road,Container,113,0.25,Heavy Rain,0.41,5,0.65,2000,Standard,Morning Rush,Wednesday,10.784,9.744,10.784,419.2,0,2024-05-15 09:00:00
SHP03073,Bhopal,Bangalore,Hyderabad,General Network,Bhopal_Bangalore,Expressway,Mini Truck,2241,0.83,Fog,0.666,0,0.42,1200,Express,Midday,Monday,61.285,37.68,61.285,2104.5,1,2024-04-29 10:00:00
SHP03074,Pune,Coimbatore,Nagpur,General Network,Pune_Coimbatore,Highway,Mini Truck,1104,0.74,Storm,0.62,0,0.44,2800,Same-Day,Afternoon,Thursday,46.355,22.591,46.355,1861.3,1,2024-06-20 14:00:00
SHP03075,Hyderabad,Indore,Vizag,General Network,Hyderabad_Indore,Mixed,FTL Truck,2201,0.82,Cloudy,0.648,3,0.39,3800,Same-Day,Night,Monday,58.428,24.0,58.428,1304.7,1,2024-07-29 22:00:00
SHP03076,Chennai,Ahmedabad,,General Network,Chennai_Ahmedabad,City Road,FTL Truck,514,0.8,Storm,0.844,6,0.91,3500,Standard,Morning Rush,Sunday,56.87,23.52,56.87,2531.0,0,2024-06-23 09:00:00
SHP03077,Vizag,Nagpur,Jaipur,General Network,Vizag_Nagpur,Mixed,FTL Truck,886,0.18,Clear,0.312,1,0.51,850,Standard,Morning Rush,Wednesday,17.772,22.234,17.772,180.3,0,2024-09-18 06:00:00
SHP03078,Delhi,Kochi,,General Network,Delhi_Kochi,Highway,Express Van,2132,0.49,Cloudy,0.634,3,0.85,4800,Express,Midday,Monday,33.366,31.506,33.366,611.5,0,2024-10-14 11:00:00
SHP03079,Vizag,Kochi,,General Network,Vizag_Kochi,Rural,FTL Truck,2272,,Heavy Rain,0.706,1,0.88,850,Economy,Afternoon,Sunday,151.064,70.535,151.064,6034.5,1,2024-01-07 14:00:00
SHP03080,Mumbai,Kochi,Surat,General Network,Mumbai_Kochi,Highway,FTL Truck,1332,0.29,Cloudy,0.478,5,0.76,5000,Express,Midday,Monday,22.908,26.068,22.908,375.5,0,2024-06-03 13:00:00
SHP03081,Lucknow,Bhopal,,General Network,Lucknow_Bhopal,Mixed,Carting Vehicle,1347,0.82,Heavy Rain,0.752,1,0.65,2000,Same-Day,Night,Friday,77.181,24.0,77.181,2834.8,1,2024-08-02 22:00:00
SHP03082,Vadodara,Ahmedabad,Mumbai,General Network,Vadodara_Ahmedabad,City Road,FTL Truck,450,0.16,Rain,0.208,2,0.28,750,Same-Day,Evening Rush,Thursday,17.24,17.82,17.24,262.9,0,2024-07-18 18:00:00
SHP03083,Indore,Chennai,,General Network,Indore_Chennai,Expressway,Container,2293,0.76,Storm,0.808,2,0.88,1400,Economy,Night,Friday,115.015,38.421,115.015,5197.1,0,2024-06-07 22:00:00
SHP03084,Bangalore,Vizag,,General Network,Bangalore_Vizag,Highway,Container,1246,0.45,Fog,0.394,6,0.31,4200,Economy,Afternoon,Wednesday,44.699,26.3,44.699,1582.5,0,2024-03-13 15:00:00
SHP03085,Patna,Kolkata,,Eastern Corridor,Patna_Kolkata,Highway,Carting Vehicle,2471,0.69,Cloudy,0.622,0,0.52,1100,Economy,Evening Rush,Monday,79.889,58.224,79.889,2322.3,0,2024-02-26 21:00:00
SHP03086,Kolkata,Ahmedabad,,General Network,Kolkata_Ahmedabad,Highway,FTL Truck,1847,0.49,Fog,0.598,3,0.76,3200,Standard,Afternoon,Wednesday,50.123,32.765,50.123,1622.1,0,2024-02-21 17:00:00
SHP03087,Kochi,Pune,,General Network,Kochi_Pune,Rural,FTL Truck,1608,0.83,Fog,0.674,0,0.44,800,Same-Day,Evening Rush,Wednesday,76.595,24.0,76.595,2451.7,1,2024-06-26 18:00:00
SHP03088,Jaipur,Chennai,,General Network,Jaipur_Chennai,Expressway,Mini Truck,544,0.48,Rain,0.4,3,0.28,2200,Economy,Morning Rush,Wednesday,15.589,13.02,15.589,553.6,0,2024-01-10 09:00:00
SHP03089,Mumbai,Nagpur,,General Network,Mumbai_Nagpur,Mixed,Express Van,866,0.61,Fog,0.602,4,0.59,5000,Express,Morning Rush,Thursday,27.365,19.0,27.365,888.9,0,2024-06-27 06:00:00
SHP03090,Ahmedabad,Pune,,General Network,Ahmedabad_Pune,Rural,Container,2171,0.14,Fog,0.328,0,0.61,2600,Same-Day,Morning Rush,Sunday,81.419,24.0,81.419,1479.6,1,2024-04-07 06:00:00
SHP03091,Pune,Lucknow,Delhi,General Network,Pune_Lucknow,City Road,Container,587,0.44,Cloudy,0.384,6,0.3,2800,Economy,Morning Rush,Friday,34.709,29.956,34.709,898.7,0,2024-01-05 06:00:00
SHP03092,Ahmedabad,Coimbatore,,General Network,Ahmedabad_Coimbatore,Expressway,Container,274,0.7,Rain,0.504,2,0.21,2600,Same-Day,Evening Rush,Saturday,6.999,6.003,6.999,216.4,0,2024-06-29 20:00:00
SHP03093,Delhi,Bangalore,,General Network,Delhi_Bangalore,Mixed,Carting Vehicle,2388,0.71,Rain,0.654,4,0.57,4800,Standard,Morning Rush,Monday,117.923,72.0,117.923,3891.4,1,2024-10-21 09:00:00
SHP03094,Pune,Vizag,,General Network,Pune_Vizag,Expressway,Mini Truck,431,0.22,Rain,0.4,3,0.67,2800,Express,Morning Rush,Saturday,9.393,9.334,9.393,261.1,0,2024-08-31 08:00:00
SHP03095,Patna,Surat,,General Network,Patna_Surat,City Road,Container,840,0.74,Fog,0.824,6,0.95,1100,Economy,Morning Rush,Thursday,78.601,40.162,78.601,3021.9,0,2024-10-03 08:00:00
SHP03096,Jaipur,Chennai,Chandigarh,General Network,Jaipur_Chennai,City Road,Carting Vehicle,248,0.82,Rain,0.812,3,0.8,2200,Same-Day,Afternoon,Friday,20.449,17.18,20.449,660.1,0,2024-06-21 16:00:00
SHP03097,Kolkata,Lucknow,Chennai,General Network,Kolkata_Lucknow,Rural,Container,2312,0.77,Fog,0.798,5,0.84,3200,Standard,Morning Rush,Saturday,148.981,72.0,148.981,5312.2,1,2024-01-13 09:00:00
SHP03098,Kochi,Pune,Kolkata,General Network,Kochi_Pune,Mixed,Mini Truck,1313,0.93,,0.906,0,0.87,800,Standard,Afternoon,Monday,77.246,35.954,77.246,3175.9,1,2024-12-02 15:00:00
SHP03099,Vizag,Bangalore,Mumbai,General Network,Vizag_Bangalore,Rural,Mini Truck,904,0.26,Clear,0.388,3,0.58,850,Same-Day,Midday,Friday,25.226,24.0,25.226,174.3,1,2024-04-26 13:00:00
SHP03100,Ahmedabad,Surat,Patna,General Network,Ahmedabad_Surat,Rural,Mini Truck,815,0.69,Rain,0.586,1,0.43,2600,Same-Day,Afternoon,Thursday,38.562,24.0,38.562,1106.3,1,2024-10-31 16:00:00
SHP03101,Vizag,Bhopal,,General Network,Vizag_Bhopal,Highway,Carting Vehicle,128,0.15,Heavy Rain,0.458,4,0.92,850,Economy,Night,Wednesday,7.387,7.484,7.387,315.2,0,2024-11-20 22:00:00
SHP03102,Jaipur,Bhopal,,General Network,Jaipur_Bhopal,Expressway,Mini Truck,461,0.12,Heavy Rain,0.336,0,0.66,2200,Standard,Afternoon,Sunday,11.116,9.625,11.116,343.4,0,2024-03-24 16:00:00
SHP03103,Indore,Hyderabad,,General Network,Indore_Hyderabad,Highway,Carting Vehicle,1509,0.57,Clear,0.534,6,0.48,1400,Standard,Evening Rush,Tuesday,38.51,33.99,38.51,801.6,0,2024-08-06 18:00:00
SHP03104,Delhi,Indore,,General Network,Delhi_Indore,Expressway,Express Van,848,0.49,Cloudy,0.63,6,0.84,4800,Economy,Midday,Monday,15.354,13.253,15.354,455.5,0,2024-04-01 12:00:00
SHP03105,Mumbai,Nagpur,,General Network,Mumbai_Nagpur,City Road,FTL Truck,1688,0.77,Heavy Rain,0.746,5,0.71,5000,Standard,Night,Wednesday,143.743,64.563,143.743,5730.9,1,2024-05-22 22:00:00
SHP03106,Pune,Hyderabad,Nagpur,General Network,Pune_Hyderabad,City Road,Mini Truck,1213,0.92,Storm,0.768,3,0.54,2800,Economy,Afternoon,Friday,166.642,51.878,166.642,7688.1,1,2024-04-05 14:00:00
SHP03107,Coimbatore,Lucknow,Kolkata,General Network,Coimbatore_Lucknow,City Road,Mini Truck,1277,0.5,Heavy Rain,0.532,5,0.58,900,Standard,Afternoon,Sunday,104.804,55.188,104.804,3855.8,1,2024-06-02 17:00:00
SHP03108,Jaipur,Hyderabad,,General Network,Jaipur_Hyderabad,Expressway,Express Van,2394,0.45,Fog,0.57,6,0.75,2200,Express,Evening Rush,Monday,42.836,30.221,42.836,1255.4,0,2024-09-23 21:00:00
SHP03109,Pune,Nagpur,,General Network,Pune_Nagpur,Highway,Mini Truck,375,0.58,Clear,0.504,5,0.39,2800,Economy,Midday,Saturday,10.349,9.551,10.349,308.5,0,2024-07-27 12:00:00
SHP03110,Bangalore,Mumbai,,Western-Southern Corridor,Bangalore_Mumbai,City Road,Carting Vehicle,330,0.55,Clear,0.69,3,0.9,4200,Economy,Evening Rush,Sunday,22.102,19.431,22.102,571.8,0,2024-07-14 20:00:00
SHP03111,Lucknow,Kolkata,,General Network,Lucknow_Kolkata,Highway,Express Van,807,0.52,Rain,0.7,3,0.97,2000,Standard,Afternoon,Friday,19.585,12.774,19.585,648.8,0,2024-07-26 16:00:00
SHP03112,Nagpur,Ahmedabad,,General Network,Nagpur_Ahmedabad,Highway,Express Van,2223,0.9,Cloudy,0.836,1,0.74,1600,Standard,Morning Rush,Friday,47.152,35.779,47.152,1379.4,0,2024-11-15 07:00:00
SHP03113,Bhopal,Vizag,,General Network,Bhopal_Vizag,Expressway,Express Van,530,0.49,Rain,0.506,0,0.53,1200,Standard,Morning Rush,Friday,9.996,8.966,9.996,308.7,0,2024-01-19 09:00:00
SHP03114,Surat,Indore,,General Network,Surat_Indore,City Road,Express Van,1633,0.17,Cloudy,0.226,3,0.31,1800,Economy,Evening Rush,Wednesday,58.058,56.685,58.058,1049.2,0,2024-07-03 21:00:00
SHP03115,Pune,Nagpur,Vadodara,General Network,Pune_Nagpur,Highway,Carting Vehicle,1983,0.11,Heavy Rain,0.406,1,0.85,2800,Express,Night,Wednesday,60.646,44.294,60.646,1655.8,1,2024-05-22 22:00:00
SHP03116,Jaipur,Chandigarh,,General Network,Jaipur_Chandigarh,Rural,Mini Truck,976,0.72,Rain,0.592,5,0.4,2200,Same-Day,Midday,Saturday,47.328,24.0,47.328,1393.7,1,2024-04-06 10:00:00
SHP03117,Bangalore,Kochi,Chandigarh,General Network,Bangalore_Kochi,City Road,Container,2214,0.83,Heavy Rain,0.894,4,0.99,4200,Economy,Midday,Wednesday,252.123,100.148,252.123,10662.2,1,2024-09-11 12:00:00
SHP03118,Surat,Vizag,Vadodara,General Network,Surat_Vizag,Rural,Carting Vehicle,1992,0.53,Rain,0.686,1,0.92,1800,Economy,Night,Friday,132.888,78.924,132.888,4431.9,1,2024-11-08 22:00:00
SHP03119,Vadodara,Mumbai,,General Network,Vadodara_Mumbai,Mixed,Mini Truck,2027,0.94,Clear,0.652,2,0.22,750,Economy,Afternoon,Friday,73.711,51.501,73.711,2170.4,0,2024-07-26 16:00:00
SHP03120,Vizag,Vadodara,,General Network,Vizag_Vadodara,Mixed,Carting Vehicle,1687,0.99,Fog,0.758,2,0.41,850,Economy,Morning Rush,Tuesday,114.154,52.473,114.154,4599.9,0,2024-03-12 07:00:00
SHP03121,Kolkata,Chandigarh,Ahmedabad,General Network,Kolkata_Chandigarh,Rural,Container,416,0.84,Fog,0.772,0,0.67,3200,Express,Night,Monday,25.554,15.524,25.554,880.7,0,2024-03-11 22:00:00
SHP03122,Indore,Vizag,,General Network,Indore_Vizag,Rural,Express Van,1449,0.86,Clear,0.824,5,0.77,1400,Same-Day,Evening Rush,Wednesday,43.156,24.0,43.156,909.4,1,2024-10-02 20:00:00
SHP03123,Nagpur,Bangalore,,General Network,Nagpur_Bangalore,Mixed,Carting Vehicle,218,0.26,Clear,0.544,3,0.97,1600,Standard,Evening Rush,Tuesday,7.407,8.257,7.407,153.8,0,2024-08-06 20:00:00
SHP03124,Vizag,Lucknow,Patna,General Network,Vizag_Lucknow,Expressway,FTL Truck,667,0.8,Rain,0.82,1,0.85,850,Express,Afternoon,Sunday,16.325,12.783,16.325,558.2,0,2024-06-30 14:00:00
SHP03125,Chandigarh,Ahmedabad,,General Network,Chandigarh_Ahmedabad,Highway,Container,1828,0.41,,0.382,4,0.34,1000,Same-Day,Morning Rush,Monday,68.562,24.0,68.562,2500.8,1,2024-04-15 08:00:00
SHP03126,Bangalore,Kolkata,Chandigarh,General Network,Bangalore_Kolkata,Rural,Container,2312,0.25,Rain,0.294,3,0.36,4200,Express,Evening Rush,Monday,94.244,48.0,94.244,2028.0,1,2024-06-17 20:00:00
SHP03127,Patna,Delhi,,General Network,Patna_Delhi,Expressway,Express Van,1340,0.33,Heavy Rain,0.506,2,0.77,1100,Express,Evening Rush,Wednesday,26.989,20.304,26.989,883.4,0,2024-07-10 19:00:00
SHP03128,Chandigarh,Pune,,General Network,Chandigarh_Pune,Highway,Carting Vehicle,1417,0.37,Storm,0.426,2,0.51,1000,Standard,Evening Rush,Thursday,68.698,32.625,68.698,2704.9,0,2024-05-23 19:00:00
SHP03129,Nagpur,Vizag,Kolkata,General Network,Nagpur_Vizag,City Road,FTL Truck,1533,0.82,Storm,0.576,6,0.21,1600,Standard,Evening Rush,Saturday,161.917,60.665,161.917,7087.0,1,2024-12-21 21:00:00
SHP03130,Chandigarh,Bangalore,,General Network,Chandigarh_Bangalore,Mixed,Express Van,1078,0.27,Cloudy,0.482,1,0.8,1000,Economy,Morning Rush,Saturday,24.934,25.028,24.934,558.7,0,2024-09-21 06:00:00
SHP03131,Bhopal,Patna,Ahmedabad,General Network,Bhopal_Patna,Rural,FTL Truck,2489,0.44,Fog,0.544,2,0.7,1200,Economy,Afternoon,Monday,126.634,74.523,126.634,4279.4,1,2024-11-18 14:00:00
SHP03132,Nagpur,Patna,Delhi,General Network,Nagpur_Patna,City Road,FTL Truck,606,0.25,Cloudy,0.514,6,0.91,1600,Same-Day,Midday,Sunday,22.273,24.0,22.273,297.5,0,2024-01-21 10:00:00
SHP03133,Nagpur,Ahmedabad,Mumbai,General Network,Nagpur_Ahmedabad,City Road,FTL Truck,1575,0.59,Storm,0.51,5,0.39,1600,Express,Evening Rush,Tuesday,136.696,48.0,136.696,5501.7,1,2024-02-06 20:00:00
SHP03134,Bangalore,Surat,Patna,General Network,Bangalore_Surat,Expressway,Express Van,495,0.83,Fog,0.842,4,0.86,4200,Express,Evening Rush,Friday,12.852,7.066,12.852,499.3,0,2024-07-19 19:00:00
SHP03135,Coimbatore,Vizag,Pune,General Network,Coimbatore_Vizag,Mixed,Mini Truck,603,0.8,Rain,0.62,1,0.35,900,Economy,Morning Rush,Sunday,29.286,16.738,29.286,1087.2,0,2024-06-23 06:00:00
SHP03136,Hyderabad,Chandigarh,,General Network,Hyderabad_Chandigarh,Highway,Carting Vehicle,1868,0.86,Storm,0.684,0,0.42,3800,Same-Day,Evening Rush,Sunday,98.952,24.0,98.952,4069.1,1,2024-06-09 19:00:00
SHP03137,Indore,Kochi,,General Network,Indore_Kochi,Expressway,Mini Truck,1147,0.8,Heavy Rain,0.86,5,0.95,1400,Economy,Morning Rush,Tuesday,47.558,19.66,47.558,2048.5,0,2024-01-09 06:00:00
SHP03138,Mumbai,Hyderabad,Vadodara,General Network,Mumbai_Hyderabad,City Road,Carting Vehicle,480,0.5,Heavy Rain,0.468,5,0.42,5000,Same-Day,Midday,Sunday,42.083,24.0,42.083,1427.9,1,2024-04-07 11:00:00
SHP03139,Ahmedabad,Jaipur,,General Network,Ahmedabad_Jaipur,Expressway,Carting Vehicle,1201,0.88,Heavy Rain,0.676,1,0.37,2600,Express,Evening Rush,Wednesday,48.347,24.389,48.347,1889.5,1,2024-10-02 19:00:00
SHP03140,Bhopal,Bangalore,,General Network,Bhopal_Bangalore,Highway,FTL Truck,615,0.12,Storm,0.264,0,0.48,1200,Standard,Midday,Thursday,19.092,13.921,19.092,684.2,0,2024-09-12 13:00:00
SHP03141,Pune,Surat,,General Network,Pune_Surat,Mixed,Express Van,1686,0.15,Storm,0.298,4,0.52,2800,Standard,Morning Rush,Thursday,61.404,35.47,61.404,2218.2,0,2024-01-25 06:00:00
SHP03142,Nagpur,Coimbatore,Bhopal,General Network,Nagpur_Coimbatore,Rural,FTL Truck,1029,0.95,Heavy Rain,0.718,4,0.37,1600,Same-Day,Afternoon,Wednesday,62.391,24.0,62.391,2371.5,1,2024-10-02 14:00:00
SHP03143,Vizag,Surat,,General Network,Vizag_Surat,Highway,Container,1307,0.18,Clear,0.352,5,0.61,850,Express,Afternoon,Thursday,22.414,27.599,22.414,191.6,0,2024-05-23 16:00:00
SHP03144,Bangalore,Coimbatore,Vizag,General Network,Bangalore_Coimbatore,Expressway,Mini Truck,1572,0.69,Cloudy,0.514,3,,4200,Express,Evening Rush,Wednesday,29.932,28.062,29.932,692.8,0,2024-10-16 21:00:00
SHP03145,Kochi,Ahmedabad,,General Network,Kochi_Ahmedabad,Highway,Container,2077,0.24,Storm,0.348,5,0.51,800,Standard,Evening Rush,Monday,82.617,43.522,82.617,3124.4,1,2024-01-01 19:00:00
SHP03146,Lucknow,Chennai,,General Network,Lucknow_Chennai,Mixed,FTL Truck,495,0.65,Heavy Rain,0.586,3,0.49,2000,Economy,Midday,Tuesday,27.099,12.472,27.099,1131.0,0,2024-10-22 10:00:00
SHP03147,Mumbai,Coimbatore,,General Network,Mumbai_Coimbatore,Rural,Express Van,208,0.3,Fog,0.44,1,0.65,5000,Economy,Midday,Tuesday,9.284,6.677,9.284,315.9,0,2024-05-14 10:00:00
SHP03148,Kochi,Bhopal,,General Network,Kochi_Bhopal,Mixed,FTL Truck,2341,0.69,Clear,0.598,3,0.46,800,Economy,Evening Rush,Tuesday,69.538,54.36,69.538,1831.3,0,2024-10-29 18:00:00
SHP03149,Kolkata,Pune,,General Network,Kolkata_Pune,Highway,Express Van,303,0.8,Heavy Rain,0.728,1,0.62,3200,Express,Afternoon,Friday,9.598,8.113,9.598,378.3,0,2024-08-23 17:00:00
SHP03150,Ahmedabad,Lucknow,,General Network,Ahmedabad_Lucknow,Rural,FTL Truck,1303,0.56,Fog,0.528,1,0.48,2600,Standard,Midday,Thursday,63.625,38.984,63.625,2080.2,0,2024-11-07 11:00:00
SHP03151,Kolkata,Chandigarh,,General Network,Kolkata_Chandigarh,Expressway,Express Van,857,0.14,Fog,0.352,5,0.67,3200,Express,Evening Rush,Wednesday,15.239,13.846,15.239,443.7,0,2024-02-14 21:00:00
SHP03152,Chennai,Hyderabad,,Deccan-Southern Corridor,Chennai_Hyderabad,Highway,FTL Truck,1003,0.26,Cloudy,0.544,3,0.97,3500,Same-Day,Morning Rush,Monday,15.558,19.119,15.558,181.3,0,2024-05-13 09:00:00
SHP03153,Vadodara,Bangalore,Mumbai,General Network,Vadodara_Bangalore,Mixed,FTL Truck,463,0.81,Rain,0.574,0,0.22,750,Standard,Morning Rush,Monday,18.027,11.501,18.027,618.6,0,2024-10-07 06:00:00
SHP03154,Bangalore,Chennai,Coimbatore,Southern Corridor,Bangalore_Chennai,City Road,FTL Truck,436,0.42,Storm,0.536,6,0.71,4200,Express,Afternoon,Thursday,35.887,20.95,35.887,1405.8,0,2024-05-16 15:00:00
SHP03155,Bhopal,Lucknow,,General Network,Bhopal_Lucknow,Rural,Container,1861,0.76,Heavy Rain,0.772,2,0.79,1200,Standard,Midday,Wednesday,142.391,67.227,142.391,5624.2,1,2024-04-10 12:00:00
SHP03156,Surat,Chandigarh,Kochi,General Network,Surat_Chandigarh,Rural,Container,604,0.19,Heavy Rain,0.358,5,0.61,1800,Standard,Midday,Wednesday,34.495,24.544,34.495,1122.3,0,2024-09-18 13:00:00
SHP03157,Hyderabad,Bhopal,,General Network,Hyderabad_Bhopal,Rural,Container,2482,0.52,Heavy Rain,0.596,6,0.71,3800,Standard,Evening Rush,Friday,167.751,72.0,167.751,6171.7,1,2024-03-01 18:00:00
SHP03158,Kochi,Vadodara,Patna,General Network,Kochi_Vadodara,City Road,Mini Truck,1842,0.71,Storm,0.722,4,0.74,800,Economy,Evening Rush,Wednesday,228.419,80.184,228.419,10196.5,1,2024-10-02 19:00:00
SHP03159,Patna,Surat,,General Network,Patna_Surat,Mixed,Mini Truck,2157,0.53,Heavy Rain,0.618,6,0.75,1100,Economy,Midday,Monday,117.203,55.026,117.203,4635.5,0,2024-04-08 13:00:00
SHP03160,Ahmedabad,Jaipur,,General Network,Ahmedabad_Jaipur,Mixed,Mini Truck,826,0.8,Cloudy,0.78,5,0.75,2600,Same-Day,Morning Rush,Saturday,26.07,24.0,26.07,646.4,1,2024-08-17 07:00:00
SHP03161,Vizag,Nagpur,,General Network,Vizag_Nagpur,Rural,Express Van,638,0.24,Heavy Rain,0.536,1,0.98,850,Standard,Midday,Friday,26.954,19.749,26.954,877.5,0,2024-10-25 11:00:00
SHP03162,Coimbatore,Vizag,,General Network,Coimbatore_Vizag,Highway,Container,2152,,Cloudy,0.606,6,0.48,900,Express,Midday,Wednesday,52.83,44.189,52.83,1271.0,1,2024-10-02 12:00:00
SHP03163,Delhi,Chandigarh,,General Network,Delhi_Chandigarh,Mixed,Container,856,0.81,Storm,0.57,1,0.21,4800,Standard,Afternoon,Sunday,61.357,23.135,61.357,2674.4,0,2024-09-08 15:00:00
SHP03164,Patna,Mumbai,Chandigarh,General Network,Patna_Mumbai,Mixed,Mini Truck,746,0.21,Rain,0.43,6,0.76,1100,Economy,Midday,Friday,28.21,22.274,28.21,863.7,0,2024-07-12 13:00:00
SHP03165,Nagpur,Delhi,,General Network,Nagpur_Delhi,Mixed,Mini Truck,1713,0.94,Rain,0.844,6,0.7,1600,Standard,Morning Rush,Tuesday,79.547,44.898,79.547,2869.5,1,2024-01-30 08:00:00
SHP03166,Ahmedabad,Hyderabad,,General Network,Ahmedabad_Hyderabad,Highway,Mini Truck,425,0.5,Rain,0.4,6,0.25,2600,Economy,Midday,Wednesday,15.124,8.703,15.124,553.3,0,2024-06-19 11:00:00
SHP03167,Delhi,Coimbatore,,General Network,Delhi_Coimbatore,Highway,Carting Vehicle,2491,0.26,Fog,0.312,4,0.39,4800,Standard,Morning Rush,Wednesday,76.534,58.444,76.534,2101.0,1,2024-11-20 08:00:00
SHP03168,Lucknow,Bangalore,,General Network,Lucknow_Bangalore,Expressway,FTL Truck,1590,0.35,Storm,0.558,2,0.87,2000,Same-Day,Midday,Monday,41.65,23.491,41.65,1494.8,1,2024-05-06 12:00:00
SHP03169,Surat,Indore,Mumbai,General Network,Surat_Indore,Mixed,Express Van,1787,0.77,Clear,0.57,5,0.27,1800,Economy,Night,Thursday,48.325,36.316,48.325,1345.6,0,2024-06-06 22:00:00
SHP03170,Delhi,Chandigarh,,General Network,Delhi_Chandigarh,Rural,Express Van,89,0.26,Rain,0.492,6,0.84,4800,Express,Afternoon,Monday,6.286,4.699,6.286,274.0,0,2024-07-22 14:00:00
SHP03171,Indore,Patna,,General Network,Indore_Patna,Mixed,Mini Truck,947,0.56,Heavy Rain,0.448,6,0.28,1400,Economy,Afternoon,Friday,53.303,24.9,53.303,2146.0,0,2024-08-09 14:00:00
SHP03172,Bangalore,Nagpur,,General Network,Bangalore_Nagpur,City Road,Container,423,0.12,Rain,0.236,2,0.41,4200,Standard,Midday,Tuesday,23.567,20.999,23.567,560.9,0,2024-04-16 10:00:00
SHP03173,Jaipur,Bhopal,,General Network,Jaipur_Bhopal,Rural,Carting Vehicle,1344,0.93,Clear,0.666,0,0.27,2200,Express,Midday,Thursday,64.295,48.0,64.295,1468.4,1,2024-05-23 13:00:00
SHP03174,Jaipur,Coimbatore,,General Network,Jaipur_Coimbatore,Highway,Container,317,0.82,Storm,0.78,2,0.72,2200,Standard,Midday,Thursday,18.529,7.905,18.529,832.0,0,2024-10-17 10:00:00
SHP03175,Indore,Hyderabad,,General Network,Indore_Hyderabad,Rural,Carting Vehicle,577,0.88,Fog,0.744,3,0.54,1400,Express,Midday,Sunday,42.055,27.14,42.055,1497.5,0,2024-02-25 10:00:00
SHP03176,Pune,Mumbai,Chandigarh,Mumbai-Pune Expressway,Pune_Mumbai,Highway,Carting Vehicle,793,0.78,Heavy Rain,0.584,1,0.29,2800,Express,Evening Rush,Monday,35.824,20.464,35.824,1356.4,0,2024-09-09 20:00:00
SHP03177,Mumbai,Coimbatore,Indore,General Network,Mumbai_Coimbatore,Mixed,Mini Truck,706,0.23,Clear,0.522,6,0.96,5000,Standard,Midday,Thursday,18.444,20.923,18.444,322.2,0,2024-07-04 12:00:00
SHP03178,Ahmedabad,Indore,Coimbatore,General Network,Ahmedabad_Indore,Expressway,Carting Vehicle,187,0.75,Cloudy,0.846,5,0.99,2600,Economy,Afternoon,Monday,8.87,7.18,8.87,374.7,0,2024-10-21 14:00:00
SHP03179,Chandigarh,Bangalore,,General Network,Chandigarh_Bangalore,Expressway,Container,2284,0.7,Fog,0.672,0,0.63,1000,Express,Midday,Thursday,61.805,39.371,61.805,2011.2,1,2024-07-11 10:00:00
SHP03180,Mumbai,Ahmedabad,,Gujarat-Maharashtra Corridor,Mumbai_Ahmedabad,Mixed,Mini Truck,758,0.89,Heavy Rain,0.658,5,0.31,5000,Same-Day,Midday,Friday,40.147,20.257,40.147,1566.6,1,2024-08-09 12:00:00
SHP03181,Vizag,Pune,,General Network,Vizag_Pune,Expressway,Carting Vehicle,671,0.41,Fog,0.358,2,0.28,850,Standard,Afternoon,Wednesday,19.7,15.687,19.7,617.0,0,2024-05-22 14:00:00
SHP03182,Bangalore,Chandigarh,,General Network,Bangalore_Chandigarh,Expressway,Express Van,1308,,Rain,0.284,3,0.2,4200,Express,Midday,Sunday,20.639,19.587,20.639,520.0,0,2024-04-21 11:00:00
SHP03183,Hyderabad,Lucknow,Vadodara,General Network,Hyderabad_Lucknow,Rural,Express Van,1611,0.75,Rain,0.566,4,0.29,3800,Express,Evening Rush,Wednesday,66.184,43.401,66.184,2103.2,1,2024-05-15 21:00:00
SHP03184,Chennai,Nagpur,,General Network,Chennai_Nagpur,Expressway,Mini Truck,531,0.26,Clear,0.488,0,0.83,3500,Economy,Evening Rush,Tuesday,8.64,10.277,8.64,145.7,0,2024-12-03 20:00:00
SHP03185,Chennai,Lucknow,,General Network,Chennai_Lucknow,Mixed,Carting Vehicle,1846,0.35,Rain,0.37,1,0.4,3500,Economy,Afternoon,Wednesday,83.523,57.042,83.523,2550.1,0,2024-01-03 16:00:00
SHP03186,Vizag,Hyderabad,Chennai,General Network,Vizag_Hyderabad,Highway,Container,2137,0.26,Fog,0.468,5,0.78,850,Standard,Midday,Friday,59.298,42.584,59.298,1672.3,0,2024-01-19 10:00:00
SHP03187,Mumbai,Vadodara,Chennai,General Network,Mumbai_Vadodara,Rural,Express Van,949,0.71,Cloudy,0.662,0,0.59,5000,Express,Morning Rush,Thursday,29.712,28.223,29.712,682.4,0,2024-10-24 06:00:00
SHP03188,Mumbai,Delhi,Surat,Western Corridor,Mumbai_Delhi,City Road,Container,1588,0.61,Cloudy,0.702,6,0.84,5000,Economy,Midday,Thursday,101.011,73.705,101.011,2858.0,0,2024-09-26 13:00:00
SHP03189,Pune,Kolkata,Patna,General Network,Pune_Kolkata,Expressway,Carting Vehicle,127,0.86,Clear,0.692,4,0.44,2800,Express,Afternoon,Saturday,4.426,3.734,4.426,158.6,0,2024-02-24 17:00:00
SHP03190,Vizag,Surat,Indore,General Network,Vizag_Surat,City Road,FTL Truck,2501,0.56,Rain,0.7,4,0.91,850,Economy,Afternoon,Friday,165.142,96.593,165.142,5621.1,1,2024-10-04 16:00:00
SHP03191,Bangalore,Pune,Delhi,General Network,Bangalore_Pune,City Road,Mini Truck,2508,0.97,Storm,0.67,4,0.22,4200,Economy,Morning Rush,Wednesday,350.343,104.943,350.343,16243.4,1,2024-08-14 09:00:00
SHP03192,Ahmedabad,Bhopal,,General Network,Ahmedabad_Bhopal,Rural,Carting Vehicle,173,0.52,Fog,0.616,4,0.76,2600,Economy,Night,Wednesday,14.243,9.368,14.243,547.0,0,2024-05-22 22:00:00
SHP03193,Jaipur,Ahmedabad,,General Network,Jaipur_Ahmedabad,City Road,Container,405,0.93,Fog,0.774,3,0.54,2200,Economy,Afternoon,Thursday,41.439,21.988,41.439,1669.5,0,2024-10-17 16:00:00
SHP03194,Vadodara,Surat,Pune,General Network,Vadodara_Surat,Expressway,Mini Truck,291,0.7,Clear,0.708,0,0.72,750,Same-Day,Morning Rush,Monday,5.145,5.758,5.145,104.5,0,2024-11-25 07:00:00
SHP03195,Ahmedabad,Bhopal,,General Network,Ahmedabad_Bhopal,City Road,FTL Truck,1168,0.66,Rain,0.628,1,0.58,2600,Express,Evening Rush,Saturday,67.117,48.0,67.117,2024.7,1,2024-10-05 19:00:00
SHP03196,Chennai,Lucknow,,General Network,Chennai_Lucknow,City Road,FTL Truck,684,0.44,Fog,0.364,2,0.25,3500,Economy,Afternoon,Friday,45.343,28.493,45.343,1548.0,0,2024-09-13 16:00:00
SHP03197,Vadodara,Chennai,,General Network,Vadodara_Chennai,Mixed,Express Van,934,0.7,Cloudy,0.608,3,0.47,750,Economy,Evening Rush,Sunday,27.337,19.489,27.337,828.0,0,2024-04-21 20:00:00
SHP03198,Mumbai,Delhi,Surat,Western Corridor,Mumbai_Delhi,Highway,FTL Truck,1130,0.84,Fog,0.584,3,0.2,5000,Standard,Evening Rush,Friday,36.471,20.448,36.471,1340.8,0,2024-03-22 18:00:00
SHP03199,Kochi,Surat,,General Network,Kochi_Surat,Highway,Container,1418,0.54,Storm,0.612,2,0.72,800,Standard,Morning Rush,Saturday,67.134,29.712,67.134,2776.8,0,2024-10-12 07:00:00
SHP03200,Pune,Lucknow,,General Network,Pune_Lucknow,Rural,Container,1200,0.96,Fog,0.72,2,0.36,2800,Same-Day,Evening Rush,Wednesday,72.334,24.0,72.334,2457.7,1,2024-01-03 19:00:00
SHP03201,Indore,Kochi,,General Network,Indore_Kochi,Highway,Carting Vehicle,456,0.94,Fog,0.96,1,0.99,1400,Express,Midday,Tuesday,20.425,12.032,20.425,769.5,0,2024-12-24 13:00:00
SHP03202,Patna,Nagpur,Surat,General Network,Patna_Nagpur,Highway,Mini Truck,1646,0.35,Rain,0.454,0,0.61,1100,Standard,Afternoon,Thursday,42.092,32.486,42.092,1153.8,0,2024-07-11 17:00:00
SHP03203,Vadodara,Kolkata,,General Network,Vadodara_Kolkata,Highway,Express Van,1214,0.29,Fog,0.414,4,0.6,750,Economy,Evening Rush,Saturday,29.733,20.255,29.733,992.2,0,2024-08-10 18:00:00
SHP03204,Surat,Jaipur,,General Network,Surat_Jaipur,Mixed,Mini Truck,1793,0.96,Cloudy,0.688,1,0.28,1800,Same-Day,Evening Rush,Sunday,55.78,24.0,55.78,1354.6,1,2024-11-17 18:00:00
SHP03205,Ahmedabad,Kolkata,Chennai,General Network,Ahmedabad_Kolkata,Highway,FTL Truck,2238,0.67,Clear,0.55,3,0.37,2600,Economy,Morning Rush,Saturday,49.487,38.676,49.487,1290.7,0,2024-09-28 09:00:00
SHP03206,Kolkata,Chandigarh,Hyderabad,General Network,Kolkata_Chandigarh,Expressway,Express Van,2156,0.87,Heavy Rain,0.778,3,0.64,3200,Standard,Morning Rush,Tuesday,62.092,28.528,62.092,2541.4,0,2024-12-24 06:00:00
SHP03207,Nagpur,Chandigarh,Mumbai,General Network,Nagpur_Chandigarh,Expressway,FTL Truck,1547,0.27,Rain,0.326,6,,1600,Economy,Evening Rush,Thursday,32.645,23.581,32.645,981.7,0,2024-10-31 18:00:00
SHP03208,Bangalore,Lucknow,Vadodara,General Network,Bangalore_Lucknow,Highway,Express Van,2447,0.37,Storm,0.51,2,0.72,4200,Standard,Evening Rush,Monday,76.888,37.074,76.888,3017.4,1,2024-02-26 19:00:00
SHP03209,Vadodara,Patna,,General Network,Vadodara_Patna,City Road,Mini Truck,2092,0.91,Fog,0.75,3,0.51,750,Standard,Morning Rush,Friday,173.943,72.0,173.943,6451.8,1,2024-05-03 09:00:00
SHP03210,Surat,Coimbatore,,General Network,Surat_Coimbatore,Mixed,FTL Truck,2367,0.46,Fog,0.644,6,0.92,1800,Economy,Evening Rush,Tuesday,92.481,53.76,92.481,3181.9,0,2024-01-30 21:00:00
SHP03211,Ahmedabad,Patna,Chandigarh,General Network,Ahmedabad_Patna,City Road,Container,537,0.48,Rain,0.532,6,0.61,2600,Standard,Midday,Monday,37.198,26.126,37.198,1148.9,0,2024-04-15 13:00:00
SHP03212,Mumbai,Chennai,,General Network,Mumbai_Chennai,Expressway,Carting Vehicle,368,0.87,Storm,0.71,4,0.47,5000,Economy,Afternoon,Thursday,23.582,8.109,23.582,1105.0,0,2024-06-20 14:00:00
SHP03213,Patna,Mumbai,,General Network,Patna_Mumbai,Highway,Carting Vehicle,318,0.28,Storm,0.496,1,0.82,1100,Express,Evening Rush,Tuesday,14.461,11.21,14.461,549.7,0,2024-07-23 21:00:00
SHP03214,Mumbai,Chandigarh,Hyderabad,General Network,Mumbai_Chandigarh,Highway,Carting Vehicle,1751,0.31,Fog,0.51,2,0.81,5000,Same-Day,Evening Rush,Sunday,47.756,24.0,47.756,1114.4,1,2024-03-31 20:00:00
SHP03215,Coimbatore,Jaipur,,General Network,Coimbatore_Jaipur,Mixed,Mini Truck,731,0.36,Cloudy,0.344,2,0.32,900,Express,Midday,Tuesday,18.074,20.111,18.074,272.2,0,2024-04-09 12:00:00
SHP03216,Pune,Hyderabad,Surat,General Network,Pune_Hyderabad,City Road,Container,98,0.74,Clear,0.688,3,0.61,2800,Economy,Afternoon,Tuesday,7.704,5.617,7.704,264.6,0,2024-12-24 16:00:00
SHP03217,Bangalore,Kolkata,,General Network,Bangalore_Kolkata,Rural,FTL Truck,896,0.59,Clear,0.494,5,0.35,4200,Express,Afternoon,Tuesday,27.925,29.256,27.925,480.8,0,2024-06-04 14:00:00
SHP03218,Surat,Indore,Bhopal,General Network,Surat_Indore,Expressway,Container,931,0.78,Heavy Rain,0.668,2,0.5,1800,Economy,Morning Rush,Sunday,38.811,17.93,38.811,1636.9,0,2024-03-10 07:00:00
SHP03219,Chandigarh,Jaipur,Bhopal,General Network,Chandigarh_Jaipur,Highway,Express Van,800,0.44,Storm,0.656,6,0.98,1000,Economy,Evening Rush,Sunday,32.665,13.017,32.665,1438.1,0,2024-04-28 20:00:00
SHP03220,Lucknow,Ahmedabad,,General Network,Lucknow_Ahmedabad,City Road,Express Van,1969,0.92,Storm,0.892,4,0.85,2000,Express,Midday,Tuesday,174.966,48.0,174.966,7562.8,1,2024-06-11 10:00:00
SHP03221,Vadodara,Kolkata,Bangalore,General Network,Vadodara_Kolkata,Expressway,FTL Truck,1139,0.48,Clear,0.52,5,0.58,750,Express,Midday,Thursday,17.131,19.679,17.131,308.5,0,2024-09-12 13:00:00
SHP03222,Delhi,Hyderabad,,General Network,Delhi_Hyderabad,Highway,Mini Truck,290,0.13,Storm,0.422,1,0.86,4800,Same-Day,Evening Rush,Monday,9.691,9.83,9.691,339.8,0,2024-09-30 18:00:00
SHP03223,Bangalore,Mumbai,Kochi,Western-Southern Corridor,Bangalore_Mumbai,City Road,Carting Vehicle,1994,0.52,Fog,0.596,1,0.71,4200,Same-Day,Midday,Friday,138.34,24.0,138.34,3742.7,1,2024-04-19 11:00:00
SHP03224,Vizag,Kochi,,General Network,Vizag_Kochi,Highway,Container,2005,0.84,Heavy Rain,0.812,2,0.77,850,Economy,Midday,Saturday,101.262,40.184,101.262,4306.6,0,2024-06-29 11:00:00
SHP03225,Chennai,Lucknow,Kochi,General Network,Chennai_Lucknow,Expressway,Carting Vehicle,1064,0.89,Cloudy,0.862,2,0.82,3500,Standard,Evening Rush,Friday,29.425,20.677,29.425,869.5,0,2024-02-09 18:00:00
SHP03226,Jaipur,Chandigarh,,General Network,Jaipur_Chandigarh,Mixed,Container,1188,0.24,Storm,0.276,5,0.33,2200,Standard,Afternoon,Saturday,62.916,32.396,62.916,2377.3,0,2024-12-07 15:00:00
SHP03227,Coimbatore,Nagpur,,General Network,Coimbatore_Nagpur,Expressway,Express Van,812,0.97,Fog,0.686,2,0.26,900,Same-Day,Morning Rush,Saturday,17.569,11.689,17.569,608.2,0,2024-07-13 07:00:00
SHP03228,Ahmedabad,Pune,Bhopal,General Network,Ahmedabad_Pune,Mixed,Carting Vehicle,1258,0.91,Clear,0.666,3,0.3,2600,Same-Day,Afternoon,Sunday,41.871,24.0,41.871,834.9,1,2024-11-03 17:00:00
SHP03229,Hyderabad,Nagpur,Ahmedabad,General Network,Hyderabad_Nagpur,Mixed,Mini Truck,1801,0.26,Clear,0.544,6,0.97,3800,Express,Morning Rush,Friday,40.525,48.0,40.525,430.4,0,2024-08-23 06:00:00
SHP03230,Jaipur,Bhopal,,General Network,Jaipur_Bhopal,Mixed,FTL Truck,2393,0.74,Heavy Rain,0.632,1,0.47,2200,Express,Midday,Saturday,106.573,48.0,106.573,4001.4,1,2024-11-23 12:00:00
SHP03231,Kolkata,Vizag,,General Network,Kolkata_Vizag,Mixed,Express Van,1356,0.11,Clear,0.222,4,0.39,3200,Express,Morning Rush,Wednesday,21.64,28.586,21.64,119.3,0,2024-06-26 09:00:00
SHP03232,Jaipur,Patna,,General Network,Jaipur_Patna,City Road,Mini Truck,402,0.79,Heavy Rain,0.758,1,0.71,2200,Same-Day,Evening Rush,Saturday,33.208,19.161,33.208,1226.8,1,2024-03-23 20:00:00
SHP03233,Kolkata,Surat,Patna,General Network,Kolkata_Surat,City Road,Express Van,1522,0.34,Fog,0.4,6,0.49,3200,Standard,Morning Rush,Thursday,75.017,50.972,75.017,2232.2,1,2024-01-18 08:00:00
SHP03234,Pune,Jaipur,Chennai,General Network,Pune_Jaipur,Mixed,Express Van,601,0.36,Rain,0.552,0,0.84,2800,Same-Day,Night,Monday,14.351,16.22,14.351,338.5,0,2024-09-23 22:00:00
SHP03235,Pune,Bangalore,,General Network,Pune_Bangalore,City Road,Container,1040,0.32,Clear,0.448,4,0.64,2800,Same-Day,Afternoon,Monday,39.977,24.0,39.977,301.2,1,2024-03-25 15:00:00
SHP03236,Chandigarh,Bhopal,,General Network,Chandigarh_Bhopal,Expressway,FTL Truck,1767,0.84,Fog,0.876,5,0.93,1000,Economy,Evening Rush,Friday,54.365,27.391,54.365,2145.9,0,2024-07-12 19:00:00
SHP03237,Delhi,Mumbai,Indore,Western Corridor,Delhi_Mumbai,Highway,Mini Truck,2483,0.3,Fog,0.48,2,0.75,4800,Economy,Morning Rush,Wednesday,72.899,48.755,72.899,2304.8,0,2024-03-13 08:00:00
SHP03238,Pune,Delhi,,General Network,Pune_Delhi,Highway,Carting Vehicle,1162,0.33,Cloudy,0.598,3,1.0,2800,Same-Day,Afternoon,Saturday,24.366,24.0,24.366,300.0,1,2024-08-31 16:00:00
SHP03239,Lucknow,Surat,,General Network,Lucknow_Surat,Highway,Express Van,1167,0.56,Cloudy,0.476,0,0.35,2000,Standard,Afternoon,Wednesday,20.585,20.934,20.585,474.0,0,2024-07-10 16:00:00
SHP03240,Kolkata,Chennai,,General Network,Kolkata_Chennai,Expressway,Express Van,1270,0.39,Storm,0.362,6,,3200,Same-Day,Morning Rush,Friday,30.217,19.378,30.217,1115.5,1,2024-07-19 07:00:00
SHP03241,Hyderabad,Kochi,,General Network,Hyderabad_Kochi,Mixed,Container,2395,0.23,Rain,0.45,4,0.78,3800,Express,Afternoon,Friday,74.117,48.0,74.117,1629.4,1,2024-12-13 16:00:00
SHP03242,Kolkata,Vizag,,General Network,Kolkata_Vizag,Rural,Carting Vehicle,1827,0.13,Rain,0.214,1,0.34,3200,Same-Day,Midday,Friday,72.044,24.0,72.044,1074.6,1,2024-08-09 13:00:00
SHP03243,Mumbai,Chandigarh,,General Network,Mumbai_Chandigarh,City Road,Carting Vehicle,1514,0.91,Heavy Rain,0.642,5,0.24,5000,Same-Day,Midday,Friday,154.04,24.0,154.04,5781.8,1,2024-10-18 13:00:00
SHP03244,Patna,Coimbatore,,General Network,Patna_Coimbatore,Mixed,FTL Truck,512,0.94,Fog,0.808,4,0.61,1100,Standard,Midday,Wednesday,24.445,13.528,24.445,954.7,0,2024-05-15 11:00:00
SHP03245,Lucknow,Kochi,,General Network,Lucknow_Kochi,Expressway,FTL Truck,523,0.38,Fog,0.552,3,0.81,2000,Same-Day,Afternoon,Tuesday,10.602,10.009,10.602,305.8,0,2024-10-22 17:00:00
SHP03246,Bangalore,Nagpur,Mumbai,General Network,Bangalore_Nagpur,Expressway,Carting Vehicle,1988,0.63,Fog,0.758,1,0.95,4200,Express,Night,Thursday,58.324,37.525,58.324,1825.3,1,2024-10-10 22:00:00
SHP03247,Lucknow,Coimbatore,,General Network,Lucknow_Coimbatore,Expressway,Carting Vehicle,1379,0.11,Storm,0.346,4,0.7,2000,Express,Midday,Tuesday,44.898,28.779,44.898,1532.6,0,2024-10-22 11:00:00
SHP03248,Coimbatore,Lucknow,,General Network,Coimbatore_Lucknow,City Road,Mini Truck,1876,0.84,Heavy Rain,0.732,0,0.57,900,Economy,Evening Rush,Thursday,201.897,82.093,201.897,8540.5,1,2024-07-11 20:00:00
SHP03249,Bhopal,Pune,Vizag,General Network,Bhopal_Pune,Expressway,Express Van,551,0.31,Clear,0.286,5,0.25,1200,Economy,Afternoon,Monday,9.44,11.519,9.44,263.8,0,2024-03-11 15:00:00
SHP03250,Chennai,Patna,,General Network,Chennai_Patna,Mixed,Mini Truck,1112,0.59,Heavy Rain,0.534,5,0.45,3500,Same-Day,Morning Rush,Saturday,49.194,24.0,49.194,1716.1,1,2024-01-06 09:00:00
SHP03251,Mumbai,Pune,,Mumbai-Pune Expressway,Mumbai_Pune,Mixed,FTL Truck,373,0.81,Fog,0.75,6,0.66,5000,Express,Afternoon,Tuesday,15.857,9.408,15.857,578.4,0,2024-08-20 15:00:00
SHP03252,Vizag,Bangalore,Vadodara,General Network,Vizag_Bangalore,Rural,Container,1210,0.49,Storm,0.694,6,1.0,850,Economy,Midday,Sunday,110.95,42.869,110.95,4759.0,0,2024-02-04 11:00:00
SHP03253,Hyderabad,Lucknow,Surat,General Network,Hyderabad_Lucknow,Expressway,Container,2485,0.97,Storm,0.902,0,0.8,3800,Standard,Afternoon,Saturday,121.0,41.778,121.0,5413.6,1,2024-12-21 15:00:00
SHP03254,Kolkata,Surat,,General Network,Kolkata_Surat,Expressway,Mini Truck,1301,0.66,Clear,0.512,2,0.29,3200,Express,Evening Rush,Monday,22.535,21.308,22.535,439.1,0,2024-01-01 21:00:00
SHP03255,Kolkata,Vadodara,Chandigarh,General Network,Kolkata_Vadodara,Expressway,Carting Vehicle,1873,0.73,Cloudy,0.75,4,0.78,3200,Express,Afternoon,Tuesday,44.187,39.07,44.187,1074.0,0,2024-05-21 17:00:00
SHP03256,Nagpur,Delhi,,General Network,Nagpur_Delhi,Mixed,Carting Vehicle,1712,0.96,Cloudy,0.888,2,0.78,1600,Standard,Morning Rush,Wednesday,75.634,52.686,75.634,2255.4,1,2024-05-22 06:00:00
SHP03257,Hyderabad,Chandigarh,Coimbatore,General Network,Hyderabad_Chandigarh,Mixed,Carting Vehicle,1249,0.69,Cloudy,0.67,5,0.64,3800,Economy,Morning Rush,Thursday,56.245,40.313,56.245,1709.3,0,2024-08-22 07:00:00
SHP03258,Surat,Bangalore,Mumbai,General Network,Surat_Bangalore,Rural,Container,1847,0.25,Cloudy,0.518,0,0.92,1800,Economy,Night,Tuesday,72.12,67.23,72.12,1429.9,0,2024-05-07 22:00:00
SHP03259,Mumbai,Pune,Kochi,Mumbai-Pune Expressway,Mumbai_Pune,Mixed,Mini Truck,689,0.67,Heavy Rain,0.714,4,0.78,5000,Standard,Midday,Tuesday,37.022,18.177,37.022,1455.8,0,2024-04-02 11:00:00
SHP03260,Vizag,Chennai,Kolkata,General Network,Vizag_Chennai,Expressway,Carting Vehicle,980,0.82,Fog,0.676,4,0.46,850,Standard,Midday,Thursday,36.152,19.546,36.152,1343.9,0,2024-03-14 13:00:00
SHP03261,Jaipur,Bangalore,,General Network,Jaipur_Bangalore,Expressway,Container,1155,0.57,,0.63,0,0.72,2200,Express,Midday,Monday,19.517,23.558,19.517,312.8,0,2024-03-25 12:00:00
SHP03262,Pune,Hyderabad,Chennai,General Network,Pune_Hyderabad,City Road,Mini Truck,2506,0.78,Fog,0.864,0,0.99,2800,Same-Day,Evening Rush,Tuesday,165.151,24.0,165.151,5135.8,1,2024-09-17 18:00:00
SHP03263,Ahmedabad,Jaipur,,General Network,Ahmedabad_Jaipur,Expressway,Carting Vehicle,1562,0.17,Storm,0.266,5,0.41,2600,Same-Day,Evening Rush,Saturday,47.745,24.0,47.745,1549.4,1,2024-09-21 21:00:00
SHP03264,Jaipur,Kolkata,Coimbatore,General Network,Jaipur_Kolkata,City Road,Container,1005,0.71,Storm,0.65,0,0.56,2200,Same-Day,Night,Saturday,99.879,24.0,99.879,3965.9,1,2024-01-27 22:00:00
SHP03265,Jaipur,Ahmedabad,,General Network,Jaipur_Ahmedabad,City Road,FTL Truck,2350,0.46,Storm,0.356,5,0.2,2200,Standard,Evening Rush,Sunday,202.622,72.0,202.622,8128.7,1,2024-07-14 21:00:00
SHP03266,Coimbatore,Nagpur,Delhi,General Network,Coimbatore_Nagpur,Mixed,Mini Truck,1408,0.96,Fog,0.888,5,0.78,900,Economy,Night,Tuesday,80.332,36.226,80.332,3255.5,0,2024-04-23 22:00:00
SHP03267,Kolkata,Jaipur,,General Network,Kolkata_Jaipur,Mixed,FTL Truck,1982,0.39,Storm,0.506,2,0.68,3200,Same-Day,Midday,Saturday,83.237,24.0,83.237,3012.2,1,2024-03-02 10:00:00
SHP03268,Delhi,Chandigarh,Coimbatore,General Network,Delhi_Chandigarh,Mixed,Carting Vehicle,1536,0.35,Storm,0.302,4,0.23,4800,Economy,Evening Rush,Sunday,109.531,48.391,109.531,4523.9,0,2024-06-16 19:00:00
SHP03269,Ahmedabad,Chandigarh,Chennai,General Network,Ahmedabad_Chandigarh,City Road,Mini Truck,347,0.87,Clear,0.822,0,0.75,2600,Standard,Evening Rush,Thursday,19.388,17.159,19.388,502.3,0,2024-05-30 21:00:00
SHP03270,Delhi,Patna,,General Network,Delhi_Patna,Expressway,Express Van,2197,0.33,Storm,0.47,4,0.68,4800,Same-Day,Evening Rush,Monday,50.652,24.0,50.652,1832.5,1,2024-03-04 18:00:00
SHP03271,Chandigarh,Vizag,Vadodara,General Network,Chandigarh_Vizag,Mixed,FTL Truck,2445,0.83,Clear,0.89,6,0.98,1000,Express,Afternoon,Wednesday,65.805,48.0,65.805,1503.3,1,2024-04-24 15:00:00
SHP03272,Chandigarh,Chennai,,General Network,Chandigarh_Chennai,Rural,FTL Truck,878,0.99,Storm,0.738,5,0.36,1000,Same-Day,Midday,Saturday,67.819,24.0,67.819,2898.5,1,2024-01-06 12:00:00
SHP03273,Jaipur,Pune,,General Network,Jaipur_Pune,Highway,Carting Vehicle,1593,0.2,Cloudy,0.5,4,0.95,2200,Economy,Morning Rush,Sunday,40.769,39.412,40.769,853.1,0,2024-10-06 09:00:00
SHP03274,Vizag,Chandigarh,,General Network,Vizag_Chandigarh,Rural,Carting Vehicle,655,0.22,Fog,0.268,4,0.34,850,Economy,Midday,Tuesday,39.905,26.803,39.905,1229.9,0,2024-09-24 13:00:00
SHP03275,Kochi,Vizag,,General Network,Kochi_Vizag,Expressway,FTL Truck,1999,0.48,Cloudy,0.376,3,,800,Standard,Morning Rush,Wednesday,33.367,28.609,33.367,739.5,0,2024-07-17 08:00:00
SHP03276,Jaipur,Kochi,Chennai,General Network,Jaipur_Kochi,Expressway,Mini Truck,1762,0.68,Heavy Rain,0.712,4,0.76,2200,Standard,Afternoon,Sunday,59.043,28.048,59.043,2306.1,0,2024-10-06 17:00:00
SHP03277,Surat,Jaipur,Vizag,General Network,Surat_Jaipur,City Road,Express Van,531,0.4,Heavy Rain,0.468,0,0.57,1800,Express,Morning Rush,Wednesday,29.656,18.852,29.656,987.8,0,2024-04-24 06:00:00
SHP03278,Kolkata,Coimbatore,,General Network,Kolkata_Coimbatore,Rural,Express Van,697,0.86,Cloudy,0.648,6,0.33,3200,Standard,Morning Rush,Monday,26.805,19.575,26.805,800.2,0,2024-05-27 08:00:00
SHP03279,Indore,Ahmedabad,Surat,General Network,Indore_Ahmedabad,Mixed,Mini Truck,1886,0.5,Cloudy,0.496,4,0.49,1400,Economy,Afternoon,Sunday,61.868,47.504,61.868,1616.5,0,2024-01-14 17:00:00
SHP03280,Indore,Surat,,General Network,Indore_Surat,Expressway,Container,2294,0.44,Rain,0.516,2,,1400,Standard,Afternoon,Tuesday,55.037,39.89,55.037,1597.7,0,2024-08-06 15:00:00
SHP03281,Indore,Kolkata,,General Network,Indore_Kolkata,Mixed,Mini Truck,179,0.53,Cloudy,0.458,6,0.35,1400,Standard,Morning Rush,Friday,7.965,7.484,7.965,279.0,0,2024-02-02 08:00:00
SHP03282,Mumbai,Bangalore,,Western-Southern Corridor,Mumbai_Bangalore,Expressway,Container,2213,0.31,Storm,0.546,6,0.9,5000,Economy,Evening Rush,Tuesday,87.434,39.185,87.434,3601.7,0,2024-02-06 21:00:00
SHP03283,Delhi,Ahmedabad,,General Network,Delhi_Ahmedabad,City Road,FTL Truck,1064,0.76,Cloudy,0.564,1,0.27,4800,Same-Day,Afternoon,Monday,46.515,24.0,46.515,966.9,1,2024-07-08 14:00:00
SHP03284,Nagpur,Lucknow,,General Network,Nagpur_Lucknow,Rural,Mini Truck,813,0.57,Heavy Rain,0.582,4,0.6,1600,Express,Evening Rush,Tuesday,50.064,29.803,50.064,1799.4,1,2024-12-17 20:00:00
SHP03285,Bangalore,Chandigarh,Bhopal,General Network,Bangalore_Chandigarh,Rural,Mini Truck,2462,0.6,Clear,0.584,6,0.56,4200,Economy,Midday,Thursday,102.496,81.917,102.496,2502.3,0,2024-11-07 11:00:00
SHP03286,Bangalore,Kochi,,General Network,Bangalore_Kochi,City Road,FTL Truck,2138,0.59,Rain,0.598,6,0.61,4200,Express,Midday,Friday,117.264,48.0,117.264,3370.7,1,2024-02-09 11:00:00
SHP03287,Kolkata,Bhopal,Kochi,General Network,Kolkata_Bhopal,City Road,Express Van,1682,0.49,Rain,0.398,1,0.26,3200,Standard,Evening Rush,Tuesday,81.976,56.125,81.976,2411.2,1,2024-06-11 19:00:00
SHP03288,Lucknow,Surat,Kolkata,General Network,Lucknow_Surat,City Road,Container,200,0.27,Heavy Rain,0.534,2,0.93,2000,Express,Morning Rush,Tuesday,15.134,12.528,15.134,504.7,0,2024-01-30 07:00:00
SHP03289,Delhi,Vadodara,,General Network,Delhi_Vadodara,Highway,Container,2091,0.79,Fog,0.59,2,0.29,4800,Express,Midday,Sunday,70.534,43.027,70.534,2387.0,1,2024-01-14 12:00:00
SHP03290,Chandigarh,Kolkata,,General Network,Chandigarh_Kolkata,Mixed,FTL Truck,1519,0.65,Storm,0.538,3,0.37,1000,Same-Day,Afternoon,Monday,72.858,24.0,72.858,2852.5,1,2024-09-30 14:00:00
SHP03291,Lucknow,Chennai,Kochi,General Network,Lucknow_Chennai,Mixed,Mini Truck,2377,0.61,Storm,0.722,0,0.89,2000,Economy,Evening Rush,Thursday,162.101,62.148,162.101,7084.9,1,2024-11-14 19:00:00
SHP03292,Surat,Bangalore,,General Network,Surat_Bangalore,Mixed,Express Van,1541,0.94,Rain,0.816,6,0.63,1800,Standard,Morning Rush,Thursday,58.406,30.89,58.406,2164.4,0,2024-05-09 07:00:00
SHP03293,Chennai,Delhi,Ahmedabad,General Network,Chennai_Delhi,Expressway,Container,2030,0.51,Rain,0.646,4,0.85,3500,Express,Morning Rush,Thursday,47.522,36.315,47.522,1342.9,0,2024-06-13 07:00:00
SHP03294,Surat,Ahmedabad,,General Network,Surat_Ahmedabad,Highway,Carting Vehicle,1285,0.96,Storm,0.708,2,0.33,1800,Express,Morning Rush,Monday,78.44,31.342,78.44,3421.4,1,2024-05-06 06:00:00
SHP03295,Surat,Kochi,Mumbai,General Network,Surat_Kochi,City Road,Mini Truck,1644,0.52,Rain,0.532,1,0.55,1800,Same-Day,Evening Rush,Sunday,88.203,24.0,88.203,2160.8,1,2024-02-11 19:00:00
SHP03296,Indore,Patna,,General Network,Indore_Patna,City Road,Container,2450,0.93,Heavy Rain,0.642,5,0.21,1400,Economy,Morning Rush,Tuesday,291.141,108.604,291.141,12527.3,1,2024-11-12 09:00:00
SHP03297,Jaipur,Kochi,Nagpur,General Network,Jaipur_Kochi,Highway,FTL Truck,1339,0.36,Cloudy,0.508,2,0.73,2200,Economy,Afternoon,Sunday,27.316,25.205,27.316,634.7,0,2024-07-14 16:00:00
SHP03298,Coimbatore,Jaipur,,General Network,Coimbatore_Jaipur,Mixed,Express Van,1017,0.61,Rain,0.706,4,0.85,900,Standard,Midday,Wednesday,32.441,20.696,32.441,1062.1,0,2024-10-30 13:00:00
SHP03299,Bangalore,Chennai,Kolkata,Southern Corridor,Bangalore_Chennai,Expressway,Carting Vehicle,291,0.47,Rain,0.438,4,0.39,4200,Economy,Midday,Tuesday,10.638,10.092,10.638,393.3,0,2024-05-14 13:00:00
SHP03300,Chandigarh,Nagpur,,General Network,Chandigarh_Nagpur,Mixed,Mini Truck,250,0.24,Cloudy,0.52,0,0.94,1000,Standard,Morning Rush,Tuesday,6.794,8.607,6.794,129.9,0,2024-11-26 08:00:00
SHP03301,Jaipur,Chandigarh,,General Network,Jaipur_Chandigarh,Mixed,Carting Vehicle,2095,0.48,Heavy Rain,0.384,4,0.24,2200,Standard,Evening Rush,Saturday,117.95,63.884,117.95,4283.6,1,2024-12-07 21:00:00
SHP03302,Coimbatore,Bangalore,Surat,General Network,Coimbatore_Bangalore,Expressway,Container,405,0.67,Storm,0.682,2,0.7,900,Economy,Evening Rush,Thursday,21.315,11.106,21.315,978.0,0,2024-10-10 20:00:00
SHP03303,Chandigarh,Pune,,General Network,Chandigarh_Pune,City Road,Mini Truck,1411,0.99,Clear,0.918,2,0.81,1000,Economy,Afternoon,Friday,91.238,59.39,91.238,2786.7,0,2024-11-22 16:00:00
SHP03304,Vizag,Coimbatore,,General Network,Vizag_Coimbatore,City Road,Mini Truck,791,0.36,Rain,0.6,1,0.96,850,Same-Day,Afternoon,Tuesday,39.617,24.0,39.617,870.3,1,2024-02-06 16:00:00
SHP03305,Hyderabad,Coimbatore,,General Network,Hyderabad_Coimbatore,Expressway,Express Van,1701,0.83,Clear,0.894,1,0.99,3800,Standard,Evening Rush,Tuesday,27.124,24.53,27.124,693.2,0,2024-03-05 20:00:00
SHP03306,Kochi,Hyderabad,,General Network,Kochi_Hyderabad,Highway,Express Van,1242,0.46,Clear,0.616,3,0.85,800,Same-Day,Midday,Friday,17.499,20.157,17.499,240.0,0,2024-06-07 12:00:00
SHP03307,Ahmedabad,Coimbatore,,General Network,Ahmedabad_Coimbatore,Rural,Container,1013,0.57,Rain,0.654,1,0.78,2600,Express,Midday,Tuesday,50.859,37.474,50.859,1462.5,1,2024-10-22 11:00:00
SHP03308,Kolkata,Mumbai,Jaipur,General Network,Kolkata_Mumbai,Expressway,Express Van,441,0.29,Heavy Rain,0.414,3,0.6,3200,Economy,Morning Rush,Monday,11.933,9.625,11.933,473.8,0,2024-02-12 06:00:00
SHP03309,Kolkata,Patna,,Eastern Corridor,Kolkata_Patna,Expressway,Mini Truck,1759,0.6,Heavy Rain,0.604,4,0.61,3200,Standard,Evening Rush,Thursday,56.483,29.311,56.483,2154.6,0,2024-03-14 21:00:00
SHP03310,Bhopal,Nagpur,,General Network,Bhopal_Nagpur,Highway,Carting Vehicle,661,0.42,Cloudy,0.576,1,0.81,1200,Same-Day,Afternoon,Wednesday,14.568,16.795,14.568,213.1,0,2024-08-21 16:00:00
SHP03311,Kolkata,Coimbatore,,General Network,Kolkata_Coimbatore,Highway,Mini Truck,782,0.77,Fog,0.834,3,0.93,3200,Economy,Morning Rush,Sunday,31.51,15.557,31.51,1238.9,0,2024-12-08 07:00:00
SHP03312,Chandigarh,Delhi,,General Network,Chandigarh_Delhi,Highway,Express Van,1327,0.38,Heavy Rain,0.316,1,0.22,1000,Economy,Morning Rush,Friday,38.903,20.219,38.903,1468.7,0,2024-06-14 06:00:00
SHP03313,Pune,Chennai,,General Network,Pune_Chennai,City Road,FTL Truck,1235,0.87,,0.874,1,0.88,2800,Express,Midday,Friday,61.633,48.0,61.633,1580.8,1,2024-11-22 13:00:00
SHP03314,Chennai,Surat,,General Network,Chennai_Surat,Highway,Container,2279,0.76,Heavy Rain,0.668,3,0.53,3500,Same-Day,Midday,Tuesday,84.099,24.0,84.099,3035.1,1,2024-08-20 12:00:00
SHP03315,Hyderabad,Chandigarh,,General Network,Hyderabad_Chandigarh,Mixed,Carting Vehicle,1785,0.83,Heavy Rain,0.67,4,0.43,3800,Standard,Morning Rush,Wednesday,120.772,52.634,120.772,4866.3,1,2024-03-13 08:00:00
SHP03316,Kochi,Bangalore,Coimbatore,General Network,Kochi_Bangalore,Rural,Carting Vehicle,2465,0.39,Storm,0.598,2,0.91,800,Same-Day,Afternoon,Wednesday,180.546,24.0,180.546,6450.5,1,2024-07-17 17:00:00
SHP03317,Delhi,Nagpur,Coimbatore,General Network,Delhi_Nagpur,Mixed,Express Van,1164,0.71,Rain,0.694,0,0.67,4800,Same-Day,Evening Rush,Sunday,32.518,24.0,32.518,938.9,1,2024-09-15 21:00:00
SHP03318,Bangalore,Jaipur,Delhi,General Network,Bangalore_Jaipur,Expressway,Carting Vehicle,107,0.16,Clear,0.48,0,0.96,4200,Same-Day,Midday,Sunday,2.442,5.387,2.442,56.4,0,2024-06-30 10:00:00
SHP03319,Coimbatore,Lucknow,Chennai,General Network,Coimbatore_Lucknow,Mixed,Express Van,1888,0.26,Heavy Rain,0.452,2,0.74,900,Same-Day,Afternoon,Thursday,51.729,24.0,51.729,1462.0,1,2024-06-13 14:00:00
SHP03320,Patna,Bangalore,Kochi,General Network,Patna_Bangalore,Highway,Mini Truck,992,0.29,Rain,0.49,4,0.79,1100,Economy,Evening Rush,Friday,29.463,20.774,29.463,941.1,0,2024-01-05 18:00:00
SHP03321,Chandigarh,Hyderabad,,General Network,Chandigarh_Hyderabad,City Road,Container,1452,0.67,Rain,0.666,5,0.66,1000,Express,Afternoon,Sunday,98.986,48.0,98.986,3010.7,1,2024-01-21 15:00:00
SHP03322,Mumbai,Chandigarh,,General Network,Mumbai_Chandigarh,Expressway,Carting Vehicle,2327,,Cloudy,0.73,1,0.49,5000,Economy,Midday,Monday,70.021,44.322,70.021,2241.7,0,2024-04-29 10:00:00
SHP03323,Indore,Kolkata,Chandigarh,General Network,Indore_Kolkata,City Road,Mini Truck,972,0.88,Rain,0.676,4,0.37,1400,Standard,Morning Rush,Tuesday,75.117,42.042,75.117,2655.6,1,2024-01-02 08:00:00
SHP03324,Jaipur,Patna,Delhi,General Network,Jaipur_Patna,Expressway,Carting Vehicle,1293,0.58,Rain,0.684,2,0.84,2200,Standard,Evening Rush,Saturday,38.287,24.838,38.287,1208.4,0,2024-10-26 21:00:00
SHP03325,Chennai,Mumbai,,General Network,Chennai_Mumbai,Rural,Carting Vehicle,2292,0.13,Rain,0.402,4,0.81,3500,Express,Evening Rush,Wednesday,99.409,48.0,99.409,1889.9,1,2024-10-23 19:00:00
SHP03326,Delhi,Vizag,Nagpur,General Network,Delhi_Vizag,Expressway,Container,1330,0.45,Heavy Rain,0.454,5,0.46,4800,Same-Day,Night,Thursday,35.306,24.0,35.306,1130.1,1,2024-07-18 22:00:00
SHP03327,Nagpur,Patna,Kolkata,General Network,Nagpur_Patna,Rural,Container,472,0.26,Rain,0.392,0,0.59,1600,Express,Afternoon,Friday,20.178,18.807,20.178,470.3,0,2024-11-08 14:00:00
SHP03328,Kolkata,Bangalore,Mumbai,General Network,Kolkata_Bangalore,Expressway,Container,2171,0.96,Heavy Rain,0.768,1,0.48,3200,Standard,Afternoon,Wednesday,86.81,37.751,86.81,3595.5,1,2024-12-18 15:00:00
SHP03329,Ahmedabad,Nagpur,Bhopal,General Network,Ahmedabad_Nagpur,Expressway,Container,1304,0.3,Heavy Rain,0.316,0,0.34,2600,Economy,Evening Rush,Sunday,40.953,25.011,40.953,1488.3,0,2024-02-04 21:00:00
SHP03330,Pune,Ahmedabad,,General Network,Pune_Ahmedabad,Expressway,Mini Truck,362,0.98,Cloudy,0.876,1,0.72,2800,Same-Day,Evening Rush,Tuesday,8.042,8.541,8.042,228.5,0,2024-08-20 19:00:00
SHP03331,Lucknow,Bhopal,,General Network,Lucknow_Bhopal,Mixed,Express Van,2098,0.71,Fog,0.786,4,0.9,2000,Standard,Morning Rush,Friday,73.986,44.235,73.986,2614.8,1,2024-09-27 09:00:00
SHP03332,Lucknow,Hyderabad,Chennai,General Network,Lucknow_Hyderabad,Mixed,Mini Truck,195,0.58,Fog,0.56,4,0.53,2000,Express,Afternoon,Wednesday,8.416,6.009,8.416,288.3,0,2024-06-26 17:00:00
SHP03333,Delhi,Coimbatore,,General Network,Delhi_Coimbatore,Rural,Container,1647,0.57,Fog,0.678,4,0.84,4800,Standard,Evening Rush,Saturday,95.745,57.264,95.745,3161.2,1,2024-09-14 20:00:00
SHP03334,Kochi,Patna,,General Network,Kochi_Patna,Highway,Mini Truck,1752,0.56,Clear,0.62,2,0.71,800,Express,Afternoon,Thursday,33.676,32.874,33.676,560.6,0,2024-01-25 17:00:00
SHP03335,Bangalore,Hyderabad,,General Network,Bangalore_Hyderabad,Expressway,Mini Truck,1455,0.65,Fog,0.578,1,0.47,4200,Economy,Afternoon,Tuesday,44.672,26.225,44.672,1659.3,0,2024-11-05 15:00:00
SHP03336,Bangalore,Vadodara,,General Network,Bangalore_Vadodara,Highway,Carting Vehicle,2035,0.26,Storm,0.464,0,0.77,4200,Express,Morning Rush,Tuesday,83.567,46.553,83.567,2979.0,1,2024-03-12 09:00:00
SHP03337,Ahmedabad,Delhi,,General Network,Ahmedabad_Delhi,City Road,Express Van,922,0.47,Rain,0.442,6,0.4,2600,Standard,Midday,Sunday,46.726,33.395,46.726,1429.1,0,2024-07-21 12:00:00
SHP03338,Bangalore,Chennai,Nagpur,Southern Corridor,Bangalore_Chennai,Mixed,Mini Truck,2312,0.88,Storm,0.816,4,0.72,4200,Economy,Afternoon,Sunday,182.228,58.059,182.228,8364.8,1,2024-12-15 16:00:00
SHP03339,Nagpur,Pune,,General Network,Nagpur_Pune,Highway,Carting Vehicle,1895,0.98,Fog,0.716,2,0.32,1600,Standard,Morning Rush,Tuesday,85.606,42.472,85.606,3241.4,1,2024-07-02 06:00:00
SHP03340,Jaipur,Mumbai,Nagpur,General Network,Jaipur_Mumbai,Expressway,Mini Truck,1663,0.2,Heavy Rain,0.38,5,0.65,2200,Same-Day,Morning Rush,Thursday,36.966,24.0,36.966,1051.0,1,2024-12-19 09:00:00
SHP03341,Surat,Ahmedabad,Hyderabad,General Network,Surat_Ahmedabad,Mixed,Mini Truck,1918,,Rain,0.838,6,0.82,1800,Standard,Afternoon,Tuesday,86.746,48.282,86.746,3073.7,1,2024-10-01 15:00:00
SHP03342,Kolkata,Chandigarh,,General Network,Kolkata_Chandigarh,Expressway,Carting Vehicle,1887,0.19,Heavy Rain,0.51,3,0.99,3200,Standard,Afternoon,Saturday,57.066,37.792,57.066,1834.9,0,2024-05-25 14:00:00
SHP03343,Nagpur,Chennai,Kochi,General Network,Nagpur_Chennai,Mixed,Mini Truck,146,0.54,Clear,0.608,0,0.71,1600,Economy,Morning Rush,Saturday,4.945,7.852,4.945,134.5,0,2024-09-07 09:00:00
SHP03344,Jaipur,Kolkata,,General Network,Jaipur_Kolkata,Rural,Express Van,1475,0.27,Heavy Rain,0.314,1,0.38,2200,Same-Day,Night,Saturday,53.592,24.0,53.592,1505.4,1,2024-06-08 22:00:00
SHP03345,Vadodara,Coimbatore,Vizag,General Network,Vadodara_Coimbatore,City Road,Express Van,1459,0.86,Cloudy,0.872,1,0.89,750,Express,Morning Rush,Saturday,63.18,48.0,63.18,1615.9,1,2024-11-23 06:00:00
SHP03346,Jaipur,Coimbatore,,General Network,Jaipur_Coimbatore,Highway,FTL Truck,2112,0.41,Cloudy,0.61,5,0.91,2200,Economy,Midday,Sunday,45.131,35.65,45.131,1123.8,0,2024-12-15 11:00:00
SHP03347,Delhi,Bangalore,,General Network,Delhi_Bangalore,Rural,Carting Vehicle,862,0.7,Clear,0.588,0,0.42,4800,Express,Afternoon,Wednesday,36.853,35.695,36.853,678.8,0,2024-04-17 17:00:00
SHP03348,Delhi,Kolkata,,Northern-Eastern Corridor,Delhi_Kolkata,Highway,Carting Vehicle,2414,0.59,Rain,0.562,3,0.52,4800,Economy,Evening Rush,Monday,94.102,56.789,94.102,3232.1,0,2024-09-16 18:00:00
SHP03349,Lucknow,Bangalore,,General Network,Lucknow_Bangalore,Mixed,Container,561,0.73,Fog,0.622,5,0.46,2000,Economy,Midday,Sunday,31.908,16.583,31.908,1254.5,0,2024-12-22 11:00:00
SHP03350,Chandigarh,Coimbatore,,General Network,Chandigarh_Coimbatore,City Road,Container,941,0.38,Heavy Rain,0.592,4,0.91,1000,Same-Day,Evening Rush,Sunday,65.711,24.0,65.711,2044.9,1,2024-02-25 18:00:00
SHP03351,Indore,Ahmedabad,,General Network,Indore_Ahmedabad,City Road,Container,1485,0.83,Rain,0.77,0,0.68,1400,Express,Afternoon,Wednesday,107.771,48.0,107.771,3471.3,1,2024-01-03 17:00:00
SHP03352,Jaipur,Vadodara,,General Network,Jaipur_Vadodara,Highway,FTL Truck,1218,,Clear,0.786,5,0.54,2200,Same-Day,Evening Rush,Monday,25.055,21.518,25.055,589.8,1,2024-08-05 21:00:00
SHP03353,Jaipur,Mumbai,Vadodara,General Network,Jaipur_Mumbai,Expressway,Express Van,1603,0.19,Rain,0.358,2,0.61,2200,Express,Morning Rush,Tuesday,23.0,21.375,23.0,499.6,0,2024-06-18 09:00:00
SHP03354,Hyderabad,Kolkata,Vadodara,General Network,Hyderabad_Kolkata,City Road,Mini Truck,1938,0.46,Clear,0.464,3,0.47,3800,Same-Day,Morning Rush,Friday,74.08,24.0,74.08,753.3,1,2024-08-09 08:00:00
SHP03355,Pune,Jaipur,,General Network,Pune_Jaipur,Rural,Express Van,1691,0.44,Rain,0.6,6,0.84,2800,Standard,Morning Rush,Sunday,65.268,46.168,65.268,1955.5,0,2024-11-10 09:00:00
SHP03356,Vadodara,Ahmedabad,,General Network,Vadodara_Ahmedabad,Expressway,Carting Vehicle,429,0.65,Cloudy,0.638,1,0.62,750,Same-Day,Afternoon,Saturday,9.695,10.886,9.695,220.4,0,2024-08-17 14:00:00
SHP03357,Jaipur,Chandigarh,,General Network,Jaipur_Chandigarh,Mixed,Carting Vehicle,440,0.22,Heavy Rain,0.36,4,,2200,Economy,Evening Rush,Saturday,25.126,17.652,25.126,920.9,0,2024-07-20 21:00:00
SHP03358,Bangalore,Vizag,,General Network,Bangalore_Vizag,Expressway,FTL Truck,1990,0.41,Storm,0.558,4,0.78,4200,Standard,Morning Rush,Friday,63.171,31.238,63.171,2533.4,0,2024-02-09 08:00:00
SHP03359,Kochi,Vadodara,,General Network,Kochi_Vadodara,Rural,FTL Truck,794,0.86,Storm,0.888,2,0.93,800,Same-Day,Midday,Sunday,56.934,24.0,56.934,2357.4,1,2024-02-11 11:00:00
SHP03360,Coimbatore,Surat,Lucknow,General Network,Coimbatore_Surat,Mixed,Mini Truck,1068,0.13,Fog,0.194,5,0.29,900,Express,Morning Rush,Friday,31.876,30.346,31.876,725.9,0,2024-10-11 09:00:00
SHP03361,Kochi,Kolkata,,General Network,Kochi_Kolkata,Rural,FTL Truck,1565,0.9,Heavy Rain,0.928,4,0.97,800,Standard,Evening Rush,Monday,110.198,48.041,110.198,4525.2,1,2024-04-01 18:00:00
SHP03362,Ahmedabad,Chennai,,General Network,Ahmedabad_Chennai,Rural,FTL Truck,313,0.6,Clear,0.58,6,0.55,2600,Standard,Evening Rush,Tuesday,13.126,12.992,13.126,370.2,0,2024-07-02 20:00:00
SHP03363,Pune,Nagpur,,General Network,Pune_Nagpur,Rural,Mini Truck,744,0.34,Storm,0.524,4,0.8,2800,Standard,Evening Rush,Thursday,53.54,26.892,53.54,2110.2,0,2024-09-05 18:00:00
SHP03364,Bangalore,Kochi,Bhopal,General Network,Bangalore_Kochi,Expressway,FTL Truck,1269,0.99,Rain,0.698,1,0.26,4200,Same-Day,Evening Rush,Sunday,29.017,21.945,29.017,939.6,1,2024-04-14 21:00:00
SHP03365,Hyderabad,Chandigarh,,General Network,Hyderabad_Chandigarh,City Road,Carting Vehicle,963,0.45,Cloudy,0.578,6,0.77,3800,Same-Day,Morning Rush,Friday,48.932,24.0,48.932,734.8,1,2024-08-30 07:00:00
SHP03366,Chandigarh,Chennai,Lucknow,General Network,Chandigarh_Chennai,Expressway,Mini Truck,2100,0.76,Cloudy,0.828,4,0.93,1000,Same-Day,Morning Rush,Monday,39.024,24.0,39.024,867.7,1,2024-07-29 09:00:00
SHP03367,Coimbatore,Ahmedabad,Hyderabad,General Network,Coimbatore_Ahmedabad,Mixed,Mini Truck,1843,0.75,Storm,0.57,6,0.3,900,Same-Day,Afternoon,Monday,103.634,24.0,103.634,4170.3,1,2024-11-04 16:00:00
SHP03368,Lucknow,Chandigarh,,General Network,Lucknow_Chandigarh,Rural,FTL Truck,2453,0.3,Cloudy,0.384,0,0.51,2000,Express,Evening Rush,Friday,69.285,48.0,69.285,886.4,1,2024-10-04 18:00:00
SHP03369,Nagpur,Chandigarh,Bhopal,General Network,Nagpur_Chandigarh,Rural,Mini Truck,128,0.58,Cloudy,0.572,4,0.56,1600,Express,Evening Rush,Thursday,6.315,8.63,6.315,189.3,0,2024-01-11 20:00:00
SHP03370,Chennai,Kolkata,Pune,General Network,Chennai_Kolkata,Highway,Express Van,1690,0.37,Rain,0.422,3,0.5,3500,Economy,Morning Rush,Tuesday,39.094,25.719,39.094,1243.5,0,2024-04-09 09:00:00
SHP03371,Hyderabad,Pune,,General Network,Hyderabad_Pune,City Road,Carting Vehicle,2452,0.19,Clear,0.266,4,0.38,3800,Same-Day,Evening Rush,Saturday,93.658,24.0,93.658,14.9,1,2024-04-20 21:00:00
SHP03372,Bangalore,Pune,Kolkata,General Network,Bangalore_Pune,City Road,Mini Truck,1002,0.85,Cloudy,0.774,5,0.66,4200,Same-Day,Morning Rush,Thursday,53.061,24.0,53.061,1275.1,1,2024-01-04 08:00:00
SHP03373,Kochi,Hyderabad,,General Network,Kochi_Hyderabad,Mixed,FTL Truck,1270,0.31,Cloudy,0.41,5,0.56,800,Standard,Evening Rush,Friday,32.056,32.072,32.056,653.4,0,2024-01-26 21:00:00
SHP03374,Vadodara,Bangalore,,General Network,Vadodara_Bangalore,Highway,Container,2481,0.22,Cloudy,0.492,3,0.9,750,Express,Evening Rush,Saturday,45.276,48.0,45.276,527.4,0,2024-03-16 19:00:00
SHP03375,Bangalore,Jaipur,,General Network,Bangalore_Jaipur,Mixed,Carting Vehicle,1070,0.95,Clear,0.83,6,0.65,4200,Standard,Afternoon,Monday,45.309,34.723,45.309,1291.9,0,2024-02-05 15:00:00
SHP03376,Delhi,Surat,,General Network,Delhi_Surat,Expressway,FTL Truck,457,0.65,Storm,0.754,3,0.91,4800,Economy,Evening Rush,Saturday,19.841,9.835,19.841,901.8,0,2024-01-06 18:00:00
SHP03377,Vadodara,Lucknow,Delhi,General Network,Vadodara_Lucknow,City Road,Carting Vehicle,2120,0.94,Fog,0.664,4,0.25,750,Express,Midday,Wednesday,196.863,48.0,196.863,6966.0,1,2024-04-17 10:00:00
SHP03378,Vizag,Coimbatore,,General Network,Vizag_Coimbatore,Highway,Carting Vehicle,2137,0.31,Clear,0.498,1,0.78,850,Economy,Morning Rush,Thursday,51.392,48.25,51.392,946.5,0,2024-01-18 08:00:00
SHP03379,Lucknow,Jaipur,,General Network,Lucknow_Jaipur,Highway,Express Van,1484,0.79,Clear,0.642,1,0.42,2000,Express,Afternoon,Friday,24.626,25.199,24.626,509.7,0,2024-09-13 16:00:00
SHP03380,Chandigarh,Coimbatore,Ahmedabad,General Network,Chandigarh_Coimbatore,Highway,Container,417,0.22,Cloudy,0.428,1,0.74,1000,Express,Morning Rush,Friday,8.179,12.623,8.179,122.8,0,2024-11-01 08:00:00
SHP03381,Kochi,Patna,,General Network,Kochi_Patna,Mixed,Carting Vehicle,723,0.97,Storm,0.95,0,0.92,800,Express,Midday,Thursday,58.023,22.312,58.023,2517.4,1,2024-07-11 11:00:00
SHP03382,Vizag,Lucknow,,General Network,Vizag_Lucknow,Rural,Mini Truck,1784,0.81,Clear,0.834,4,0.87,850,Economy,Midday,Monday,83.988,60.799,83.988,2396.3,0,2024-08-12 11:00:00
SHP03383,Bhopal,Hyderabad,Pune,General Network,Bhopal_Hyderabad,Highway,Container,443,0.54,Rain,0.656,4,0.83,1200,Express,Midday,Thursday,15.025,12.359,15.025,510.6,0,2024-09-26 10:00:00
SHP03384,Pune,Delhi,Bangalore,General Network,Pune_Delhi,Expressway,FTL Truck,1418,0.53,Rain,0.578,6,0.65,2800,Standard,Night,Sunday,31.888,23.581,31.888,1017.7,0,2024-09-15 22:00:00
SHP03385,Lucknow,Patna,Delhi,General Network,Lucknow_Patna,Highway,Mini Truck,2171,0.61,Rain,0.566,0,0.5,2000,Same-Day,Afternoon,Monday,53.288,24.0,53.288,1388.1,1,2024-01-08 14:00:00
SHP03386,Lucknow,Coimbatore,Ahmedabad,General Network,Lucknow_Coimbatore,City Road,Container,1677,0.59,Clear,0.574,1,0.55,2000,Economy,Afternoon,Friday,95.043,76.37,95.043,2320.4,0,2024-05-10 15:00:00
SHP03387,Pune,Nagpur,,General Network,Pune_Nagpur,Mixed,Carting Vehicle,2077,0.71,Storm,0.53,1,0.26,2800,Standard,Morning Rush,Tuesday,159.709,61.56,159.709,6813.2,1,2024-06-18 06:00:00
SHP03388,Patna,Lucknow,Surat,General Network,Patna_Lucknow,Highway,Mini Truck,2266,0.91,,0.914,6,0.92,1100,Same-Day,Morning Rush,Wednesday,104.342,24.0,104.342,4372.2,1,2024-05-15 09:00:00
SHP03389,Ahmedabad,Nagpur,,General Network,Ahmedabad_Nagpur,Rural,Container,2176,0.92,Cloudy,0.86,5,0.77,2600,Same-Day,Evening Rush,Friday,94.04,24.0,94.04,2229.1,1,2024-11-29 19:00:00
SHP03390,Ahmedabad,Pune,Mumbai,General Network,Ahmedabad_Pune,City Road,FTL Truck,1503,0.3,Clear,0.54,5,0.9,2600,Same-Day,Afternoon,Thursday,48.544,24.0,48.544,336.1,1,2024-09-19 17:00:00
SHP03391,Bhopal,Hyderabad,Pune,General Network,Bhopal_Hyderabad,Mixed,Container,1249,0.7,Cloudy,0.736,4,0.79,1200,Same-Day,Midday,Wednesday,37.579,24.0,37.579,785.3,1,2024-04-10 13:00:00
SHP03392,Vadodara,Pune,,General Network,Vadodara_Pune,Mixed,Express Van,332,0.46,Heavy Rain,0.532,6,0.64,750,Same-Day,Midday,Wednesday,13.019,9.381,13.019,492.5,0,2024-07-10 12:00:00
SHP03393,Lucknow,Coimbatore,,General Network,Lucknow_Coimbatore,Mixed,Mini Truck,851,0.63,Storm,0.478,6,0.25,2000,Express,Afternoon,Tuesday,50.138,25.24,50.138,2062.7,1,2024-02-20 14:00:00
SHP03394,Kolkata,Delhi,,Northern-Eastern Corridor,Kolkata_Delhi,Highway,FTL Truck,1021,0.76,,0.724,4,0.67,3200,Same-Day,Evening Rush,Thursday,40.102,19.371,40.102,1640.4,1,2024-02-08 19:00:00
SHP03395,Chennai,Mumbai,,General Network,Chennai_Mumbai,Mixed,FTL Truck,1383,0.87,Storm,0.742,1,0.55,3500,Express,Evening Rush,Friday,80.184,31.851,80.184,3428.0,1,2024-05-03 20:00:00
SHP03396,Surat,Pune,Indore,General Network,Surat_Pune,Highway,Carting Vehicle,1624,0.84,Heavy Rain,0.884,4,0.95,1800,Same-Day,Morning Rush,Friday,72.616,24.0,72.616,2732.9,1,2024-01-12 07:00:00
SHP03397,Kochi,Pune,Coimbatore,General Network,Kochi_Pune,Expressway,Container,275,0.18,Storm,0.26,0,,800,Same-Day,Evening Rush,Tuesday,7.654,8.111,7.654,254.9,0,2024-10-29 21:00:00
SHP03398,Coimbatore,Jaipur,Bhopal,General Network,Coimbatore_Jaipur,City Road,FTL Truck,762,0.67,Cloudy,0.782,0,0.95,900,Same-Day,Night,Tuesday,31.799,24.0,31.799,601.7,1,2024-03-12 22:00:00
SHP03399,Ahmedabad,Lucknow,Bangalore,General Network,Ahmedabad_Lucknow,Rural,Container,1823,0.94,Heavy Rain,0.8,4,0.59,2600,Economy,Morning Rush,Monday,171.103,66.392,171.103,7406.6,1,2024-03-18 06:00:00
SHP03400,Nagpur,Chandigarh,,General Network,Nagpur_Chandigarh,Highway,Carting Vehicle,993,0.76,Rain,0.608,2,0.38,1600,Same-Day,Night,Thursday,32.509,23.962,32.509,957.5,1,2024-10-17 22:00:00
SHP03401,Indore,Vizag,,General Network,Indore_Vizag,Expressway,Carting Vehicle,552,0.32,Rain,0.428,1,0.59,1400,Same-Day,Morning Rush,Sunday,12.104,11.152,12.104,261.4,0,2024-10-06 09:00:00
SHP03402,Mumbai,Jaipur,Nagpur,General Network,Mumbai_Jaipur,Mixed,FTL Truck,1646,0.68,Clear,0.492,2,0.21,5000,Standard,Midday,Thursday,43.173,37.336,43.173,944.4,0,2024-08-01 12:00:00
SHP03403,Lucknow,Ahmedabad,,General Network,Lucknow_Ahmedabad,Highway,Express Van,2062,0.93,Rain,0.938,5,0.95,2000,Express,Morning Rush,Friday,52.545,32.355,52.545,1807.9,1,2024-09-27 09:00:00
SHP03404,Bangalore,Jaipur,Lucknow,General Network,Bangalore_Jaipur,Expressway,Container,229,0.9,Storm,0.84,4,0.75,4200,Standard,Morning Rush,Thursday,12.741,5.261,12.741,594.3,0,2024-09-05 09:00:00
SHP03405,Nagpur,Surat,,General Network,Nagpur_Surat,Rural,Mini Truck,2332,0.83,Cloudy,0.838,1,0.85,1600,Same-Day,Midday,Wednesday,90.575,24.0,90.575,1979.7,1,2024-03-20 10:00:00
SHP03406,Lucknow,Jaipur,Ahmedabad,General Network,Lucknow_Jaipur,City Road,Express Van,2351,0.13,Cloudy,0.278,2,0.5,2000,Economy,Midday,Friday,80.447,79.172,80.447,1322.2,0,2024-01-26 11:00:00
SHP03407,Chennai,Mumbai,,General Network,Chennai_Mumbai,Mixed,Express Van,1419,0.75,Clear,0.762,6,0.78,3500,Same-Day,Afternoon,Thursday,30.344,24.0,30.344,586.7,1,2024-11-21 14:00:00
SHP03408,Delhi,Vadodara,,General Network,Delhi_Vadodara,Mixed,Mini Truck,362,0.99,Rain,0.846,5,0.63,4800,Same-Day,Midday,Saturday,16.916,12.753,16.916,612.7,0,2024-07-27 10:00:00
SHP03409,Lucknow,Patna,Vadodara,General Network,Lucknow_Patna,Highway,Express Van,1122,0.33,Cloudy,0.338,5,0.35,2000,Express,Evening Rush,Thursday,17.045,20.142,17.045,291.0,0,2024-12-19 18:00:00
SHP03410,Chennai,Lucknow,,General Network,Chennai_Lucknow,Highway,Mini Truck,339,0.98,Storm,0.88,4,0.73,3500,Same-Day,Midday,Wednesday,18.632,7.697,18.632,835.4,0,2024-12-04 12:00:00
SHP03411,Bhopal,Patna,,General Network,Bhopal_Patna,Rural,FTL Truck,2190,0.67,Cloudy,0.518,0,0.29,1200,Same-Day,Midday,Thursday,70.033,24.0,70.033,1282.0,1,2024-06-27 10:00:00
SHP03412,Mumbai,Coimbatore,Jaipur,General Network,Mumbai_Coimbatore,Expressway,Mini Truck,1273,0.85,Cloudy,0.846,3,0.84,5000,Express,Morning Rush,Tuesday,27.767,22.337,27.767,772.7,0,2024-04-02 09:00:00
SHP03413,Delhi,Coimbatore,Bhopal,General Network,Delhi_Coimbatore,Highway,Container,180,0.99,Storm,0.842,6,0.62,4800,Standard,Morning Rush,Thursday,12.11,5.309,12.11,567.8,0,2024-05-02 08:00:00
SHP03414,Nagpur,Surat,Delhi,General Network,Nagpur_Surat,Expressway,Express Van,1722,0.71,Rain,0.698,3,0.68,1600,Economy,Night,Tuesday,40.387,21.888,40.387,1477.5,0,2024-01-09 22:00:00
SHP03415,Kolkata,Vizag,Nagpur,General Network,Kolkata_Vizag,Mixed,FTL Truck,2489,0.66,Heavy Rain,0.72,5,0.81,3200,Same-Day,Midday,Saturday,99.387,24.0,99.387,3474.2,1,2024-11-02 12:00:00
SHP03416,Indore,Kolkata,,General Network,Indore_Kolkata,Highway,Express Van,1803,0.23,Storm,0.474,1,0.84,1400,Same-Day,Midday,Monday,44.64,24.0,44.64,1502.5,1,2024-11-25 11:00:00
SHP03417,Chandigarh,Delhi,,General Network,Chandigarh_Delhi,Highway,FTL Truck,987,0.62,Cloudy,0.584,3,0.53,1000,Economy,Afternoon,Saturday,24.352,20.117,24.352,720.9,0,2024-08-17 17:00:00
SHP03418,Bangalore,Surat,,General Network,Bangalore_Surat,Rural,Carting Vehicle,1024,0.12,Heavy Rain,0.24,1,0.42,4200,Economy,Morning Rush,Wednesday,67.5,43.582,67.5,2229.6,0,2024-08-21 09:00:00
SHP03419,Hyderabad,Chandigarh,,General Network,Hyderabad_Chandigarh,Expressway,Carting Vehicle,1736,0.62,Cloudy,0.664,0,0.73,3800,Same-Day,Midday,Saturday,34.549,24.0,34.549,611.1,1,2024-12-28 12:00:00
SHP03420,Vizag,Vadodara,,General Network,Vizag_Vadodara,Highway,Carting Vehicle,1024,0.7,Heavy Rain,0.616,3,0.49,850,Economy,Morning Rush,Thursday,54.35,26.984,54.35,2237.0,0,2024-10-10 09:00:00
SHP03421,Hyderabad,Bhopal,Mumbai,General Network,Hyderabad_Bhopal,Mixed,Mini Truck,298,0.3,Fog,0.496,0,0.79,3800,Economy,Night,Monday,12.303,9.37,12.303,407.1,0,2024-07-29 22:00:00
SHP03422,Delhi,Surat,Chandigarh,General Network,Delhi_Surat,Expressway,Mini Truck,787,0.78,Fog,0.792,4,0.81,4800,Same-Day,Morning Rush,Friday,20.816,16.069,20.816,696.7,0,2024-11-29 09:00:00
SHP03423,Hyderabad,Delhi,Lucknow,General Network,Hyderabad_Delhi,Mixed,Container,1058,0.45,Heavy Rain,0.666,3,0.99,3800,Express,Afternoon,Saturday,49.062,29.469,49.062,1699.0,1,2024-04-27 17:00:00
SHP03424,Indore,Mumbai,Coimbatore,General Network,Indore_Mumbai,Highway,Express Van,1216,0.11,Heavy Rain,0.15,4,0.21,1400,Same-Day,Morning Rush,Friday,23.767,19.108,23.767,633.0,0,2024-09-13 07:00:00
SHP03425,Surat,Hyderabad,Kochi,General Network,Surat_Hyderabad,Mixed,FTL Truck,160,0.83,Storm,0.862,3,0.91,1800,Express,Evening Rush,Saturday,10.745,7.371,10.745,484.7,0,2024-12-14 18:00:00
SHP03426,Kolkata,Indore,,General Network,Kolkata_Indore,Expressway,Mini Truck,2342,0.48,Storm,0.38,1,0.23,3200,Standard,Midday,Thursday,83.797,36.714,83.797,3384.3,1,2024-03-28 11:00:00
SHP03427,Lucknow,Bhopal,,General Network,Lucknow_Bhopal,Expressway,Express Van,2407,0.18,Clear,0.412,2,0.76,2000,Economy,Afternoon,Saturday,30.167,31.633,30.167,488.1,0,2024-01-27 15:00:00
SHP03428,Vizag,Coimbatore,,General Network,Vizag_Coimbatore,City Road,Carting Vehicle,1166,0.99,Cloudy,0.89,4,0.74,850,Express,Morning Rush,Sunday,82.77,48.0,82.77,2301.1,1,2024-07-21 08:00:00
SHP03429,Jaipur,Vadodara,,General Network,Jaipur_Vadodara,Mixed,Mini Truck,958,0.98,Rain,0.764,3,0.44,2200,Economy,Morning Rush,Wednesday,51.809,26.784,51.809,2044.1,0,2024-08-21 06:00:00
SHP03430,Surat,Lucknow,,General Network,Surat_Lucknow,Expressway,Container,1690,0.22,Cloudy,0.296,6,0.41,1800,Standard,Afternoon,Thursday,30.034,29.859,30.034,546.3,0,2024-10-31 14:00:00
SHP03431,Chennai,Vizag,Pune,General Network,Chennai_Vizag,Mixed,Mini Truck,550,0.59,Clear,0.59,5,0.59,3500,Economy,Morning Rush,Sunday,17.856,15.848,17.856,460.2,0,2024-12-08 07:00:00
SHP03432,Mumbai,Delhi,Surat,Western Corridor,Mumbai_Delhi,City Road,Express Van,654,0.8,Storm,0.628,1,0.37,5000,Economy,Morning Rush,Saturday,66.323,22.241,66.323,3004.5,0,2024-06-08 09:00:00
SHP03433,Surat,Bhopal,Indore,General Network,Surat_Bhopal,City Road,Carting Vehicle,1574,0.77,Storm,0.83,1,0.92,1800,Standard,Evening Rush,Saturday,214.957,72.0,214.957,9299.7,1,2024-04-06 18:00:00
SHP03434,Kolkata,Nagpur,,General Network,Kolkata_Nagpur,Rural,Mini Truck,1008,0.39,Clear,0.542,4,0.77,3200,Economy,Midday,Saturday,38.623,34.65,38.623,824.0,0,2024-11-02 11:00:00
SHP03435,Coimbatore,Chandigarh,,General Network,Coimbatore_Chandigarh,Rural,Carting Vehicle,870,0.15,Storm,0.402,5,0.78,900,Economy,Night,Sunday,73.25,35.456,73.25,2848.3,0,2024-03-31 22:00:00
SHP03436,Nagpur,Vizag,Coimbatore,General Network,Nagpur_Vizag,Mixed,Mini Truck,193,0.14,Fog,0.376,6,0.73,1600,Same-Day,Midday,Wednesday,8.249,7.835,8.249,280.5,0,2024-10-09 10:00:00
SHP03437,Bangalore,Delhi,,General Network,Bangalore_Delhi,Rural,Mini Truck,1825,0.19,Rain,0.226,5,0.28,4200,Standard,Evening Rush,Friday,75.438,62.421,75.438,1822.6,1,2024-09-27 20:00:00
SHP03438,Vizag,Mumbai,Kochi,General Network,Vizag_Mumbai,City Road,Carting Vehicle,2101,0.68,Fog,0.636,6,0.57,850,Standard,Evening Rush,Friday,188.716,72.0,188.716,6520.7,1,2024-10-04 21:00:00
SHP03439,Vadodara,Surat,,General Network,Vadodara_Surat,City Road,Carting Vehicle,314,0.99,Storm,0.858,5,0.66,750,Same-Day,Morning Rush,Friday,42.803,17.363,42.803,1850.5,1,2024-09-20 06:00:00
SHP03440,Jaipur,Bangalore,,General Network,Jaipur_Bangalore,Rural,Carting Vehicle,1830,0.69,Storm,0.782,5,,2200,Express,Afternoon,Friday,173.178,48.0,173.178,7137.3,1,2024-01-05 14:00:00
SHP03441,Pune,Hyderabad,,General Network,Pune_Hyderabad,Highway,Express Van,872,0.59,Clear,0.49,5,0.34,2800,Economy,Morning Rush,Saturday,17.548,16.757,17.548,484.2,0,2024-02-17 08:00:00
SHP03442,Patna,Lucknow,Ahmedabad,General Network,Patna_Lucknow,Expressway,Mini Truck,1111,0.3,Heavy Rain,0.484,0,0.76,1100,Same-Day,Morning Rush,Sunday,25.44,19.718,25.44,746.7,1,2024-04-07 08:00:00
SHP03443,Hyderabad,Chennai,,Deccan-Southern Corridor,Hyderabad_Chennai,Mixed,Express Van,1719,0.98,Heavy Rain,0.928,5,0.85,3800,Express,Afternoon,Sunday,75.539,36.218,75.539,3037.6,1,2024-01-21 16:00:00
SHP03444,Coimbatore,Jaipur,,General Network,Coimbatore_Jaipur,Highway,Mini Truck,2109,0.29,Heavy Rain,0.27,4,0.24,900,Express,Midday,Monday,61.469,42.173,61.469,1930.6,1,2024-07-15 12:00:00
SHP03445,Mumbai,Hyderabad,Kochi,General Network,Mumbai_Hyderabad,Rural,Carting Vehicle,710,0.65,Clear,0.534,4,0.36,5000,Express,Morning Rush,Tuesday,30.624,31.019,30.624,575.2,0,2024-12-24 07:00:00
SHP03446,Bhopal,Mumbai,,General Network,Bhopal_Mumbai,Expressway,Carting Vehicle,865,0.13,Cloudy,0.202,3,0.31,1200,Same-Day,Evening Rush,Thursday,13.579,18.259,13.579,86.3,0,2024-02-29 20:00:00
SHP03447,Hyderabad,Kochi,,General Network,Hyderabad_Kochi,Rural,Mini Truck,251,0.66,Rain,0.552,3,0.39,3800,Economy,Evening Rush,Tuesday,16.703,11.196,16.703,630.3,0,2024-08-13 19:00:00
SHP03448,Nagpur,Bhopal,Chennai,General Network,Nagpur_Bhopal,Highway,Mini Truck,733,0.65,Cloudy,0.754,2,0.91,1600,Standard,Midday,Tuesday,18.484,16.621,18.484,498.2,0,2024-06-18 12:00:00
SHP03449,Surat,Bhopal,Kolkata,General Network,Surat_Bhopal,Expressway,Container,384,0.5,Heavy Rain,0.412,2,0.28,1800,Same-Day,Morning Rush,Monday,11.226,9.921,11.226,388.2,0,2024-09-23 08:00:00
SHP03450,Pune,Kochi,,General Network,Pune_Kochi,Rural,Express Van,1563,0.51,Storm,0.514,5,0.52,2800,Express,Afternoon,Friday,88.537,42.269,88.537,3500.0,1,2024-06-14 14:00:00
SHP03451,Surat,Vizag,,General Network,Surat_Vizag,Highway,Express Van,2222,0.32,Heavy Rain,0.524,3,0.83,1800,Standard,Afternoon,Tuesday,56.238,35.729,56.238,1925.2,0,2024-06-04 14:00:00
SHP03452,Indore,Delhi,,General Network,Indore_Delhi,City Road,Container,1502,0.67,Heavy Rain,0.674,0,0.68,1400,Standard,Midday,Wednesday,140.115,68.929,140.115,5377.7,1,2024-01-10 11:00:00
SHP03453,Chandigarh,Patna,Hyderabad,General Network,Chandigarh_Patna,Expressway,Container,1444,0.96,Cloudy,0.816,0,0.6,1000,Standard,Evening Rush,Monday,35.697,25.797,35.697,1068.9,0,2024-08-26 20:00:00
SHP03454,Kochi,Chandigarh,,General Network,Kochi_Chandigarh,Mixed,Carting Vehicle,698,0.59,Cloudy,0.466,6,0.28,800,Same-Day,Midday,Wednesday,23.974,22.062,23.974,507.8,0,2024-07-10 13:00:00
SHP03455,Hyderabad,Indore,,General Network,Hyderabad_Indore,Mixed,FTL Truck,2088,0.37,Fog,0.326,1,0.26,3800,Same-Day,Afternoon,Saturday,57.843,24.0,57.843,1382.6,1,2024-06-15 15:00:00
SHP03456,Lucknow,Vizag,,General Network,Lucknow_Vizag,Rural,Express Van,392,0.78,Clear,0.772,0,0.76,2000,Express,Midday,Thursday,11.64,10.861,11.64,243.9,0,2024-02-22 13:00:00
SHP03457,Chandigarh,Vadodara,Kolkata,General Network,Chandigarh_Vadodara,Expressway,Container,1363,,Cloudy,0.59,0,0.47,1000,Standard,Morning Rush,Thursday,28.372,23.631,28.372,689.6,0,2024-06-06 07:00:00
SHP03458,Lucknow,Mumbai,Surat,General Network,Lucknow_Mumbai,Rural,FTL Truck,1859,0.24,Rain,0.368,2,0.56,2000,Standard,Midday,Friday,70.462,57.328,70.462,1749.1,0,2024-06-07 12:00:00
SHP03459,Surat,Indore,,General Network,Surat_Indore,Highway,Container,2273,0.11,Clear,0.222,1,0.39,1800,Express,Night,Friday,33.914,45.628,33.914,29.2,0,2024-11-08 22:00:00
SHP03460,Pune,Bhopal,,General Network,Pune_Bhopal,City Road,FTL Truck,1776,0.61,Cloudy,0.614,0,0.62,2800,Express,Morning Rush,Wednesday,76.913,48.0,76.913,1570.2,1,2024-10-23 06:00:00
SHP03461,Chandigarh,Delhi,Bhopal,General Network,Chandigarh_Delhi,Highway,FTL Truck,780,0.94,Rain,0.796,0,0.58,1000,Economy,Midday,Wednesday,27.036,15.235,27.036,1037.2,0,2024-10-02 13:00:00
SHP03462,Jaipur,Kolkata,,General Network,Jaipur_Kolkata,Rural,Carting Vehicle,1799,0.23,Clear,0.302,1,0.41,2200,Express,Evening Rush,Monday,58.691,48.0,58.691,323.2,1,2024-12-09 20:00:00
SHP03463,Chandigarh,Pune,,General Network,Chandigarh_Pune,City Road,Carting Vehicle,792,0.33,Cloudy,0.562,5,0.91,1000,Economy,Morning Rush,Saturday,48.798,40.244,48.798,1117.6,0,2024-07-20 08:00:00
SHP03464,Vadodara,Lucknow,,General Network,Vadodara_Lucknow,Expressway,Mini Truck,1136,0.63,Clear,0.75,3,0.93,750,Same-Day,Afternoon,Tuesday,18.67,21.082,18.67,323.0,0,2024-11-12 17:00:00
SHP03465,Kolkata,Bhopal,,General Network,Kolkata_Bhopal,Highway,Carting Vehicle,2223,0.35,Heavy Rain,0.362,6,0.38,3200,Standard,Morning Rush,Wednesday,87.337,52.624,87.337,3017.2,1,2024-03-27 08:00:00
SHP03466,Jaipur,Coimbatore,,General Network,Jaipur_Coimbatore,Expressway,Express Van,1271,0.15,Clear,0.218,0,0.32,2200,Same-Day,Morning Rush,Sunday,11.288,17.625,11.288,0.0,0,2024-08-04 08:00:00
SHP03467,Delhi,Lucknow,,UP Corridor,Delhi_Lucknow,Expressway,FTL Truck,1360,0.89,Rain,0.622,1,0.22,4800,Express,Morning Rush,Sunday,32.386,23.28,32.386,1084.2,0,2024-04-21 08:00:00
SHP03468,Vadodara,Chandigarh,,General Network,Vadodara_Chandigarh,Mixed,Express Van,1029,0.53,Cloudy,0.518,5,0.5,750,Economy,Midday,Wednesday,28.355,23.539,28.355,806.5,0,2024-06-05 11:00:00
SHP03469,Kolkata,Coimbatore,,General Network,Kolkata_Coimbatore,Mixed,Carting Vehicle,1774,0.86,Rain,0.808,5,0.73,3200,Standard,Evening Rush,Friday,95.767,52.887,95.767,3380.7,1,2024-10-25 20:00:00
SHP03470,Kochi,Lucknow,,General Network,Kochi_Lucknow,Mixed,FTL Truck,1978,0.47,Clear,0.538,1,0.64,800,Same-Day,Evening Rush,Friday,39.899,24.0,39.899,416.0,1,2024-01-19 19:00:00
SHP03471,Pune,Hyderabad,,General Network,Pune_Hyderabad,Rural,Container,1640,0.97,Fog,0.83,0,0.62,2800,Economy,Evening Rush,Tuesday,128.541,58.305,128.541,5139.9,1,2024-04-09 19:00:00
SHP03472,Bangalore,Pune,Patna,General Network,Bangalore_Pune,Highway,FTL Truck,2092,0.42,Rain,0.372,0,0.3,4200,Same-Day,Morning Rush,Wednesday,41.847,24.0,41.847,941.8,1,2024-09-04 06:00:00
SHP03473,Hyderabad,Mumbai,,General Network,Hyderabad_Mumbai,City Road,Carting Vehicle,1741,0.44,Storm,0.5,0,0.59,3800,Express,Evening Rush,Tuesday,182.677,48.0,182.677,6981.2,1,2024-06-18 18:00:00
SHP03474,Pune,Nagpur,,General Network,Pune_Nagpur,Rural,FTL Truck,1586,0.25,Cloudy,0.546,2,0.99,2800,Same-Day,Afternoon,Wednesday,41.964,24.0,41.964,403.2,1,2024-10-09 17:00:00
SHP03475,Nagpur,Hyderabad,,General Network,Nagpur_Hyderabad,Rural,FTL Truck,440,0.15,Clear,0.434,6,0.86,1600,Same-Day,Afternoon,Tuesday,12.814,15.936,12.814,182.2,0,2024-01-23 16:00:00
SHP03476,Jaipur,Pune,,General Network,Jaipur_Pune,Mixed,Express Van,756,1.0,Storm,0.88,1,0.7,2200,Standard,Morning Rush,Monday,44.753,15.468,44.753,2027.8,0,2024-02-26 09:00:00
SHP03477,Indore,Bhopal,,General Network,Indore_Bhopal,Highway,Container,2190,0.89,Cloudy,0.642,4,0.27,1400,Express,Evening Rush,Sunday,56.898,45.515,56.898,1481.5,1,2024-02-18 21:00:00
SHP03478,Nagpur,Jaipur,Pune,General Network,Nagpur_Jaipur,Mixed,Mini Truck,1389,0.82,Storm,0.808,0,0.79,1600,Express,Afternoon,Saturday,86.961,35.95,86.961,3674.3,1,2024-11-23 15:00:00
SHP03479,Lucknow,Chandigarh,Bangalore,General Network,Lucknow_Chandigarh,Rural,Carting Vehicle,2338,0.37,Cloudy,0.346,3,0.31,2000,Standard,Afternoon,Monday,99.771,72.0,99.771,1829.8,1,2024-06-17 17:00:00
SHP03480,Bhopal,Mumbai,,General Network,Bhopal_Mumbai,Mixed,FTL Truck,1858,0.43,Heavy Rain,0.502,6,0.61,1200,Same-Day,Midday,Thursday,66.019,24.0,66.019,2103.2,1,2024-08-29 11:00:00
SHP03481,Vadodara,Indore,Patna,General Network,Vadodara_Indore,Highway,Carting Vehicle,205,0.12,Rain,0.244,4,0.43,750,Economy,Midday,Wednesday,7.611,9.288,7.611,251.7,0,2024-09-11 12:00:00
SHP03482,Vadodara,Kochi,,General Network,Vadodara_Kochi,Rural,Carting Vehicle,1703,0.2,Heavy Rain,0.292,2,0.43,750,Same-Day,Midday,Thursday,90.739,24.0,90.739,2416.8,1,2024-05-16 12:00:00
SHP03483,Bhopal,Kochi,,General Network,Bhopal_Kochi,Rural,Container,1206,0.12,Rain,0.276,4,0.51,1200,Express,Midday,Tuesday,46.961,43.377,46.961,925.9,0,2024-08-20 12:00:00
SHP03484,Bangalore,Nagpur,Jaipur,General Network,Bangalore_Nagpur,Expressway,Container,649,0.95,Storm,0.966,5,0.99,4200,Economy,Morning Rush,Thursday,37.213,11.784,37.213,1750.5,0,2024-11-28 06:00:00
SHP03485,Kolkata,Coimbatore,,General Network,Kolkata_Coimbatore,Expressway,Mini Truck,2138,0.74,Cloudy,0.772,2,0.82,3200,Standard,Afternoon,Monday,45.51,36.227,45.51,1230.2,0,2024-07-15 17:00:00
SHP03486,Bhopal,Lucknow,,General Network,Bhopal_Lucknow,Expressway,Mini Truck,2486,0.42,Clear,0.404,0,0.38,1200,Standard,Evening Rush,Tuesday,39.387,42.418,39.387,618.7,0,2024-11-12 20:00:00
SHP03487,Nagpur,Chennai,,General Network,Nagpur_Chennai,Highway,Mini Truck,1227,0.96,Heavy Rain,0.92,2,0.86,1600,Same-Day,Evening Rush,Wednesday,47.442,24.0,47.442,1824.0,1,2024-04-03 19:00:00
SHP03488,Vadodara,Bhopal,Patna,General Network,Vadodara_Bhopal,Expressway,Container,970,0.73,Cloudy,0.786,1,0.87,750,Economy,Midday,Sunday,24.505,20.306,24.505,749.5,0,2024-09-08 12:00:00
SHP03489,Coimbatore,Kolkata,,General Network,Coimbatore_Kolkata,Rural,Container,271,0.55,Cloudy,0.434,1,0.26,900,Economy,Evening Rush,Monday,13.041,12.045,13.041,357.4,0,2024-07-08 19:00:00
SHP03490,Lucknow,Chandigarh,,General Network,Lucknow_Chandigarh,Highway,Container,1148,0.84,Clear,0.756,5,,2000,Express,Morning Rush,Tuesday,28.16,24.474,28.16,676.7,0,2024-07-16 06:00:00
SHP03491,Chennai,Indore,,General Network,Chennai_Indore,Highway,Mini Truck,903,0.41,Clear,0.378,2,0.33,3500,Economy,Afternoon,Monday,18.917,20.84,18.917,382.5,0,2024-09-30 16:00:00
SHP03492,Hyderabad,Kolkata,Mumbai,General Network,Hyderabad_Kolkata,City Road,FTL Truck,2067,0.79,Storm,0.85,2,0.94,3800,Standard,Morning Rush,Friday,213.284,72.0,213.284,9253.6,1,2024-11-22 07:00:00
SHP03493,Pune,Surat,,General Network,Pune_Surat,City Road,Container,2127,0.52,Clear,0.688,0,0.94,2800,Economy,Morning Rush,Monday,113.699,96.513,113.699,2532.2,0,2024-01-15 09:00:00
SHP03494,Vadodara,Indore,,General Network,Vadodara_Indore,City Road,Mini Truck,1190,0.54,Clear,0.452,0,0.32,750,Standard,Afternoon,Monday,54.897,54.03,54.897,1027.1,0,2024-07-22 17:00:00
SHP03495,Vizag,Mumbai,,General Network,Vizag_Mumbai,Highway,Express Van,1027,0.59,Heavy Rain,0.654,6,0.75,850,Economy,Evening Rush,Saturday,37.045,19.35,37.045,1552.9,0,2024-01-20 18:00:00
SHP03496,Mumbai,Kolkata,,General Network,Mumbai_Kolkata,Highway,Express Van,1085,0.12,Cloudy,0.336,3,0.66,5000,Standard,Night,Thursday,16.644,17.108,16.644,291.0,0,2024-05-30 22:00:00
SHP03497,Jaipur,Bhopal,,General Network,Jaipur_Bhopal,Highway,Express Van,2034,0.73,Storm,0.614,5,0.44,2200,Express,Evening Rush,Monday,73.338,32.934,73.338,3073.8,1,2024-12-09 20:00:00
SHP03498,Indore,Patna,,General Network,Indore_Patna,Expressway,Carting Vehicle,2481,0.18,Clear,0.244,1,0.34,1400,Economy,Evening Rush,Sunday,45.425,49.935,45.425,636.2,0,2024-10-27 21:00:00
SHP03499,Bangalore,Delhi,,General Network,Bangalore_Delhi,City Road,Mini Truck,133,0.41,Cloudy,0.582,5,0.84,4200,Standard,Morning Rush,Tuesday,8.517,9.267,8.517,257.7,0,2024-12-03 08:00:00
SHP03500,Vadodara,Ahmedabad,,General Network,Vadodara_Ahmedabad,Mixed,FTL Truck,2176,0.64,Fog,0.552,5,0.42,750,Express,Morning Rush,Sunday,77.862,48.0,77.862,2495.7,1,2024-11-03 08:00:00
SHP03501,Ahmedabad,Mumbai,,Gujarat-Maharashtra Corridor,Ahmedabad_Mumbai,Rural,FTL Truck,1522,0.96,Cloudy,0.772,0,0.49,2600,Standard,Evening Rush,Monday,66.107,46.543,66.107,1937.1,0,2024-07-29 21:00:00
SHP03502,Kolkata,Lucknow,Surat,General Network,Kolkata_Lucknow,Highway,Express Van,2213,0.75,Cloudy,0.754,6,0.76,3200,Economy,Midday,Sunday,48.973,34.978,48.973,1495.1,0,2024-06-30 11:00:00
SHP03503,Kochi,Kolkata,,General Network,Kochi_Kolkata,Rural,FTL Truck,1531,0.75,Rain,0.658,0,0.52,800,Same-Day,Afternoon,Tuesday,65.806,24.0,65.806,1907.0,1,2024-07-16 14:00:00
SHP03504,Indore,Bangalore,Bhopal,General Network,Indore_Bangalore,Mixed,Express Van,584,0.82,Cloudy,0.68,4,0.47,1400,Express,Evening Rush,Saturday,16.319,15.184,16.319,471.3,0,2024-12-28 21:00:00
SHP03505,Indore,Delhi,,General Network,Indore_Delhi,Rural,FTL Truck,574,0.57,Clear,0.434,3,0.23,1400,Express,Afternoon,Sunday,18.502,18.943,18.502,344.8,0,2024-09-22 15:00:00
SHP03506,Pune,Hyderabad,,General Network,Pune_Hyderabad,Rural,Express Van,1606,0.52,Cloudy,0.632,3,0.8,2800,Standard,Evening Rush,Sunday,50.498,42.608,50.498,1167.8,0,2024-01-14 21:00:00
SHP03507,Chandigarh,Vadodara,,General Network,Chandigarh_Vadodara,City Road,Express Van,2287,0.74,Fog,0.764,5,0.8,1000,Standard,Midday,Thursday,139.433,72.0,139.433,4956.8,1,2024-11-28 13:00:00
SHP03508,Kolkata,Patna,Mumbai,Eastern Corridor,Kolkata_Patna,Highway,FTL Truck,2120,0.45,Heavy Rain,0.57,1,0.75,3200,Economy,Evening Rush,Monday,73.961,35.767,73.961,2847.7,0,2024-03-25 19:00:00
SHP03509,Vizag,Pune,,General Network,Vizag_Pune,Highway,Carting Vehicle,453,0.12,Fog,0.404,4,0.83,850,Express,Morning Rush,Friday,14.13,14.046,14.13,394.8,0,2024-05-10 08:00:00
SHP03510,Ahmedabad,Bangalore,,General Network,Ahmedabad_Bangalore,Highway,Carting Vehicle,1060,0.15,Storm,0.434,0,0.86,2600,Express,Night,Monday,40.778,26.045,40.778,1386.7,0,2024-04-01 22:00:00
SHP03511,Patna,Bangalore,,General Network,Patna_Bangalore,City Road,Express Van,1746,0.23,Storm,0.294,3,0.39,1100,Standard,Evening Rush,Wednesday,115.377,59.329,115.377,4319.9,1,2024-12-11 20:00:00
SHP03512,Lucknow,Kolkata,,General Network,Lucknow_Kolkata,Expressway,Container,714,0.9,Heavy Rain,0.788,2,0.62,2000,Standard,Midday,Saturday,28.854,14.843,28.854,1200.7,0,2024-02-03 12:00:00
SHP03513,Surat,Lucknow,Bhopal,General Network,Surat_Lucknow,Highway,Mini Truck,1459,0.66,Cloudy,0.56,4,0.41,1800,Standard,Afternoon,Monday,36.13,28.235,36.13,952.0,0,2024-05-13 14:00:00
SHP03514,Vizag,Coimbatore,,General Network,Vizag_Coimbatore,Rural,FTL Truck,531,0.57,Rain,0.618,5,0.69,850,Standard,Afternoon,Monday,25.723,18.433,25.723,835.4,0,2024-08-19 14:00:00
SHP03515,Ahmedabad,Bangalore,Kochi,General Network,Ahmedabad_Bangalore,Rural,Express Van,2398,0.71,Fog,0.634,0,0.52,2600,Economy,Afternoon,Thursday,122.568,63.223,122.568,4573.8,1,2024-09-12 16:00:00
SHP03516,Vizag,Chennai,Kochi,General Network,Vizag_Chennai,Expressway,Express Van,413,0.27,Heavy Rain,0.33,4,0.42,850,Express,Midday,Tuesday,9.322,9.658,9.322,332.5,0,2024-08-06 10:00:00
SHP03517,Kochi,Chandigarh,,General Network,Kochi_Chandigarh,Rural,Container,2377,0.79,Rain,0.618,3,0.36,800,Economy,Afternoon,Wednesday,160.986,84.486,160.986,5930.5,1,2024-07-17 15:00:00
SHP03518,Vadodara,Mumbai,Delhi,General Network,Vadodara_Mumbai,Expressway,Express Van,1298,0.41,Clear,0.518,3,0.68,750,Same-Day,Evening Rush,Saturday,15.062,16.545,15.062,190.8,0,2024-12-21 19:00:00
SHP03519,Chennai,Coimbatore,,General Network,Chennai_Coimbatore,Rural,Carting Vehicle,1784,0.97,Fog,0.714,6,0.33,3500,Same-Day,Evening Rush,Friday,120.855,24.0,120.855,4079.7,1,2024-05-31 21:00:00
SHP03520,Kochi,Mumbai,,General Network,Kochi_Mumbai,Mixed,Carting Vehicle,924,0.41,Heavy Rain,0.534,4,0.72,800,Same-Day,Afternoon,Monday,44.891,24.0,44.891,1461.5,1,2024-11-04 17:00:00
SHP03521,Chennai,Jaipur,,General Network,Chennai_Jaipur,City Road,Mini Truck,892,0.77,Cloudy,0.662,2,0.5,3500,Standard,Evening Rush,Monday,51.017,38.306,51.017,1362.0,0,2024-11-11 21:00:00
SHP03522,Pune,Coimbatore,,General Network,Pune_Coimbatore,Expressway,FTL Truck,606,0.38,Heavy Rain,0.604,3,0.94,2800,Express,Evening Rush,Monday,15.831,9.859,15.831,567.1,0,2024-02-26 18:00:00
SHP03523,Bhopal,Surat,,General Network,Bhopal_Surat,Expressway,Express Van,777,0.76,Rain,0.788,6,0.83,1200,Same-Day,Afternoon,Wednesday,16.744,13.988,16.744,577.9,0,2024-07-24 15:00:00
SHP03524,Jaipur,Surat,,General Network,Jaipur_Surat,Highway,Container,713,0.96,Heavy Rain,0.844,2,0.67,2200,Economy,Morning Rush,Sunday,38.464,16.218,38.464,1678.7,0,2024-04-28 06:00:00
SHP03525,Vizag,Mumbai,,General Network,Vizag_Mumbai,Highway,Carting Vehicle,855,0.2,Clear,0.26,4,0.35,850,Economy,Afternoon,Wednesday,20.881,21.237,20.881,397.9,0,2024-11-27 16:00:00
SHP03526,Kolkata,Ahmedabad,,General Network,Kolkata_Ahmedabad,Mixed,Mini Truck,1843,0.76,Heavy Rain,0.56,6,0.26,3200,Standard,Afternoon,Thursday,101.443,46.344,101.443,4038.8,1,2024-08-08 14:00:00
SHP03527,Bhopal,Vadodara,,General Network,Bhopal_Vadodara,Rural,Express Van,1353,0.77,Fog,0.566,6,0.26,1200,Standard,Night,Saturday,65.087,35.931,65.087,2336.5,0,2024-03-02 22:00:00
SHP03528,Lucknow,Vadodara,,General Network,Lucknow_Vadodara,Expressway,Mini Truck,1383,0.3,Rain,0.312,4,0.33,2000,Standard,Evening Rush,Saturday,29.859,22.922,29.859,821.0,0,2024-04-27 19:00:00
SHP03529,Mumbai,Pune,Kolkata,Mumbai-Pune Expressway,Mumbai_Pune,City Road,FTL Truck,519,0.55,Rain,0.594,1,0.66,5000,Express,Afternoon,Tuesday,28.293,20.387,28.293,807.8,0,2024-12-24 16:00:00
SHP03530,Patna,Bangalore,Lucknow,General Network,Patna_Bangalore,Mixed,Container,2460,0.18,Clear,0.336,6,0.57,1100,Same-Day,Midday,Saturday,49.97,24.0,49.97,104.1,1,2024-05-04 12:00:00
SHP03531,Patna,Vadodara,Mumbai,General Network,Patna_Vadodara,Expressway,Express Van,1221,0.28,Heavy Rain,0.5,3,0.83,1100,Same-Day,Midday,Sunday,22.876,19.393,22.876,702.0,0,2024-09-01 12:00:00
SHP03532,Delhi,Jaipur,,NCR-Rajasthan Corridor,Delhi_Jaipur,Highway,FTL Truck,1062,0.44,Rain,0.472,1,0.52,4800,Economy,Morning Rush,Tuesday,29.566,19.247,29.566,977.5,0,2024-11-26 07:00:00
SHP03533,Hyderabad,Vizag,Indore,General Network,Hyderabad_Vizag,Highway,FTL Truck,1496,0.78,Fog,0.584,1,0.29,3800,Same-Day,Morning Rush,Wednesday,38.902,24.0,38.902,1212.1,1,2024-05-29 09:00:00
SHP03534,Bhopal,Patna,Ahmedabad,General Network,Bhopal_Patna,City Road,Mini Truck,1085,0.13,Heavy Rain,0.242,5,0.41,1200,Standard,Afternoon,Thursday,70.716,49.479,70.716,2176.3,0,2024-12-26 17:00:00
SHP03535,Nagpur,Ahmedabad,,General Network,Nagpur_Ahmedabad,Rural,Mini Truck,2292,0.77,Rain,0.582,5,0.3,1600,Same-Day,Morning Rush,Tuesday,110.867,24.0,110.867,3256.5,1,2024-10-22 06:00:00
SHP03536,Bangalore,Kolkata,Kochi,General Network,Bangalore_Kolkata,Expressway,Express Van,509,0.6,Clear,0.56,2,0.5,4200,Express,Morning Rush,Saturday,7.718,10.357,7.718,183.5,0,2024-06-01 07:00:00
SHP03537,Vadodara,Indore,Bangalore,General Network,Vadodara_Indore,Rural,Container,1232,0.33,Heavy Rain,0.458,2,0.65,750,Standard,Afternoon,Saturday,75.088,46.17,75.088,2572.7,1,2024-08-24 17:00:00
SHP03538,Kolkata,Jaipur,,General Network,Kolkata_Jaipur,Rural,FTL Truck,205,0.78,Clear,0.652,1,0.46,3200,Standard,Midday,Thursday,7.226,7.025,7.226,160.3,0,2024-08-08 11:00:00
SHP03539,Jaipur,Kolkata,,General Network,Jaipur_Kolkata,Highway,FTL Truck,1325,0.51,Clear,0.634,0,0.82,2200,Express,Afternoon,Tuesday,21.856,26.391,21.856,317.6,0,2024-02-13 17:00:00
SHP03540,Coimbatore,Chandigarh,,General Network,Coimbatore_Chandigarh,City Road,Carting Vehicle,1965,0.96,Rain,0.704,0,0.32,900,Standard,Night,Monday,185.46,72.0,185.46,6636.2,1,2024-02-05 22:00:00
SHP03541,Jaipur,Vadodara,Lucknow,General Network,Jaipur_Vadodara,Expressway,Carting Vehicle,767,0.77,Fog,0.822,2,,2200,Same-Day,Afternoon,Saturday,24.227,17.942,24.227,807.7,1,2024-10-19 16:00:00
SHP03542,Chennai,Surat,,General Network,Chennai_Surat,City Road,Express Van,1043,0.32,Heavy Rain,0.428,2,0.59,3500,Standard,Morning Rush,Friday,59.925,36.921,59.925,2040.7,0,2024-07-26 07:00:00
SHP03543,Jaipur,Chennai,Bhopal,General Network,Jaipur_Chennai,Rural,Express Van,2429,0.77,Rain,0.826,0,0.91,2200,Express,Morning Rush,Thursday,97.911,48.0,97.911,3058.4,1,2024-01-25 09:00:00
SHP03544,Mumbai,Vizag,,General Network,Mumbai_Vizag,Mixed,Carting Vehicle,1214,,Clear,0.62,2,0.62,5000,Economy,Midday,Tuesday,46.124,38.897,46.124,1148.8,0,2024-11-26 11:00:00
SHP03545,Vadodara,Indore,Vizag,General Network,Vadodara_Indore,Rural,FTL Truck,1795,0.86,Cloudy,0.892,3,0.94,750,Economy,Morning Rush,Sunday,85.031,55.049,85.031,2708.5,0,2024-06-09 07:00:00
SHP03546,Ahmedabad,Lucknow,Pune,General Network,Ahmedabad_Lucknow,Rural,Mini Truck,303,0.43,Clear,0.422,3,0.41,2600,Express,Morning Rush,Saturday,11.421,14.401,11.421,236.4,0,2024-06-22 06:00:00
SHP03547,Bhopal,Vadodara,Indore,General Network,Bhopal_Vadodara,City Road,Express Van,215,0.13,Heavy Rain,0.438,0,0.9,1200,Express,Afternoon,Tuesday,10.474,11.279,10.474,307.9,0,2024-11-19 15:00:00
SHP03548,Nagpur,Pune,,General Network,Nagpur_Pune,Rural,FTL Truck,907,0.66,Storm,0.608,3,0.53,1600,Express,Afternoon,Wednesday,63.911,30.666,63.911,2625.3,1,2024-07-10 16:00:00
SHP03549,Pune,Vadodara,,General Network,Pune_Vadodara,Highway,Express Van,1001,0.67,Rain,0.542,1,0.35,2800,Same-Day,Morning Rush,Tuesday,20.839,17.937,20.839,597.5,0,2024-12-17 08:00:00
SHP03550,Vizag,Chennai,Bhopal,General Network,Vizag_Chennai,Highway,Carting Vehicle,2326,0.59,Storm,0.586,5,0.58,850,Standard,Night,Sunday,128.699,54.36,128.699,5396.0,1,2024-10-13 22:00:00
SHP03551,Vizag,Patna,,General Network,Vizag_Patna,Highway,Mini Truck,1314,0.95,Storm,0.814,4,0.61,850,Economy,Morning Rush,Thursday,81.738,26.897,81.738,3809.3,0,2024-04-25 08:00:00
SHP03552,Chandigarh,Hyderabad,,General Network,Chandigarh_Hyderabad,Rural,FTL Truck,1340,0.86,Fog,0.684,2,0.42,1000,Standard,Night,Thursday,76.733,41.218,76.733,2817.3,1,2024-11-14 22:00:00
SHP03553,Jaipur,Coimbatore,,General Network,Jaipur_Coimbatore,City Road,Carting Vehicle,2086,0.63,Fog,0.718,6,0.85,2200,Same-Day,Afternoon,Sunday,156.94,24.0,156.94,4648.4,1,2024-04-28 17:00:00
SHP03554,Kochi,Bhopal,Chennai,General Network,Kochi_Bhopal,City Road,Carting Vehicle,131,0.26,Clear,0.308,1,0.38,800,Standard,Evening Rush,Tuesday,6.968,9.006,6.968,118.6,0,2024-10-01 18:00:00
SHP03555,Chandigarh,Ahmedabad,Patna,General Network,Chandigarh_Ahmedabad,Mixed,Express Van,2312,0.43,Rain,0.354,0,0.24,1000,Same-Day,Afternoon,Friday,53.493,24.0,53.493,1199.2,1,2024-02-16 15:00:00
SHP03556,Hyderabad,Surat,,General Network,Hyderabad_Surat,Rural,Mini Truck,1173,0.53,Cloudy,0.626,6,0.77,3800,Economy,Morning Rush,Sunday,53.941,38.715,53.941,1498.7,0,2024-01-21 07:00:00
SHP03557,Kolkata,Bhopal,,General Network,Kolkata_Bhopal,Rural,Carting Vehicle,1172,0.93,Fog,0.85,3,0.73,3200,Standard,Morning Rush,Friday,93.002,48.11,93.002,3496.5,1,2024-04-19 08:00:00
SHP03558,Kochi,Bangalore,,General Network,Kochi_Bangalore,Highway,Mini Truck,1670,0.26,Rain,0.352,2,0.49,800,Express,Afternoon,Monday,37.801,34.974,37.801,876.4,0,2024-04-08 15:00:00
SHP03559,Vadodara,Bangalore,,General Network,Vadodara_Bangalore,Mixed,FTL Truck,174,0.93,Clear,0.69,1,0.33,750,Standard,Afternoon,Saturday,5.761,8.616,5.761,171.7,0,2024-03-09 17:00:00
SHP03560,Nagpur,Coimbatore,Hyderabad,General Network,Nagpur_Coimbatore,Mixed,Express Van,1384,0.2,Heavy Rain,0.24,4,0.3,1600,Same-Day,Evening Rush,Saturday,36.972,24.0,36.972,1014.8,1,2024-03-30 21:00:00
SHP03561,Bangalore,Lucknow,,General Network,Bangalore_Lucknow,Highway,Mini Truck,445,0.6,Storm,0.62,5,0.65,4200,Same-Day,Night,Monday,19.433,12.928,19.433,795.2,0,2024-10-28 22:00:00
SHP03562,Kochi,Bangalore,Ahmedabad,General Network,Kochi_Bangalore,City Road,Container,1348,0.72,Heavy Rain,0.552,4,0.3,800,Express,Evening Rush,Tuesday,119.899,48.0,119.899,4475.3,1,2024-01-02 20:00:00
SHP03563,Pune,Delhi,Nagpur,General Network,Pune_Delhi,Mixed,FTL Truck,1212,0.3,Fog,0.556,1,0.94,2800,Economy,Midday,Friday,43.536,28.429,43.536,1400.2,0,2024-08-16 13:00:00
SHP03564,Indore,Pune,,General Network,Indore_Pune,Rural,Mini Truck,2412,0.33,Heavy Rain,0.418,2,0.55,1400,Same-Day,Midday,Tuesday,115.695,24.0,115.695,3368.3,1,2024-07-09 10:00:00
SHP03565,Bangalore,Vizag,Jaipur,General Network,Bangalore_Vizag,Highway,Container,2410,0.58,Rain,0.48,3,0.33,4200,Same-Day,Afternoon,Wednesday,62.431,24.0,62.431,1619.4,1,2024-05-01 17:00:00
SHP03566,Kochi,Surat,,General Network,Kochi_Surat,City Road,Express Van,1922,0.62,Cloudy,0.708,2,0.84,800,Same-Day,Morning Rush,Thursday,67.437,24.0,67.437,1181.1,1,2024-02-22 07:00:00
SHP03567,Bangalore,Ahmedabad,,General Network,Bangalore_Ahmedabad,City Road,FTL Truck,503,0.86,Rain,0.656,4,0.35,4200,Economy,Afternoon,Saturday,39.219,23.483,39.219,1490.8,0,2024-12-28 16:00:00
SHP03568,Nagpur,Chennai,,General Network,Nagpur_Chennai,Expressway,FTL Truck,2188,0.16,Cloudy,0.284,2,0.47,1600,Express,Morning Rush,Tuesday,27.651,31.303,27.651,277.2,0,2024-07-09 08:00:00
SHP03569,Nagpur,Surat,,General Network,Nagpur_Surat,Highway,Container,994,0.45,Heavy Rain,0.398,6,0.32,1600,Express,Midday,Friday,34.586,21.938,34.586,1198.1,0,2024-03-22 11:00:00
SHP03570,Hyderabad,Surat,,General Network,Hyderabad_Surat,Rural,Container,1672,0.46,Cloudy,0.612,0,0.84,3800,Standard,Morning Rush,Wednesday,66.749,58.22,66.749,1382.2,0,2024-12-04 06:00:00
SHP03571,Jaipur,Mumbai,,General Network,Jaipur_Mumbai,Highway,Carting Vehicle,1209,0.57,Fog,0.682,0,0.85,2200,Same-Day,Morning Rush,Sunday,38.261,24.0,38.261,1086.7,1,2024-12-22 07:00:00
SHP03572,Vadodara,Patna,,General Network,Vadodara_Patna,Mixed,Express Van,498,0.76,Fog,0.76,1,0.76,750,Economy,Night,Thursday,20.711,14.289,20.711,809.6,0,2024-12-05 22:00:00
SHP03573,Bangalore,Nagpur,Chandigarh,General Network,Bangalore_Nagpur,Expressway,Mini Truck,1885,0.86,Rain,0.616,2,,4200,Standard,Afternoon,Sunday,53.056,32.909,53.056,1860.6,0,2024-10-06 16:00:00
SHP03574,Vizag,Kolkata,,General Network,Vizag_Kolkata,Highway,Carting Vehicle,1307,0.69,Cloudy,0.61,4,0.49,850,Same-Day,Morning Rush,Monday,32.968,24.0,32.968,671.1,1,2024-05-27 08:00:00
SHP03575,Mumbai,Bhopal,,General Network,Mumbai_Bhopal,Mixed,FTL Truck,433,0.2,Fog,0.376,0,0.64,5000,Same-Day,Night,Sunday,10.908,12.341,10.908,221.5,0,2024-05-19 22:00:00
SHP03576,Vizag,Surat,Pune,General Network,Vizag_Surat,Highway,Container,1642,0.91,Storm,0.902,3,0.89,850,Same-Day,Afternoon,Tuesday,80.321,24.0,80.321,3370.4,1,2024-06-11 15:00:00
SHP03577,Chennai,Ahmedabad,,General Network,Chennai_Ahmedabad,Rural,Container,1684,0.28,Cloudy,0.456,5,0.72,3500,Economy,Afternoon,Saturday,69.547,60.774,69.547,1531.3,0,2024-11-09 17:00:00
SHP03578,Delhi,Hyderabad,Vadodara,General Network,Delhi_Hyderabad,Expressway,Express Van,1229,0.16,Fog,0.224,5,0.32,4800,Same-Day,Midday,Thursday,18.69,17.701,18.69,446.4,0,2024-08-15 12:00:00
SHP03579,Chennai,Surat,Chandigarh,General Network,Chennai_Surat,Expressway,Express Van,860,0.1,Heavy Rain,0.268,5,0.52,3500,Standard,Afternoon,Monday,17.22,15.03,17.22,560.9,0,2024-12-30 17:00:00
SHP03580,Kolkata,Chennai,Vizag,General Network,Kolkata_Chennai,Highway,Carting Vehicle,638,0.26,Storm,0.38,3,0.56,3200,Same-Day,Morning Rush,Thursday,25.784,18.704,25.784,909.0,1,2024-10-24 06:00:00
SHP03581,Pune,Mumbai,,Mumbai-Pune Expressway,Pune_Mumbai,City Road,Carting Vehicle,360,0.53,Heavy Rain,0.478,6,0.4,2800,Same-Day,Afternoon,Tuesday,33.172,22.11,33.172,1167.5,1,2024-10-15 14:00:00
SHP03582,Patna,Delhi,,General Network,Patna_Delhi,Rural,Mini Truck,462,0.23,Fog,0.314,3,0.44,1100,Economy,Evening Rush,Thursday,24.55,19.619,24.55,788.6,0,2024-04-18 20:00:00
SHP03583,Coimbatore,Mumbai,,General Network,Coimbatore_Mumbai,Highway,Carting Vehicle,2317,0.1,Rain,0.36,4,0.75,900,Economy,Morning Rush,Friday,67.824,54.662,67.824,1752.5,0,2024-09-06 06:00:00
SHP03584,Patna,Coimbatore,,General Network,Patna_Coimbatore,Highway,Carting Vehicle,1193,0.9,Clear,0.716,1,0.44,1100,Same-Day,Midday,Wednesday,29.401,24.0,29.401,571.1,1,2024-11-13 12:00:00
SHP03585,Chennai,Mumbai,,General Network,Chennai_Mumbai,City Road,Express Van,1491,0.84,Heavy Rain,0.596,1,0.23,3500,Economy,Morning Rush,Friday,125.052,51.924,125.052,5280.5,1,2024-09-20 09:00:00
SHP03586,Delhi,Jaipur,Vadodara,NCR-Rajasthan Corridor,Delhi_Jaipur,Rural,Mini Truck,2348,,Cloudy,0.458,6,0.86,4800,Standard,Afternoon,Thursday,77.373,72.0,77.373,1163.9,1,2024-06-06 17:00:00
SHP03587,Hyderabad,Coimbatore,Pune,General Network,Hyderabad_Coimbatore,Rural,Container,2117,0.43,Storm,0.514,4,0.64,3800,Economy,Midday,Sunday,185.525,74.708,185.525,7810.7,1,2024-10-06 10:00:00
SHP03588,Vizag,Indore,,General Network,Vizag_Indore,Rural,FTL Truck,494,0.37,Cloudy,0.39,3,0.42,850,Same-Day,Afternoon,Saturday,14.237,18.531,14.237,195.5,0,2024-10-05 15:00:00
SHP03589,Bhopal,Patna,,General Network,Bhopal_Patna,Highway,Express Van,240,0.12,Cloudy,0.176,5,0.26,1200,Same-Day,Morning Rush,Friday,3.94,7.727,3.94,79.9,0,2024-02-23 09:00:00
SHP03590,Delhi,Chandigarh,,General Network,Delhi_Chandigarh,Expressway,FTL Truck,773,0.63,Cloudy,0.718,4,0.85,4800,Standard,Midday,Wednesday,14.759,13.822,14.759,397.3,0,2024-08-28 11:00:00
SHP03591,Kolkata,Delhi,,Northern-Eastern Corridor,Kolkata_Delhi,Expressway,Express Van,632,0.16,Cloudy,0.188,4,0.23,3200,Standard,Afternoon,Friday,8.038,9.709,8.038,135.2,0,2024-12-06 17:00:00
SHP03592,Coimbatore,Indore,,General Network,Coimbatore_Indore,Rural,FTL Truck,1243,0.74,Cloudy,0.68,6,0.59,900,Economy,Morning Rush,Tuesday,57.893,38.877,57.893,1816.2,0,2024-04-16 08:00:00
SHP03593,Vizag,Vadodara,,General Network,Vizag_Vadodara,Expressway,FTL Truck,971,0.38,Clear,0.432,0,0.51,850,Economy,Evening Rush,Saturday,15.258,16.786,15.258,302.2,0,2024-12-07 19:00:00
SHP03594,Pune,Surat,,General Network,Pune_Surat,City Road,Express Van,210,0.23,Storm,0.246,2,0.27,2800,Standard,Evening Rush,Sunday,14.821,11.236,14.821,576.2,0,2024-08-11 18:00:00
SHP03595,Vadodara,Hyderabad,,General Network,Vadodara_Hyderabad,Mixed,FTL Truck,2406,0.27,Clear,0.502,6,0.85,750,Economy,Morning Rush,Saturday,56.637,53.702,56.637,992.2,0,2024-09-07 07:00:00
SHP03596,Lucknow,Vadodara,,General Network,Lucknow_Vadodara,City Road,Express Van,504,0.73,Cloudy,0.774,6,0.84,2000,Express,Night,Thursday,22.757,20.453,22.757,614.1,0,2024-05-23 22:00:00
SHP03597,Kochi,Nagpur,Delhi,General Network,Kochi_Nagpur,City Road,Express Van,1596,0.3,Rain,0.348,6,0.42,800,Standard,Morning Rush,Monday,71.253,55.803,71.253,1896.1,0,2024-01-22 08:00:00
SHP03598,Indore,Pune,Chandigarh,General Network,Indore_Pune,City Road,Express Van,1236,0.67,Rain,0.678,3,0.69,1400,Economy,Afternoon,Friday,76.279,42.763,76.279,2734.2,0,2024-08-02 14:00:00
SHP03599,Chandigarh,Indore,Hyderabad,General Network,Chandigarh_Indore,Expressway,Container,2176,0.74,,0.596,5,0.38,1000,Same-Day,Midday,Sunday,68.12,24.0,68.12,2470.3,1,2024-01-07 12:00:00
SHP03600,Kolkata,Chennai,Kochi,General Network,Kolkata_Chennai,Expressway,Express Van,1260,,Storm,0.292,5,0.31,3200,Same-Day,Morning Rush,Sunday,28.587,17.218,28.587,1023.3,1,2024-02-18 06:00:00
SHP03601,Pune,Nagpur,,General Network,Pune_Nagpur,Mixed,Express Van,2388,0.86,Clear,0.628,4,0.28,2800,Standard,Morning Rush,Saturday,59.782,47.282,59.782,1510.4,0,2024-12-07 08:00:00
SHP03602,Ahmedabad,Coimbatore,,General Network,Ahmedabad_Coimbatore,Expressway,Container,1423,0.51,Rain,0.626,0,0.8,2600,Express,Morning Rush,Tuesday,32.913,24.931,32.913,917.4,0,2024-01-09 07:00:00
SHP03603,Delhi,Vadodara,,General Network,Delhi_Vadodara,Rural,Express Van,965,0.35,Clear,0.598,0,0.97,4800,Express,Morning Rush,Sunday,22.417,26.435,22.417,226.2,0,2024-03-17 07:00:00
SHP03604,Vizag,Surat,,General Network,Vizag_Surat,Mixed,Carting Vehicle,499,0.99,Rain,0.706,6,0.28,850,Standard,Midday,Sunday,29.521,17.714,29.521,1105.9,0,2024-07-07 11:00:00
SHP03605,Bangalore,Chandigarh,Indore,General Network,Bangalore_Chandigarh,Highway,Express Van,275,0.39,Heavy Rain,0.57,3,0.84,4200,Economy,Midday,Tuesday,9.502,5.405,9.502,390.8,0,2024-01-23 13:00:00
SHP03606,Pune,Kochi,Vadodara,General Network,Pune_Kochi,City Road,Express Van,606,0.34,Heavy Rain,0.548,5,0.86,2800,Standard,Morning Rush,Saturday,37.481,23.19,37.481,1345.5,0,2024-06-22 08:00:00
SHP03607,Chennai,Bangalore,Jaipur,Southern Corridor,Chennai_Bangalore,Highway,Container,595,0.55,Rain,0.466,0,0.34,3500,Economy,Afternoon,Saturday,20.08,15.706,20.08,679.8,0,2024-05-11 17:00:00
SHP03608,Nagpur,Surat,Patna,General Network,Nagpur_Surat,Mixed,Mini Truck,708,0.3,Fog,0.324,0,0.36,1600,Economy,Afternoon,Thursday,27.946,21.158,27.946,890.1,0,2024-04-04 15:00:00
SHP03609,Indore,Bhopal,,General Network,Indore_Bhopal,City Road,Carting Vehicle,421,0.93,Fog,0.894,1,0.84,1400,Standard,Afternoon,Friday,42.908,23.386,42.908,1612.2,0,2024-02-09 15:00:00
SHP03610,Chennai,Kolkata,,General Network,Chennai_Kolkata,Highway,Container,1618,0.6,Rain,0.524,3,0.41,3500,Same-Day,Afternoon,Monday,43.403,24.0,43.403,1176.6,1,2024-09-02 15:00:00
SHP03611,Pune,Ahmedabad,Indore,General Network,Pune_Ahmedabad,Rural,Carting Vehicle,366,0.96,Cloudy,0.948,2,0.93,2800,Express,Midday,Sunday,20.793,16.497,20.793,596.9,0,2024-07-07 10:00:00
SHP03612,Jaipur,Vizag,,General Network,Jaipur_Vizag,City Road,Container,1623,0.77,Fog,0.834,6,0.93,2200,Economy,Evening Rush,Monday,150.567,74.64,150.567,5760.7,1,2024-09-23 21:00:00
SHP03613,Surat,Mumbai,,General Network,Surat_Mumbai,Expressway,Container,1137,0.16,Cloudy,0.452,4,0.89,1800,Standard,Midday,Tuesday,19.967,21.073,19.967,353.2,0,2024-02-20 12:00:00
SHP03614,Indore,Kolkata,,General Network,Indore_Kolkata,Mixed,Carting Vehicle,2085,0.59,Heavy Rain,0.582,2,0.57,1400,Express,Afternoon,Wednesday,114.061,48.0,114.061,4063.6,1,2024-04-10 17:00:00
SHP03615,Pune,Jaipur,Kolkata,General Network,Pune_Jaipur,Mixed,Mini Truck,724,0.99,Rain,0.838,5,0.61,2800,Express,Morning Rush,Sunday,33.469,21.402,33.469,1203.7,0,2024-07-14 06:00:00
SHP03616,Vizag,Patna,Lucknow,General Network,Vizag_Patna,Rural,Mini Truck,415,0.92,Rain,0.756,4,0.51,850,Economy,Midday,Friday,29.741,18.224,29.741,1169.6,0,2024-03-22 10:00:00
SHP03617,Hyderabad,Jaipur,,General Network,Hyderabad_Jaipur,Rural,Container,1131,0.57,Clear,0.49,4,0.37,3800,Economy,Midday,Friday,50.626,40.997,50.626,1263.5,0,2024-07-19 10:00:00
SHP03618,Pune,Kochi,,General Network,Pune_Kochi,City Road,Container,2167,0.22,Cloudy,0.308,5,0.44,2800,Standard,Morning Rush,Friday,95.722,72.0,95.722,1372.9,1,2024-08-02 06:00:00
SHP03619,Chennai,Kochi,,General Network,Chennai_Kochi,Expressway,Express Van,1385,0.62,Fog,0.604,6,0.58,3500,Economy,Night,Saturday,33.68,18.769,33.68,1260.2,0,2024-05-25 22:00:00
SHP03620,Hyderabad,Chandigarh,,General Network,Hyderabad_Chandigarh,Expressway,Container,1165,0.17,Clear,0.386,4,0.71,3800,Same-Day,Evening Rush,Friday,16.05,20.945,16.05,97.4,0,2024-12-13 20:00:00
SHP03621,Kochi,Chennai,,General Network,Kochi_Chennai,Highway,Express Van,1155,0.14,Fog,0.412,6,0.82,800,Same-Day,Morning Rush,Friday,20.903,20.056,20.903,500.9,0,2024-07-12 09:00:00
SHP03622,Hyderabad,Indore,Bangalore,General Network,Hyderabad_Indore,Mixed,Container,806,0.33,Fog,0.362,5,0.41,3800,Express,Afternoon,Monday,30.673,23.573,30.673,892.1,0,2024-01-15 14:00:00
SHP03623,Kolkata,Kochi,Chennai,General Network,Kolkata_Kochi,Mixed,FTL Truck,2054,0.25,Fog,0.434,5,0.71,3200,Same-Day,Midday,Sunday,55.197,24.0,55.197,1257.8,1,2024-08-04 13:00:00
SHP03624,Coimbatore,Pune,Hyderabad,General Network,Coimbatore_Pune,Expressway,Mini Truck,1943,0.14,Clear,0.216,6,0.33,900,Same-Day,Midday,Tuesday,24.383,24.0,24.383,99.4,1,2024-09-17 11:00:00
SHP03625,Mumbai,Jaipur,,General Network,Mumbai_Jaipur,Rural,Carting Vehicle,1939,0.98,Fog,0.964,5,0.94,5000,Standard,Midday,Friday,156.548,72.0,156.548,5945.8,1,2024-08-09 11:00:00
SHP03626,Nagpur,Hyderabad,,General Network,Nagpur_Hyderabad,Rural,Express Van,1605,0.56,Clear,0.564,1,0.57,1600,Same-Day,Night,Friday,38.249,24.0,38.249,434.1,1,2024-11-15 22:00:00
SHP03627,Surat,Indore,Delhi,General Network,Surat_Indore,City Road,Container,1614,0.49,Cloudy,0.626,1,0.83,1800,Express,Midday,Saturday,77.339,48.0,77.339,1385.2,1,2024-05-25 10:00:00
SHP03628,Surat,Lucknow,,General Network,Surat_Lucknow,Mixed,Carting Vehicle,544,0.86,Storm,0.872,4,0.89,1800,Economy,Evening Rush,Tuesday,53.261,20.237,53.261,2470.4,0,2024-10-15 18:00:00
SHP03629,Ahmedabad,Indore,,General Network,Ahmedabad_Indore,City Road,Mini Truck,134,0.77,Heavy Rain,0.59,0,0.32,2600,Standard,Evening Rush,Monday,13.044,10.395,13.044,527.4,0,2024-07-01 21:00:00
SHP03630,Pune,Hyderabad,,General Network,Pune_Hyderabad,Mixed,Mini Truck,1853,0.87,Rain,0.642,2,0.3,2800,Standard,Midday,Thursday,82.601,48.793,82.601,2897.2,1,2024-07-11 12:00:00
SHP03631,Chandigarh,Delhi,Kochi,General Network,Chandigarh_Delhi,City Road,Carting Vehicle,2222,0.47,Storm,0.438,6,0.39,1000,Standard,Evening Rush,Saturday,258.593,72.0,258.593,10436.7,1,2024-12-14 20:00:00
SHP03632,Jaipur,Mumbai,Surat,General Network,Jaipur_Mumbai,Rural,Container,1425,0.66,Cloudy,0.608,4,0.53,2200,Standard,Evening Rush,Monday,64.415,51.308,64.415,1629.6,0,2024-03-04 20:00:00
SHP03633,Bhopal,Delhi,,General Network,Bhopal_Delhi,Highway,FTL Truck,2372,0.1,Cloudy,0.26,4,0.5,1200,Same-Day,Afternoon,Monday,32.337,24.0,32.337,161.2,1,2024-10-28 14:00:00
SHP03634,Kochi,Patna,,General Network,Kochi_Patna,Rural,FTL Truck,1139,0.64,Rain,0.48,2,0.24,800,Standard,Midday,Tuesday,54.501,36.544,54.501,1751.4,0,2024-02-06 11:00:00
SHP03635,Ahmedabad,Surat,Vadodara,General Network,Ahmedabad_Surat,Expressway,Express Van,843,0.86,Clear,0.7,2,0.46,2600,Standard,Morning Rush,Thursday,14.76,13.749,14.76,422.7,0,2024-04-04 07:00:00
SHP03636,Bangalore,Hyderabad,,General Network,Bangalore_Hyderabad,City Road,Container,1896,0.42,Clear,0.368,6,0.29,4200,Express,Afternoon,Monday,80.855,48.0,80.855,1027.4,1,2024-03-04 17:00:00
SHP03637,Hyderabad,Ahmedabad,,General Network,Hyderabad_Ahmedabad,Rural,Container,2051,0.61,,0.454,6,0.22,3800,Standard,Morning Rush,Tuesday,114.091,72.0,114.091,3628.2,1,2024-08-27 06:00:00
SHP03638,Vizag,Delhi,Hyderabad,General Network,Vizag_Delhi,Expressway,FTL Truck,1817,0.94,Clear,0.872,0,0.77,850,Economy,Afternoon,Monday,38.044,28.026,38.044,1135.0,0,2024-04-01 14:00:00
SHP03639,Lucknow,Jaipur,Nagpur,General Network,Lucknow_Jaipur,Highway,Express Van,885,0.28,Heavy Rain,0.412,4,0.61,2000,Standard,Afternoon,Friday,22.804,15.238,22.804,791.0,0,2024-06-28 17:00:00
SHP03640,Bangalore,Chennai,,Southern Corridor,Bangalore_Chennai,City Road,Express Van,672,0.89,Rain,0.878,0,0.86,4200,Standard,Afternoon,Monday,40.335,26.197,40.335,1418.4,0,2024-07-15 17:00:00
SHP03641,Ahmedabad,Nagpur,Patna,General Network,Ahmedabad_Nagpur,City Road,Container,1791,0.28,Heavy Rain,0.556,5,0.97,2600,Express,Afternoon,Friday,124.66,48.0,124.66,3867.5,1,2024-11-08 14:00:00
SHP03642,Coimbatore,Jaipur,,General Network,Coimbatore_Jaipur,Expressway,FTL Truck,1857,0.66,Clear,0.632,5,0.59,900,Express,Afternoon,Thursday,29.427,28.94,29.427,592.8,0,2024-10-31 14:00:00
SHP03643,Vadodara,Jaipur,,General Network,Vadodara_Jaipur,Mixed,Mini Truck,1973,0.69,Cloudy,0.67,2,0.64,750,Standard,Morning Rush,Monday,63.542,49.173,63.542,1620.3,0,2024-04-29 07:00:00
SHP03644,Chandigarh,Chennai,,General Network,Chandigarh_Chennai,Rural,Express Van,727,0.93,Storm,0.65,5,0.23,1000,Economy,Midday,Monday,61.83,23.257,61.83,2866.9,0,2024-09-16 13:00:00
SHP03645,Vadodara,Bangalore,Lucknow,General Network,Vadodara_Bangalore,Highway,Container,1007,0.74,Fog,0.696,5,0.63,750,Standard,Afternoon,Monday,37.861,22.286,37.861,1383.2,0,2024-11-25 14:00:00
SHP03646,Jaipur,Nagpur,,General Network,Jaipur_Nagpur,City Road,Express Van,379,0.47,Storm,0.406,6,0.31,2200,Express,Morning Rush,Wednesday,28.997,17.074,28.997,1174.9,0,2024-02-14 06:00:00
SHP03647,Nagpur,Hyderabad,,General Network,Nagpur_Hyderabad,Expressway,FTL Truck,1867,0.47,Rain,0.478,2,0.49,1600,Express,Night,Friday,36.329,30.548,36.329,1000.6,0,2024-10-04 22:00:00
SHP03648,Chandigarh,Bhopal,Jaipur,General Network,Chandigarh_Bhopal,Rural,Express Van,746,0.32,Storm,0.56,1,0.92,1000,Standard,Midday,Wednesday,40.916,23.546,40.916,1590.0,0,2024-10-23 12:00:00
SHP03649,Kochi,Ahmedabad,,General Network,Kochi_Ahmedabad,Rural,FTL Truck,2004,0.75,Rain,0.686,1,0.59,800,Standard,Midday,Sunday,101.302,62.817,101.302,3406.1,1,2024-01-21 13:00:00
SHP03650,Chandigarh,Patna,Vadodara,General Network,Chandigarh_Patna,City Road,FTL Truck,900,0.81,Clear,0.826,2,0.85,1000,Standard,Midday,Monday,43.74,38.08,43.74,1081.6,0,2024-04-22 12:00:00
SHP03651,Surat,Chennai,,General Network,Surat_Chennai,Rural,Express Van,2123,0.62,Storm,0.464,0,0.23,1800,Standard,Night,Thursday,135.328,56.682,135.328,5658.2,1,2024-11-14 22:00:00
SHP03652,Bangalore,Hyderabad,,General Network,Bangalore_Hyderabad,Mixed,FTL Truck,1903,0.78,Fog,0.788,0,0.8,4200,Express,Afternoon,Saturday,71.961,42.36,71.961,2414.7,1,2024-12-07 17:00:00
SHP03653,Vizag,Patna,Coimbatore,General Network,Vizag_Patna,Highway,Express Van,1781,0.3,Rain,0.4,3,0.55,850,Express,Evening Rush,Saturday,32.627,27.659,32.627,796.1,0,2024-05-18 18:00:00
SHP03654,Mumbai,Pune,,Mumbai-Pune Expressway,Mumbai_Pune,Mixed,Carting Vehicle,613,0.96,Storm,0.912,6,0.84,5000,Economy,Morning Rush,Wednesday,62.101,19.176,62.101,2908.7,0,2024-03-20 09:00:00
SHP03655,Bhopal,Kolkata,,General Network,Bhopal_Kolkata,Mixed,Container,1033,0.67,Heavy Rain,0.702,3,0.75,1200,Economy,Afternoon,Friday,64.779,28.012,64.779,2671.5,0,2024-10-04 16:00:00
SHP03656,Lucknow,Surat,,General Network,Lucknow_Surat,Expressway,Container,1068,0.57,Clear,0.53,4,0.47,2000,Economy,Midday,Saturday,22.92,21.505,22.92,581.6,0,2024-04-27 12:00:00
SHP03657,Jaipur,Surat,,General Network,Jaipur_Surat,City Road,Container,2281,0.39,Clear,0.382,5,0.37,2200,Economy,Morning Rush,Sunday,114.794,102.333,114.794,2287.3,0,2024-05-12 06:00:00
SHP03658,Lucknow,Surat,,General Network,Lucknow_Surat,Highway,FTL Truck,1681,0.48,,0.58,5,0.73,2000,Express,Midday,Tuesday,50.899,28.529,50.899,1793.2,1,2024-04-23 13:00:00
SHP03659,Mumbai,Lucknow,,General Network,Mumbai_Lucknow,Expressway,FTL Truck,1697,0.22,Rain,0.504,3,0.93,5000,Express,Evening Rush,Saturday,28.625,26.364,28.625,645.7,0,2024-06-15 19:00:00
SHP03660,Mumbai,Kolkata,Vadodara,General Network,Mumbai_Kolkata,Mixed,Mini Truck,155,0.15,Storm,0.45,4,0.9,5000,Standard,Afternoon,Sunday,9.541,8.535,9.541,400.2,0,2024-09-01 16:00:00
SHP03661,Patna,Chandigarh,,General Network,Patna_Chandigarh,City Road,Container,1916,0.48,Cloudy,0.684,3,0.99,1100,Economy,Morning Rush,Thursday,111.768,87.871,111.768,2841.9,0,2024-02-01 08:00:00
SHP03662,Delhi,Bangalore,,General Network,Delhi_Bangalore,Mixed,Express Van,1694,0.62,Rain,0.68,5,0.77,4800,Same-Day,Midday,Saturday,45.527,24.0,45.527,1258.6,1,2024-10-26 11:00:00
SHP03663,Hyderabad,Chandigarh,,General Network,Hyderabad_Chandigarh,Highway,Carting Vehicle,1826,0.47,Storm,0.518,4,0.59,3800,Same-Day,Midday,Friday,79.228,24.0,79.228,2927.7,1,2024-08-30 10:00:00
SHP03664,Bangalore,Patna,Delhi,General Network,Bangalore_Patna,Rural,Express Van,1450,0.52,Fog,0.472,1,0.4,4200,Same-Day,Morning Rush,Thursday,51.228,24.0,51.228,1392.5,1,2024-05-09 08:00:00
SHP03665,Lucknow,Ahmedabad,Chandigarh,General Network,Lucknow_Ahmedabad,Expressway,Mini Truck,1061,0.61,Cloudy,0.658,1,0.73,2000,Same-Day,Afternoon,Monday,18.835,19.904,18.835,385.5,0,2024-03-25 15:00:00
SHP03666,Indore,Bangalore,,General Network,Indore_Bangalore,Highway,Mini Truck,382,0.97,Clear,0.954,5,0.93,1400,Standard,Morning Rush,Thursday,12.061,8.169,12.061,405.3,0,2024-07-11 08:00:00
SHP03667,Pune,Hyderabad,,General Network,Pune_Hyderabad,Mixed,Express Van,561,0.27,Storm,0.378,3,0.54,2800,Economy,Midday,Tuesday,25.55,13.806,25.55,1045.2,0,2024-01-30 13:00:00
SHP03668,Lucknow,Pune,Bangalore,General Network,Lucknow_Pune,Expressway,Carting Vehicle,1671,0.41,Storm,0.418,6,0.43,2000,Standard,Morning Rush,Thursday,71.938,35.344,71.938,2909.1,0,2024-12-12 08:00:00
SHP03669,Surat,Kolkata,,General Network,Surat_Kolkata,Highway,Container,1955,0.32,Cloudy,0.528,4,0.84,1800,Standard,Evening Rush,Sunday,41.748,39.014,41.748,779.9,0,2024-09-15 20:00:00
SHP03670,Nagpur,Chandigarh,,General Network,Nagpur_Chandigarh,City Road,Express Van,1301,0.49,Heavy Rain,0.61,5,0.79,1600,Economy,Morning Rush,Monday,92.654,44.252,92.654,3619.9,0,2024-03-11 07:00:00
SHP03671,Surat,Jaipur,Hyderabad,General Network,Surat_Jaipur,Highway,Mini Truck,886,0.34,Cloudy,0.38,0,0.44,1800,Economy,Afternoon,Wednesday,19.292,18.015,19.292,419.2,0,2024-06-12 17:00:00
SHP03672,Nagpur,Surat,Indore,General Network,Nagpur_Surat,Rural,Carting Vehicle,387,0.25,Fog,0.338,6,0.47,1600,Same-Day,Midday,Saturday,19.204,17.475,19.204,464.3,0,2024-04-13 10:00:00
SHP03673,Coimbatore,Bhopal,,General Network,Coimbatore_Bhopal,Highway,Carting Vehicle,1837,0.93,Cloudy,0.706,2,0.37,900,Express,Midday,Tuesday,55.355,43.486,55.355,1484.3,1,2024-12-24 13:00:00
SHP03674,Pune,Patna,Mumbai,General Network,Pune_Patna,Expressway,Container,1637,0.26,Storm,0.54,1,0.96,2800,Standard,Morning Rush,Friday,55.616,27.66,55.616,2120.6,0,2024-03-01 08:00:00
SHP03675,Kochi,Vizag,,General Network,Kochi_Vizag,City Road,Container,928,0.53,Storm,0.582,1,0.66,800,Standard,Evening Rush,Monday,99.181,43.97,99.181,4079.3,1,2024-11-18 19:00:00
SHP03676,Mumbai,Pune,,Mumbai-Pune Expressway,Mumbai_Pune,Highway,Container,2194,0.61,Fog,0.658,5,0.73,5000,Express,Night,Tuesday,68.385,43.889,68.385,2167.2,1,2024-06-11 22:00:00
SHP03677,Vizag,Ahmedabad,Surat,General Network,Vizag_Ahmedabad,Rural,Express Van,1962,0.98,Fog,0.836,6,0.62,850,Standard,Morning Rush,Tuesday,104.585,51.918,104.585,4000.3,1,2024-09-10 07:00:00
SHP03678,Bhopal,Jaipur,,General Network,Bhopal_Jaipur,Rural,Express Van,1659,0.94,Cloudy,0.812,5,0.62,1200,Express,Midday,Friday,58.971,45.578,58.971,1614.8,1,2024-10-25 11:00:00
SHP03679,Chandigarh,Mumbai,,General Network,Chandigarh_Mumbai,City Road,Mini Truck,746,0.92,Fog,0.712,1,0.4,1000,Standard,Midday,Tuesday,62.629,33.335,62.629,2336.8,0,2024-10-22 12:00:00
SHP03680,Pune,Chennai,,General Network,Pune_Chennai,Rural,Express Van,2235,0.79,Fog,0.674,5,0.5,2800,Economy,Afternoon,Wednesday,120.521,60.485,120.521,4639.9,1,2024-10-02 14:00:00
SHP03681,Jaipur,Nagpur,Patna,General Network,Jaipur_Nagpur,City Road,Container,811,0.84,Heavy Rain,0.852,5,0.87,2200,Economy,Evening Rush,Tuesday,93.792,39.117,93.792,3991.9,0,2024-02-06 21:00:00
SHP03682,Bhopal,Bangalore,Delhi,General Network,Bhopal_Bangalore,Rural,Mini Truck,353,0.44,Rain,0.556,4,0.73,1200,Economy,Morning Rush,Wednesday,20.965,15.18,20.965,734.9,0,2024-08-28 09:00:00
SHP03683,Indore,Chennai,Surat,General Network,Indore_Chennai,Highway,Carting Vehicle,1507,,Rain,0.298,5,0.37,1400,Standard,Afternoon,Monday,43.987,35.059,43.987,1132.2,0,2024-04-01 17:00:00
SHP03684,Lucknow,Pune,,General Network,Lucknow_Pune,Expressway,Container,1701,0.56,Clear,0.732,4,0.99,2000,Same-Day,Evening Rush,Monday,28.571,24.0,28.571,450.3,1,2024-06-10 20:00:00
SHP03685,Hyderabad,Patna,,General Network,Hyderabad_Patna,City Road,FTL Truck,1041,0.92,Heavy Rain,0.816,3,0.66,3800,Standard,Afternoon,Tuesday,93.859,39.806,93.859,3847.0,1,2024-08-27 14:00:00
SHP03686,Jaipur,Pune,Nagpur,General Network,Jaipur_Pune,City Road,Container,1485,0.74,Rain,0.672,2,0.57,2200,Standard,Midday,Friday,112.078,69.789,112.078,3729.7,1,2024-04-12 12:00:00
SHP03687,Ahmedabad,Bangalore,,General Network,Ahmedabad_Bangalore,Expressway,Mini Truck,1003,0.73,Storm,0.718,3,0.7,2600,Express,Morning Rush,Friday,39.388,19.303,39.388,1659.4,0,2024-07-19 09:00:00
SHP03688,Delhi,Hyderabad,,General Network,Delhi_Hyderabad,Rural,Carting Vehicle,425,0.44,Storm,0.632,1,0.92,4800,Same-Day,Afternoon,Friday,33.741,19.451,33.741,1268.9,1,2024-12-27 16:00:00
SHP03689,Coimbatore,Kochi,Vizag,General Network,Coimbatore_Kochi,Rural,FTL Truck,444,0.43,Heavy Rain,0.43,0,0.43,900,Express,Morning Rush,Tuesday,22.006,15.424,22.006,728.4,0,2024-06-04 07:00:00
SHP03690,Vizag,Bangalore,,General Network,Vizag_Bangalore,Rural,Mini Truck,2148,0.75,Fog,0.566,0,0.29,850,Economy,Midday,Thursday,142.873,73.766,142.873,5390.2,1,2024-02-22 12:00:00
SHP03691,Kochi,Jaipur,Lucknow,General Network,Kochi_Jaipur,Mixed,Mini Truck,1184,0.47,Cloudy,0.434,1,0.38,800,Express,Midday,Wednesday,31.587,32.729,31.587,579.7,0,2024-07-24 12:00:00
SHP03692,Chandigarh,Ahmedabad,Vadodara,General Network,Chandigarh_Ahmedabad,Expressway,Mini Truck,1922,0.2,Rain,0.468,6,0.87,1000,Same-Day,Midday,Thursday,34.618,24.0,34.618,728.3,1,2024-10-31 12:00:00
SHP03693,Mumbai,Chandigarh,,General Network,Mumbai_Chandigarh,Highway,Carting Vehicle,679,0.48,Cloudy,0.532,5,0.61,5000,Express,Evening Rush,Sunday,17.87,16.589,17.87,393.2,0,2024-05-05 20:00:00
SHP03694,Mumbai,Lucknow,Kochi,General Network,Mumbai_Lucknow,Highway,Container,1714,0.58,Rain,0.56,1,0.53,5000,Same-Day,Evening Rush,Wednesday,44.396,24.0,44.396,1151.4,1,2024-01-17 18:00:00
SHP03695,Patna,Chandigarh,,General Network,Patna_Chandigarh,Rural,Container,698,0.36,Rain,0.564,2,0.87,1100,Same-Day,Night,Sunday,30.22,24.0,30.22,718.3,1,2024-12-22 22:00:00
SHP03696,Patna,Bhopal,Delhi,General Network,Patna_Bhopal,Highway,Mini Truck,1927,0.92,Clear,0.944,5,0.98,1100,Economy,Midday,Monday,54.008,38.756,54.008,1634.7,0,2024-09-09 12:00:00
SHP03697,Chandigarh,Vadodara,,General Network,Chandigarh_Vadodara,Mixed,Container,830,0.54,Fog,0.62,4,0.74,1000,Standard,Midday,Tuesday,36.606,25.943,36.606,1219.9,0,2024-12-24 13:00:00
SHP03698,Mumbai,Hyderabad,Surat,General Network,Mumbai_Hyderabad,City Road,Express Van,1458,0.1,Heavy Rain,0.376,0,0.79,5000,Express,Evening Rush,Sunday,65.326,48.0,65.326,1746.2,1,2024-07-21 21:00:00
SHP03699,Surat,Patna,,General Network,Surat_Patna,City Road,Carting Vehicle,195,0.94,Storm,0.936,2,0.93,1800,Express,Night,Monday,27.695,13.976,27.695,1216.0,0,2024-05-27 22:00:00
SHP03700,Mumbai,Indore,,General Network,Mumbai_Indore,Mixed,Mini Truck,2299,0.36,Rain,0.3,1,0.21,5000,Same-Day,Evening Rush,Tuesday,65.229,24.0,65.229,1359.3,1,2024-04-23 20:00:00
SHP03701,Chennai,Surat,,General Network,Chennai_Surat,City Road,Carting Vehicle,597,0.71,Storm,0.718,0,0.73,3500,Same-Day,Afternoon,Tuesday,67.772,24.0,67.772,2701.8,1,2024-10-01 15:00:00
SHP03702,Kochi,Indore,,General Network,Kochi_Indore,Mixed,Mini Truck,1077,0.3,Heavy Rain,0.48,2,0.75,800,Same-Day,Morning Rush,Monday,39.309,24.0,39.309,1161.9,1,2024-03-18 06:00:00
SHP03703,Bangalore,Nagpur,,General Network,Bangalore_Nagpur,Mixed,Express Van,711,0.45,Storm,0.406,1,0.34,4200,Standard,Midday,Wednesday,31.692,17.155,31.692,1283.3,0,2024-05-01 12:00:00
SHP03704,Mumbai,Bangalore,,Western-Southern Corridor,Mumbai_Bangalore,Expressway,FTL Truck,2438,0.65,Fog,0.602,1,0.53,5000,Same-Day,Evening Rush,Sunday,51.41,24.0,51.41,1544.8,1,2024-01-21 20:00:00
SHP03705,Pune,Kolkata,Jaipur,General Network,Pune_Kolkata,Highway,Carting Vehicle,590,0.82,,0.668,5,0.44,2800,Express,Morning Rush,Thursday,16.719,15.054,16.719,413.1,0,2024-09-05 07:00:00
SHP03706,Bhopal,Jaipur,,General Network,Bhopal_Jaipur,Highway,FTL Truck,2173,0.44,Heavy Rain,0.38,0,0.29,1200,Same-Day,Midday,Monday,56.629,24.0,56.629,1768.0,1,2024-12-30 11:00:00
SHP03707,Kochi,Nagpur,Kolkata,General Network,Kochi_Nagpur,Highway,Carting Vehicle,734,0.32,Clear,0.336,5,0.36,800,Standard,Morning Rush,Monday,16.794,19.064,16.794,273.7,0,2024-09-16 09:00:00
SHP03708,Chandigarh,Ahmedabad,Hyderabad,General Network,Chandigarh_Ahmedabad,Rural,Carting Vehicle,452,0.19,Clear,0.282,6,0.42,1000,Express,Afternoon,Sunday,16.529,21.451,16.529,188.2,0,2024-11-03 16:00:00
SHP03709,Bangalore,Mumbai,,Western-Southern Corridor,Bangalore_Mumbai,Rural,Container,847,0.68,Fog,0.808,6,1.0,4200,Economy,Afternoon,Saturday,59.463,31.082,59.463,2239.2,0,2024-03-02 15:00:00
SHP03710,Chennai,Vadodara,,General Network,Chennai_Vadodara,Expressway,Mini Truck,506,0.47,Fog,0.37,0,0.22,3500,Standard,Evening Rush,Wednesday,12.316,9.53,12.316,383.9,0,2024-02-28 19:00:00
SHP03711,Delhi,Chennai,,General Network,Delhi_Chennai,Rural,Express Van,2225,0.71,Clear,0.794,4,0.92,4800,Standard,Morning Rush,Saturday,69.878,57.476,69.878,1613.0,0,2024-11-16 06:00:00
SHP03712,Vadodara,Vizag,Surat,General Network,Vadodara_Vizag,City Road,Mini Truck,2399,0.27,Storm,0.486,1,0.81,750,Express,Midday,Wednesday,188.082,48.0,188.082,6715.4,1,2024-12-25 10:00:00
SHP03713,Indore,Nagpur,Mumbai,General Network,Indore_Nagpur,Expressway,Container,1905,0.75,Storm,0.81,3,,1400,Economy,Morning Rush,Saturday,95.295,34.135,95.295,4302.2,0,2024-05-18 06:00:00
SHP03714,Nagpur,Vadodara,,General Network,Nagpur_Vadodara,Expressway,Carting Vehicle,2498,0.32,Cloudy,0.512,2,0.8,1600,Same-Day,Evening Rush,Sunday,42.146,24.0,42.146,425.2,1,2024-07-21 19:00:00
SHP03715,Coimbatore,Chandigarh,,General Network,Coimbatore_Chandigarh,Mixed,Container,647,0.26,Heavy Rain,0.536,0,0.95,900,Standard,Evening Rush,Saturday,28.436,19.106,28.436,945.0,0,2024-02-17 19:00:00
SHP03716,Coimbatore,Jaipur,,General Network,Coimbatore_Jaipur,Rural,FTL Truck,622,0.39,Storm,0.454,5,0.55,900,Standard,Morning Rush,Thursday,41.997,21.042,41.997,1690.5,0,2024-11-14 06:00:00
SHP03717,Lucknow,Nagpur,,General Network,Lucknow_Nagpur,Mixed,Mini Truck,246,0.59,Fog,0.526,3,0.43,2000,Express,Midday,Wednesday,10.6,7.307,10.6,362.6,0,2024-09-04 10:00:00
SHP03718,Kolkata,Bhopal,,General Network,Kolkata_Bhopal,Mixed,Express Van,1014,0.84,Fog,0.656,2,0.38,3200,Standard,Midday,Friday,37.868,20.188,37.868,1390.3,0,2024-11-22 10:00:00
SHP03719,Patna,Vizag,,General Network,Patna_Vizag,Mixed,Carting Vehicle,316,0.21,Storm,0.522,1,0.99,1100,Express,Morning Rush,Wednesday,17.36,11.481,17.36,620.3,0,2024-09-25 06:00:00
SHP03720,Jaipur,Lucknow,,General Network,Jaipur_Lucknow,Highway,Mini Truck,440,0.42,Rain,0.528,2,0.69,2200,Same-Day,Afternoon,Wednesday,11.228,11.74,11.228,307.0,0,2024-11-06 17:00:00
SHP03721,Jaipur,Surat,,General Network,Jaipur_Surat,Rural,FTL Truck,1225,0.63,Storm,0.546,2,0.42,2200,Express,Afternoon,Sunday,83.985,39.614,83.985,3405.8,1,2024-12-22 15:00:00
SHP03722,Kochi,Lucknow,,General Network,Kochi_Lucknow,Rural,Container,1484,0.31,Cloudy,0.466,4,0.7,800,Express,Evening Rush,Monday,52.463,48.0,52.463,820.0,1,2024-08-12 19:00:00
SHP03723,Mumbai,Lucknow,,General Network,Mumbai_Lucknow,Mixed,FTL Truck,1922,0.61,Rain,0.698,2,0.83,5000,Same-Day,Midday,Thursday,58.108,24.0,58.108,1564.5,1,2024-10-10 11:00:00
SHP03724,Bangalore,Mumbai,,Western-Southern Corridor,Bangalore_Mumbai,Rural,Express Van,2181,0.19,Storm,0.226,6,0.28,4200,Express,Morning Rush,Friday,101.601,48.0,101.601,3567.4,1,2024-02-23 08:00:00
SHP03725,Indore,Nagpur,,General Network,Indore_Nagpur,Rural,Mini Truck,1301,0.88,Heavy Rain,0.608,5,0.2,1400,Express,Morning Rush,Friday,92.251,44.346,92.251,3607.7,1,2024-05-31 06:00:00
SHP03726,Nagpur,Surat,,General Network,Nagpur_Surat,Expressway,FTL Truck,1907,0.34,Fog,0.408,5,0.51,1600,Same-Day,Midday,Sunday,34.72,24.0,34.72,878.8,1,2024-09-15 12:00:00
SHP03727,Vadodara,Indore,Pune,General Network,Vadodara_Indore,City Road,Mini Truck,608,0.34,Rain,0.316,3,0.28,750,Economy,Afternoon,Wednesday,39.976,29.7,39.976,1240.4,0,2024-07-24 15:00:00
SHP03728,Ahmedabad,Bhopal,,General Network,Ahmedabad_Bhopal,Rural,FTL Truck,2442,0.5,Rain,0.408,3,0.27,2600,Economy,Afternoon,Thursday,119.918,72.449,119.918,3939.1,0,2024-04-04 14:00:00
SHP03729,Bhopal,Hyderabad,,General Network,Bhopal_Hyderabad,City Road,Carting Vehicle,1377,0.48,Rain,0.66,4,0.93,1200,Same-Day,Evening Rush,Saturday,87.125,24.0,87.125,2080.1,1,2024-05-25 20:00:00
SHP03730,Lucknow,Bangalore,,General Network,Lucknow_Bangalore,Expressway,Carting Vehicle,557,0.73,Storm,0.65,0,0.53,2000,Express,Evening Rush,Sunday,25.64,14.935,25.64,1069.4,0,2024-09-01 18:00:00
SHP03731,Delhi,Indore,,General Network,Delhi_Indore,City Road,FTL Truck,515,0.28,Rain,0.544,6,0.94,4800,Same-Day,Morning Rush,Thursday,24.723,22.572,24.723,600.5,1,2024-10-03 07:00:00
SHP03732,Indore,Chennai,,General Network,Indore_Chennai,Mixed,Express Van,138,0.6,Rain,0.712,3,0.88,1400,Economy,Afternoon,Friday,6.031,5.407,6.031,241.9,0,2024-07-19 15:00:00
SHP03733,Mumbai,Ahmedabad,,Gujarat-Maharashtra Corridor,Mumbai_Ahmedabad,Expressway,Express Van,820,0.22,Cloudy,0.46,3,0.82,5000,Express,Evening Rush,Sunday,11.305,12.585,11.305,228.0,0,2024-07-28 18:00:00
SHP03734,Surat,Patna,,General Network,Surat_Patna,Expressway,Container,292,0.15,Heavy Rain,0.462,6,0.93,1800,Express,Midday,Sunday,10.427,7.68,10.427,408.7,0,2024-03-24 12:00:00
SHP03735,Patna,Bhopal,,General Network,Patna_Bhopal,Highway,Mini Truck,2043,0.47,Rain,0.582,5,0.75,1100,Economy,Midday,Tuesday,63.106,38.328,63.106,2083.8,0,2024-12-03 10:00:00
SHP03736,Jaipur,Vadodara,,General Network,Jaipur_Vadodara,Rural,Carting Vehicle,1972,0.34,Rain,0.368,0,0.41,2200,Economy,Afternoon,Monday,116.932,77.694,116.932,3510.1,0,2024-02-19 15:00:00
SHP03737,Bangalore,Mumbai,Chandigarh,Western-Southern Corridor,Bangalore_Mumbai,Mixed,Mini Truck,1093,0.56,Fog,0.44,4,0.26,4200,Same-Day,Afternoon,Thursday,39.072,24.0,39.072,1129.9,1,2024-02-29 17:00:00
SHP03738,Chandigarh,Mumbai,Vadodara,General Network,Chandigarh_Mumbai,Rural,FTL Truck,2285,0.58,Cloudy,0.532,4,0.46,1000,Express,Midday,Thursday,77.092,48.0,77.092,1578.9,1,2024-07-25 11:00:00
SHP03739,Vadodara,Nagpur,,General Network,Vadodara_Nagpur,Expressway,FTL Truck,1907,0.14,,0.228,4,0.36,750,Standard,Afternoon,Monday,50.619,30.829,50.619,1832.7,0,2024-01-29 15:00:00
SHP03740,Chennai,Bhopal,Kochi,General Network,Chennai_Bhopal,Highway,FTL Truck,1440,0.28,Heavy Rain,0.248,1,0.2,3500,Economy,Morning Rush,Thursday,44.436,28.142,44.436,1586.2,0,2024-02-15 06:00:00
SHP03741,Mumbai,Vizag,Jaipur,General Network,Mumbai_Vizag,Mixed,Mini Truck,2499,0.91,Clear,0.946,5,1.0,5000,Same-Day,Midday,Sunday,70.069,24.0,70.069,1427.5,1,2024-01-28 11:00:00
SHP03742,Coimbatore,Patna,Chandigarh,General Network,Coimbatore_Patna,Highway,Mini Truck,1248,0.61,Cloudy,0.518,5,0.38,900,Express,Morning Rush,Tuesday,28.268,27.2,28.268,656.1,0,2024-11-12 06:00:00
SHP03743,Pune,Delhi,Bhopal,General Network,Pune_Delhi,Highway,Carting Vehicle,1552,0.46,Fog,0.6,5,0.81,2800,Same-Day,Evening Rush,Friday,47.484,24.0,47.484,1297.0,1,2024-04-26 19:00:00
SHP03744,Chennai,Kolkata,Lucknow,General Network,Chennai_Kolkata,Mixed,Carting Vehicle,1021,0.85,Clear,0.786,3,0.69,3500,Economy,Afternoon,Thursday,45.148,33.512,45.148,1347.6,0,2024-04-11 17:00:00
SHP03745,Indore,Vadodara,Ahmedabad,General Network,Indore_Vadodara,Rural,FTL Truck,1089,0.81,Heavy Rain,0.67,0,0.46,1400,Standard,Evening Rush,Thursday,72.104,33.265,72.104,2874.3,1,2024-06-13 18:00:00
SHP03746,Jaipur,Pune,Kochi,General Network,Jaipur_Pune,City Road,FTL Truck,2095,0.8,Rain,0.616,2,0.34,2200,Economy,Evening Rush,Monday,155.322,79.691,155.322,5727.9,1,2024-09-30 19:00:00
SHP03747,Kolkata,Vizag,Delhi,General Network,Kolkata_Vizag,Mixed,Container,1620,0.5,Heavy Rain,0.424,2,0.31,3200,Express,Evening Rush,Friday,74.757,42.771,74.757,2579.6,1,2024-01-26 21:00:00
SHP03748,Chandigarh,Mumbai,Vizag,General Network,Chandigarh_Mumbai,Highway,FTL Truck,1174,0.59,Storm,0.574,2,0.55,1000,Economy,Afternoon,Thursday,54.317,23.312,54.317,2378.5,0,2024-04-25 14:00:00
SHP03749,Bangalore,Patna,Bhopal,General Network,Bangalore_Patna,Highway,Carting Vehicle,413,0.32,Rain,0.28,5,0.22,4200,Economy,Midday,Tuesday,16.194,10.801,16.194,558.6,0,2024-04-02 12:00:00
SHP03750,Chandigarh,Kolkata,,General Network,Chandigarh_Kolkata,Expressway,Mini Truck,459,0.31,Fog,0.582,4,0.99,1000,Same-Day,Afternoon,Tuesday,10.214,9.35,10.214,290.7,0,2024-04-16 14:00:00
SHP03751,Delhi,Bhopal,,General Network,Delhi_Bhopal,City Road,Container,2372,0.77,Fog,0.63,2,0.42,4800,Same-Day,Midday,Saturday,165.454,24.0,165.454,5143.4,1,2024-10-12 13:00:00
SHP03752,Bangalore,Chennai,,Southern Corridor,Bangalore_Chennai,Rural,Mini Truck,890,0.6,Cloudy,0.608,1,0.62,4200,Economy,Evening Rush,Wednesday,40.958,33.453,40.958,1138.9,0,2024-08-07 18:00:00
SHP03753,Vadodara,Pune,,General Network,Vadodara_Pune,Highway,Carting Vehicle,1966,,Clear,0.468,4,0.39,750,Economy,Night,Tuesday,53.692,46.251,53.692,1255.5,0,2024-01-09 22:00:00
SHP03754,Kolkata,Indore,,General Network,Kolkata_Indore,Expressway,Express Van,1522,0.91,Clear,0.87,6,0.81,3200,Same-Day,Evening Rush,Thursday,22.522,21.645,22.522,515.4,0,2024-10-03 21:00:00
SHP03755,Kolkata,Chennai,,General Network,Kolkata_Chennai,Highway,Carting Vehicle,1262,0.87,Fog,0.618,6,0.24,3200,Same-Day,Morning Rush,Sunday,48.391,24.0,48.391,1641.5,1,2024-04-28 06:00:00
SHP03756,Coimbatore,Bhopal,,General Network,Coimbatore_Bhopal,Highway,Mini Truck,2443,0.43,Fog,0.566,1,0.77,900,Standard,Evening Rush,Wednesday,69.255,47.32,69.255,2119.5,0,2024-07-03 18:00:00
SHP03757,Bhopal,Mumbai,,General Network,Bhopal_Mumbai,Highway,Carting Vehicle,1785,0.53,Storm,0.586,1,0.67,1200,Same-Day,Midday,Sunday,79.98,24.0,79.98,3013.8,1,2024-06-02 12:00:00
SHP03758,Pune,Vizag,Chandigarh,General Network,Pune_Vizag,Highway,Carting Vehicle,1937,0.94,Storm,0.776,2,0.53,2800,Same-Day,Morning Rush,Saturday,106.942,24.0,106.942,4479.5,1,2024-09-14 07:00:00
SHP03759,Vizag,Delhi,,General Network,Vizag_Delhi,Rural,Express Van,1630,0.41,Storm,0.366,1,0.3,850,Same-Day,Afternoon,Sunday,78.999,24.0,78.999,2850.1,1,2024-05-12 16:00:00
SHP03760,Chennai,Vizag,,General Network,Chennai_Vizag,Mixed,FTL Truck,2237,0.41,Cloudy,0.61,3,0.91,3500,Standard,Afternoon,Saturday,57.145,52.68,57.145,1191.7,0,2024-02-03 14:00:00
SHP03761,Indore,Surat,,General Network,Indore_Surat,Expressway,FTL Truck,1952,0.7,Clear,0.788,5,0.92,1400,Same-Day,Midday,Tuesday,30.847,24.0,30.847,618.0,1,2024-04-09 10:00:00
SHP03762,Kolkata,Lucknow,,General Network,Kolkata_Lucknow,Expressway,Carting Vehicle,2132,0.95,Cloudy,0.758,6,0.47,3200,Standard,Evening Rush,Tuesday,60.778,40.831,60.778,1851.3,0,2024-09-03 18:00:00
SHP03763,Patna,Pune,,General Network,Patna_Pune,Expressway,Carting Vehicle,778,0.88,Clear,0.644,5,0.29,1100,Express,Afternoon,Monday,18.719,17.64,18.719,468.0,0,2024-09-16 15:00:00
SHP03764,Chennai,Kochi,,General Network,Chennai_Kochi,Rural,Container,1805,0.28,Clear,0.3,5,0.33,3500,Economy,Morning Rush,Monday,67.531,65.674,67.531,1220.5,0,2024-10-28 07:00:00
SHP03765,Ahmedabad,Coimbatore,Vizag,General Network,Ahmedabad_Coimbatore,Highway,Container,1043,0.48,Clear,0.68,1,0.98,2600,Same-Day,Midday,Wednesday,19.099,24.0,19.099,225.7,0,2024-04-03 10:00:00
SHP03766,Surat,Kochi,,General Network,Surat_Kochi,Highway,Carting Vehicle,1911,0.41,Clear,0.45,5,0.51,1800,Economy,Evening Rush,Wednesday,49.201,43.479,49.201,1041.1,0,2024-08-14 20:00:00
SHP03767,Chennai,Bhopal,,General Network,Chennai_Bhopal,City Road,Container,1733,0.97,Clear,0.83,4,0.62,3500,Same-Day,Night,Saturday,90.088,24.0,90.088,1910.2,1,2024-02-17 22:00:00
SHP03768,Bangalore,Vadodara,,General Network,Bangalore_Vadodara,City Road,Express Van,1181,0.8,Fog,0.86,5,0.95,4200,Express,Night,Wednesday,69.527,41.998,69.527,2411.1,1,2024-01-24 22:00:00
SHP03769,Ahmedabad,Nagpur,,General Network,Ahmedabad_Nagpur,Mixed,Express Van,1333,0.67,Storm,0.55,5,0.37,2600,Economy,Midday,Tuesday,75.661,29.842,75.661,3380.5,0,2024-05-28 11:00:00
SHP03770,Lucknow,Indore,Nagpur,General Network,Lucknow_Indore,Rural,Container,1495,0.55,Fog,0.706,5,0.94,2000,Express,Night,Sunday,80.015,48.0,80.015,2455.8,1,2024-07-28 22:00:00
SHP03771,Pune,Vadodara,,General Network,Pune_Vadodara,City Road,FTL Truck,941,0.99,Storm,0.994,1,1.0,2800,Same-Day,Morning Rush,Monday,92.088,24.0,92.088,3912.1,1,2024-09-23 09:00:00
SHP03772,Lucknow,Surat,Kochi,General Network,Lucknow_Surat,Rural,Carting Vehicle,2009,0.12,Fog,0.248,6,0.44,2000,Standard,Morning Rush,Wednesday,100.079,72.0,100.079,2433.2,1,2024-03-06 08:00:00
SHP03773,Bhopal,Jaipur,,General Network,Bhopal_Jaipur,Rural,Container,151,0.95,Storm,0.674,1,0.26,1200,Express,Midday,Thursday,14.591,8.432,14.591,638.6,0,2024-07-11 11:00:00
SHP03774,Bhopal,Nagpur,,General Network,Bhopal_Nagpur,City Road,Carting Vehicle,1005,,Clear,0.38,2,0.32,1200,Express,Morning Rush,Wednesday,47.942,48.0,47.942,579.4,0,2024-03-20 07:00:00
SHP03775,Nagpur,Jaipur,,General Network,Nagpur_Jaipur,Rural,Mini Truck,1884,0.15,Heavy Rain,0.23,0,0.35,1600,Economy,Evening Rush,Friday,105.905,65.158,105.905,3563.2,0,2024-07-05 21:00:00
SHP03776,Nagpur,Ahmedabad,,General Network,Nagpur_Ahmedabad,Mixed,Express Van,952,0.8,Fog,0.704,2,0.56,1600,Express,Afternoon,Tuesday,31.564,21.524,31.564,1066.0,0,2024-02-06 17:00:00
SHP03777,Indore,Chennai,Ahmedabad,General Network,Indore_Chennai,Highway,Container,1459,0.17,Storm,0.362,6,0.65,1400,Economy,Midday,Wednesday,63.058,31.415,63.058,2496.1,0,2024-08-07 10:00:00
SHP03778,Patna,Vizag,,General Network,Patna_Vizag,Rural,FTL Truck,1738,0.62,Clear,0.604,2,0.58,1100,Economy,Afternoon,Wednesday,65.784,51.404,65.784,1629.7,0,2024-01-10 14:00:00
SHP03779,Bangalore,Vadodara,,General Network,Bangalore_Vadodara,Rural,Express Van,240,0.91,Clear,0.79,6,0.61,4200,Economy,Afternoon,Friday,11.475,8.697,11.475,410.2,0,2024-02-02 15:00:00
SHP03780,Pune,Vadodara,,General Network,Pune_Vadodara,Highway,Mini Truck,2165,0.67,Clear,0.538,3,0.34,2800,Express,Morning Rush,Wednesday,43.894,40.642,43.894,829.4,0,2024-05-01 09:00:00
SHP03781,Jaipur,Coimbatore,Chennai,General Network,Jaipur_Coimbatore,Highway,Mini Truck,761,0.72,Clear,0.752,3,0.8,2200,Express,Midday,Sunday,16.865,15.276,16.865,377.8,0,2024-02-18 13:00:00
SHP03782,Jaipur,Vizag,,General Network,Jaipur_Vizag,Expressway,FTL Truck,648,0.23,Heavy Rain,0.406,3,0.67,2200,Express,Evening Rush,Monday,14.963,10.676,14.963,488.5,0,2024-10-28 18:00:00
SHP03783,Vizag,Surat,,General Network,Vizag_Surat,City Road,Carting Vehicle,1849,0.77,Rain,0.838,1,0.94,850,Standard,Night,Tuesday,160.939,72.0,160.939,5430.1,1,2024-12-24 22:00:00
SHP03784,Lucknow,Nagpur,,General Network,Lucknow_Nagpur,Mixed,Container,604,0.2,Clear,0.268,4,0.37,2000,Economy,Midday,Thursday,17.19,18.611,17.19,320.8,0,2024-03-21 13:00:00
SHP03785,Patna,Surat,,General Network,Patna_Surat,Rural,Container,1267,0.53,Clear,0.518,2,0.5,1100,Express,Afternoon,Wednesday,44.396,45.469,44.396,676.3,0,2024-04-03 15:00:00
SHP03786,Pune,Patna,,General Network,Pune_Patna,Mixed,FTL Truck,1343,0.82,Clear,0.624,5,0.33,2800,Economy,Evening Rush,Sunday,43.318,32.796,43.318,1256.1,0,2024-01-07 21:00:00
SHP03787,Chandigarh,Kochi,Nagpur,General Network,Chandigarh_Kochi,Expressway,Mini Truck,1647,0.78,Fog,0.784,5,0.79,1000,Economy,Afternoon,Thursday,55.088,27.257,55.088,2149.5,0,2024-09-12 15:00:00
SHP03788,Ahmedabad,Chandigarh,,General Network,Ahmedabad_Chandigarh,City Road,Carting Vehicle,2459,0.91,Heavy Rain,0.898,5,0.88,2600,Express,Evening Rush,Friday,269.783,48.0,269.783,10566.4,1,2024-10-18 21:00:00
SHP03789,Chennai,Pune,Nagpur,General Network,Chennai_Pune,City Road,FTL Truck,1823,0.36,Heavy Rain,0.58,1,0.91,3500,Same-Day,Night,Wednesday,104.268,24.0,104.268,3130.9,1,2024-06-26 22:00:00
SHP03790,Delhi,Kolkata,Patna,Northern-Eastern Corridor,Delhi_Kolkata,Mixed,Container,2014,0.93,Heavy Rain,0.75,4,0.48,4800,Standard,Evening Rush,Monday,126.503,52.478,126.503,5220.7,1,2024-04-15 21:00:00
SHP03791,Chandigarh,Kochi,,General Network,Chandigarh_Kochi,City Road,Mini Truck,363,0.44,Heavy Rain,0.384,3,0.3,1000,Express,Afternoon,Friday,26.827,16.428,26.827,918.2,0,2024-01-12 15:00:00
SHP03792,Chandigarh,Lucknow,,General Network,Chandigarh_Lucknow,Highway,Express Van,158,0.81,Rain,0.674,2,0.47,1000,Standard,Midday,Wednesday,4.853,4.553,4.853,188.1,0,2024-11-20 11:00:00
SHP03793,Mumbai,Bhopal,,General Network,Mumbai_Bhopal,Highway,FTL Truck,2074,0.15,Clear,0.418,0,0.82,5000,Same-Day,Evening Rush,Monday,25.388,24.0,25.388,0.0,1,2024-02-19 20:00:00
SHP03794,Jaipur,Mumbai,Lucknow,General Network,Jaipur_Mumbai,Mixed,Mini Truck,393,0.62,Fog,0.568,1,0.49,2200,Same-Day,Evening Rush,Friday,15.101,11.751,15.101,469.4,0,2024-02-02 19:00:00
SHP03795,Kochi,Coimbatore,,General Network,Kochi_Coimbatore,City Road,Mini Truck,283,0.86,Fog,0.864,0,0.87,800,Express,Evening Rush,Monday,22.325,14.34,22.325,800.4,0,2024-03-11 21:00:00
SHP03796,Chandigarh,Chennai,,General Network,Chandigarh_Chennai,Mixed,Carting Vehicle,1899,0.67,Storm,0.702,0,0.75,1000,Economy,Evening Rush,Tuesday,160.042,57.753,160.042,7070.5,1,2024-10-08 19:00:00
SHP03797,Chennai,Bhopal,,General Network,Chennai_Bhopal,Rural,FTL Truck,270,0.77,Fog,0.606,0,0.36,3500,Same-Day,Evening Rush,Saturday,12.847,9.512,12.847,410.8,0,2024-08-03 19:00:00
SHP03798,Vadodara,Coimbatore,Vizag,General Network,Vadodara_Coimbatore,City Road,Container,209,0.66,Heavy Rain,0.704,5,0.77,750,Standard,Evening Rush,Sunday,22.567,12.925,22.567,932.5,0,2024-03-31 18:00:00
SHP03799,Mumbai,Pune,,Mumbai-Pune Expressway,Mumbai_Pune,Expressway,Container,750,0.15,Rain,0.194,0,0.26,5000,Express,Midday,Saturday,13.637,16.209,13.637,260.9,0,2024-08-24 11:00:00
SHP03800,Kolkata,Indore,,General Network,Kolkata_Indore,Expressway,Mini Truck,616,0.31,Fog,0.398,0,0.53,3200,Express,Midday,Sunday,12.915,10.96,12.915,342.6,0,2024-06-16 10:00:00
SHP03801,Delhi,Chennai,Pune,General Network,Delhi_Chennai,Highway,Carting Vehicle,2059,0.93,Fog,0.718,0,0.4,4800,Standard,Midday,Friday,90.748,49.349,90.748,3385.9,1,2024-02-09 10:00:00
SHP03802,Jaipur,Pune,Bangalore,General Network,Jaipur_Pune,Expressway,FTL Truck,1218,0.15,Rain,0.182,6,0.23,2200,Express,Morning Rush,Thursday,20.15,20.569,20.15,439.8,0,2024-12-26 07:00:00
SHP03803,Bangalore,Chandigarh,,General Network,Bangalore_Chandigarh,Highway,Container,358,0.82,Rain,0.772,0,,4200,Standard,Morning Rush,Monday,13.484,10.746,13.484,493.2,0,2024-06-24 07:00:00
SHP03804,Chennai,Pune,,General Network,Chennai_Pune,Mixed,FTL Truck,262,0.99,Heavy Rain,0.734,3,0.35,3500,Same-Day,Evening Rush,Friday,13.813,7.662,13.813,566.8,0,2024-01-05 20:00:00
SHP03805,Chennai,Surat,,General Network,Chennai_Surat,Mixed,FTL Truck,552,0.64,Cloudy,0.476,2,0.23,3500,Economy,Afternoon,Tuesday,17.296,13.444,17.296,485.8,0,2024-09-10 16:00:00
SHP03806,Bangalore,Delhi,,General Network,Bangalore_Delhi,Mixed,Express Van,357,0.59,Rain,0.51,4,0.39,4200,Express,Afternoon,Thursday,11.581,11.568,11.581,384.4,0,2024-04-04 15:00:00
SHP03807,Chandigarh,Delhi,Patna,General Network,Chandigarh_Delhi,Rural,Carting Vehicle,2052,0.95,Cloudy,0.862,2,0.73,1000,Express,Midday,Tuesday,109.858,48.0,109.858,2943.5,1,2024-10-08 12:00:00
SHP03808,Pune,Bhopal,,General Network,Pune_Bhopal,Rural,Container,525,0.95,,0.81,0,0.6,2800,Same-Day,Evening Rush,Friday,20.565,19.183,20.565,410.4,0,2024-01-12 20:00:00
SHP03809,Nagpur,Coimbatore,Bhopal,General Network,Nagpur_Coimbatore,Expressway,Mini Truck,1683,0.16,Heavy Rain,0.448,5,0.88,1600,Express,Afternoon,Monday,39.892,26.673,39.892,1212.5,0,2024-04-15 17:00:00
SHP03810,Coimbatore,Hyderabad,,General Network,Coimbatore_Hyderabad,Mixed,Container,147,0.85,Clear,0.738,0,0.57,900,Same-Day,Evening Rush,Thursday,4.696,6.992,4.696,108.8,0,2024-02-29 19:00:00
SHP03811,Delhi,Vizag,Pune,General Network,Delhi_Vizag,Rural,Mini Truck,1331,0.39,Cloudy,0.334,3,0.25,4800,Same-Day,Midday,Monday,41.03,24.0,41.03,490.0,1,2024-07-29 11:00:00
SHP03812,Bhopal,Pune,,General Network,Bhopal_Pune,Mixed,Container,1048,0.97,Rain,0.83,5,0.62,1200,Standard,Afternoon,Tuesday,54.346,28.831,54.346,2027.8,0,2024-12-24 15:00:00
SHP03813,Surat,Nagpur,Pune,General Network,Surat_Nagpur,City Road,Mini Truck,456,0.52,Fog,0.708,3,0.99,1800,Express,Morning Rush,Friday,30.748,20.289,30.748,976.3,0,2024-07-19 06:00:00
SHP03814,Chennai,Hyderabad,,Deccan-Southern Corridor,Chennai_Hyderabad,City Road,Container,2049,0.5,Storm,0.636,4,0.84,3500,Economy,Midday,Wednesday,240.212,92.634,240.212,10280.3,1,2024-10-23 11:00:00
SHP03815,Ahmedabad,Delhi,,General Network,Ahmedabad_Delhi,Mixed,Mini Truck,282,0.23,Clear,0.322,2,0.46,2600,Economy,Afternoon,Saturday,7.755,9.114,7.755,152.0,0,2024-10-26 14:00:00
SHP03816,Indore,Bhopal,Vadodara,General Network,Indore_Bhopal,Highway,Mini Truck,850,0.57,,0.43,6,0.22,1400,Standard,Evening Rush,Monday,26.968,19.794,26.968,909.8,0,2024-09-23 20:00:00
SHP03817,Jaipur,Mumbai,,General Network,Jaipur_Mumbai,Expressway,Express Van,1185,0.9,Storm,0.808,1,0.67,2200,Standard,Evening Rush,Sunday,42.489,19.096,42.489,1898.6,0,2024-04-07 21:00:00
SHP03818,Patna,Ahmedabad,Mumbai,General Network,Patna_Ahmedabad,Highway,Express Van,316,0.91,Fog,0.886,1,0.85,1100,Standard,Evening Rush,Thursday,9.754,5.962,9.754,379.1,0,2024-09-26 19:00:00
SHP03819,Jaipur,Vizag,,General Network,Jaipur_Vizag,Rural,FTL Truck,1940,0.25,Storm,0.258,6,0.27,2200,Same-Day,Midday,Saturday,99.78,24.0,99.78,3400.2,1,2024-01-27 12:00:00
SHP03820,Chennai,Nagpur,,General Network,Chennai_Nagpur,Highway,Express Van,717,0.6,Clear,0.512,4,0.38,3500,Economy,Midday,Thursday,15.057,11.459,15.057,435.8,0,2024-01-18 10:00:00
SHP03821,Chennai,Nagpur,,General Network,Chennai_Nagpur,City Road,FTL Truck,1853,0.54,Heavy Rain,0.7,6,0.94,3500,Express,Evening Rush,Sunday,128.466,48.0,128.466,4531.4,1,2024-09-15 19:00:00
SHP03822,Patna,Hyderabad,,General Network,Patna_Hyderabad,Rural,Mini Truck,1515,0.86,Clear,0.744,3,0.57,1100,Standard,Midday,Monday,64.863,52.462,64.863,1647.3,0,2024-05-13 10:00:00
SHP03823,Pune,Chennai,,General Network,Pune_Chennai,Rural,FTL Truck,432,0.89,Clear,0.934,4,1.0,2800,Standard,Morning Rush,Tuesday,18.508,13.764,18.508,534.5,0,2024-11-12 07:00:00
SHP03824,Pune,Patna,,General Network,Pune_Patna,Expressway,Mini Truck,464,0.99,Storm,0.79,4,0.49,2800,Standard,Evening Rush,Monday,24.388,11.335,24.388,1137.7,0,2024-08-26 18:00:00
SHP03825,Bhopal,Bangalore,Delhi,General Network,Bhopal_Bangalore,Expressway,Express Van,1523,0.41,Clear,0.342,3,0.24,1200,Express,Evening Rush,Friday,18.37,22.949,18.37,265.8,0,2024-03-22 19:00:00
SHP03826,Vizag,Pune,,General Network,Vizag_Pune,Rural,Express Van,2238,0.29,Storm,0.274,4,0.25,850,Same-Day,Morning Rush,Tuesday,101.895,24.0,101.895,3518.9,1,2024-02-13 07:00:00
SHP03827,Patna,Chennai,Coimbatore,General Network,Patna_Chennai,Expressway,Mini Truck,2463,0.75,Rain,0.61,3,0.4,1100,Economy,Midday,Saturday,73.788,41.492,73.788,2698.9,0,2024-04-13 11:00:00
SHP03828,Pune,Kochi,Chandigarh,General Network,Pune_Kochi,Expressway,Carting Vehicle,1730,0.5,Rain,0.412,1,0.28,2800,Same-Day,Midday,Sunday,41.096,24.0,41.096,1008.9,1,2024-03-10 10:00:00
SHP03829,Bhopal,Bangalore,Hyderabad,General Network,Bhopal_Bangalore,Mixed,Express Van,1644,0.83,Storm,0.738,5,0.6,1200,Express,Afternoon,Monday,81.667,33.685,81.667,3470.5,1,2024-05-13 17:00:00
SHP03830,Surat,Coimbatore,,General Network,Surat_Coimbatore,Highway,Mini Truck,558,0.4,Fog,0.376,3,0.34,1800,Express,Afternoon,Sunday,14.977,12.768,14.977,433.6,0,2024-08-11 17:00:00
SHP03831,Nagpur,Kochi,,General Network,Nagpur_Kochi,Rural,Carting Vehicle,426,0.67,Clear,0.746,4,0.86,1600,Same-Day,Evening Rush,Thursday,18.063,19.106,18.063,326.5,0,2024-07-04 19:00:00
SHP03832,Bangalore,Pune,Lucknow,General Network,Bangalore_Pune,Highway,Express Van,1891,0.65,Storm,0.702,3,,4200,Express,Midday,Sunday,64.922,29.128,64.922,2662.1,1,2024-12-08 10:00:00
SHP03833,Bangalore,Chennai,,Southern Corridor,Bangalore_Chennai,City Road,Container,285,0.93,Fog,0.894,6,0.84,4200,Economy,Morning Rush,Monday,31.244,16.353,31.244,1299.8,0,2024-04-01 06:00:00
SHP03834,Bangalore,Chennai,,Southern Corridor,Bangalore_Chennai,City Road,Carting Vehicle,1295,0.27,Rain,0.374,6,0.53,4200,Standard,Evening Rush,Tuesday,85.895,67.375,85.895,2193.7,1,2024-08-06 21:00:00
SHP03835,Lucknow,Coimbatore,Bangalore,General Network,Lucknow_Coimbatore,City Road,Express Van,1455,0.51,Cloudy,0.69,4,0.96,2000,Same-Day,Evening Rush,Wednesday,49.715,24.0,49.715,813.9,1,2024-08-21 18:00:00
SHP03836,Kolkata,Kochi,Pune,General Network,Kolkata_Kochi,Highway,FTL Truck,1271,0.54,Heavy Rain,0.528,4,0.51,3200,Economy,Evening Rush,Friday,47.713,23.898,47.713,1909.5,0,2024-10-25 18:00:00
SHP03837,Jaipur,Coimbatore,,General Network,Jaipur_Coimbatore,Highway,Carting Vehicle,1416,0.63,Clear,0.67,2,0.73,2200,Same-Day,Evening Rush,Thursday,31.944,24.0,31.944,500.7,1,2024-02-15 18:00:00
SHP03838,Vizag,Delhi,,General Network,Vizag_Delhi,Expressway,Express Van,2061,0.23,Fog,0.414,4,0.69,850,Express,Midday,Thursday,33.036,29.395,33.036,850.3,0,2024-04-11 10:00:00
SHP03839,Kochi,Vadodara,Bhopal,General Network,Kochi_Vadodara,Mixed,Container,2432,0.53,Cloudy,0.71,4,0.98,800,Standard,Night,Friday,77.31,65.583,77.31,1777.4,1,2024-06-07 22:00:00
SHP03840,Lucknow,Chennai,Bangalore,General Network,Lucknow_Chennai,Highway,Carting Vehicle,180,0.75,Fog,0.658,0,0.52,2000,Standard,Evening Rush,Wednesday,7.537,5.759,7.537,272.2,0,2024-05-15 21:00:00
SHP03841,Mumbai,Bhopal,,General Network,Mumbai_Bhopal,City Road,Mini Truck,2385,0.25,Heavy Rain,0.41,0,0.65,5000,Standard,Night,Sunday,163.911,72.0,163.911,5291.8,1,2024-05-26 22:00:00
SHP03842,Vadodara,Mumbai,,General Network,Vadodara_Mumbai,Highway,Carting Vehicle,404,0.84,Heavy Rain,0.604,0,0.25,750,Same-Day,Afternoon,Wednesday,17.448,12.122,17.448,642.9,0,2024-05-01 16:00:00
SHP03843,Chennai,Surat,,General Network,Chennai_Surat,Highway,Mini Truck,1572,0.12,Cloudy,0.42,5,0.87,3500,Economy,Midday,Thursday,31.285,32.031,31.285,567.1,0,2024-05-02 11:00:00
SHP03844,Hyderabad,Jaipur,,General Network,Hyderabad_Jaipur,Mixed,FTL Truck,268,0.69,Storm,0.802,2,0.97,3800,Standard,Midday,Tuesday,16.872,9.822,16.872,744.3,0,2024-07-16 11:00:00
SHP03845,Jaipur,Pune,,General Network,Jaipur_Pune,City Road,Mini Truck,972,0.14,Cloudy,0.396,6,0.78,2200,Economy,Midday,Tuesday,45.096,41.696,45.096,854.3,0,2024-09-03 11:00:00
SHP03846,Kolkata,Patna,Hyderabad,Eastern Corridor,Kolkata_Patna,Rural,Container,1343,0.88,Heavy Rain,0.812,1,0.71,3200,Express,Midday,Tuesday,99.817,48.0,99.817,3882.3,1,2024-12-17 12:00:00
SHP03847,Patna,Surat,,General Network,Patna_Surat,Expressway,Express Van,402,0.57,Clear,0.518,2,0.44,1100,Economy,Morning Rush,Friday,7.209,8.565,7.209,211.8,0,2024-09-20 08:00:00
SHP03848,Kochi,Hyderabad,,General Network,Kochi_Hyderabad,Rural,Express Van,1885,0.2,Storm,0.472,4,0.88,800,Express,Night,Monday,87.21,48.0,87.21,3047.1,1,2024-03-11 22:00:00
SHP03849,Ahmedabad,Hyderabad,Bhopal,General Network,Ahmedabad_Hyderabad,Highway,Container,228,0.54,Fog,0.488,4,0.41,2600,Express,Morning Rush,Sunday,8.63,7.114,8.63,316.6,0,2024-07-07 08:00:00
SHP03850,Surat,Jaipur,,General Network,Surat_Jaipur,Mixed,Express Van,1991,,Rain,0.58,4,0.31,1800,Same-Day,Midday,Sunday,56.693,24.0,56.693,1670.2,1,2024-04-28 12:00:00
SHP03851,Jaipur,Kochi,Chennai,General Network,Jaipur_Kochi,City Road,Express Van,1007,0.43,Cloudy,0.558,5,0.75,2200,Economy,Evening Rush,Saturday,43.877,37.129,43.877,1131.5,0,2024-02-24 18:00:00
SHP03852,Hyderabad,Patna,,General Network,Hyderabad_Patna,Rural,Container,1897,0.44,Rain,0.636,6,0.93,3800,Economy,Afternoon,Saturday,107.502,68.943,107.502,3474.4,0,2024-02-17 17:00:00
SHP03853,Bangalore,Kochi,,General Network,Bangalore_Kochi,City Road,Carting Vehicle,1624,0.43,Cloudy,0.39,5,0.33,4200,Express,Midday,Monday,85.425,48.0,85.425,1413.5,1,2024-01-29 13:00:00
SHP03854,Bangalore,Chennai,,Southern Corridor,Bangalore_Chennai,City Road,Carting Vehicle,612,0.12,Heavy Rain,0.364,5,0.73,4200,Express,Midday,Thursday,44.185,33.129,44.185,1252.3,0,2024-10-03 11:00:00
SHP03855,Bhopal,Delhi,,General Network,Bhopal_Delhi,Expressway,Container,1023,0.73,Fog,0.722,3,0.71,1200,Economy,Evening Rush,Thursday,35.132,18.605,35.132,1347.8,0,2024-10-03 19:00:00
SHP03856,Vadodara,Coimbatore,,General Network,Vadodara_Coimbatore,Expressway,Container,2432,0.95,Rain,0.834,4,0.66,750,Economy,Midday,Wednesday,85.353,40.499,85.353,3314.1,0,2024-01-10 10:00:00
SHP03857,Coimbatore,Lucknow,,General Network,Coimbatore_Lucknow,Mixed,Container,2423,0.87,Storm,0.706,6,0.46,900,Express,Night,Tuesday,165.137,48.0,165.137,7057.6,1,2024-05-28 22:00:00
SHP03858,Pune,Hyderabad,,General Network,Pune_Hyderabad,Highway,Carting Vehicle,1723,0.75,Storm,0.77,6,0.8,2800,Standard,Evening Rush,Thursday,104.636,39.28,104.636,4555.1,1,2024-12-19 18:00:00
SHP03859,Vadodara,Bangalore,,General Network,Vadodara_Bangalore,Highway,Mini Truck,403,0.38,Storm,0.528,0,0.75,750,Economy,Evening Rush,Thursday,18.795,10.952,18.795,791.9,0,2024-05-09 19:00:00
SHP03860,Vadodara,Hyderabad,Pune,General Network,Vadodara_Hyderabad,City Road,Express Van,726,0.93,Fog,0.83,4,0.68,750,Economy,Evening Rush,Friday,55.174,24.508,55.174,2228.2,0,2024-05-24 20:00:00
SHP03861,Kolkata,Patna,Kochi,Eastern Corridor,Kolkata_Patna,Highway,Container,893,0.55,Storm,0.686,2,0.89,3200,Standard,Afternoon,Thursday,43.078,18.543,43.078,1796.8,0,2024-01-11 17:00:00
SHP03862,Coimbatore,Ahmedabad,,General Network,Coimbatore_Ahmedabad,Highway,Express Van,2148,0.89,Cloudy,0.85,1,0.79,900,Standard,Morning Rush,Tuesday,45.298,33.078,45.298,1317.0,0,2024-02-13 06:00:00
SHP03863,Vadodara,Chandigarh,,General Network,Vadodara_Chandigarh,City Road,Container,469,,Storm,0.27,5,0.3,750,Express,Evening Rush,Saturday,40.234,25.384,40.234,1468.1,0,2024-11-02 21:00:00
SHP03864,Lucknow,Vadodara,,General Network,Lucknow_Vadodara,Expressway,Express Van,254,0.94,Storm,0.848,5,0.71,2000,Standard,Evening Rush,Tuesday,11.97,5.854,11.97,578.7,0,2024-12-10 18:00:00
SHP03865,Bhopal,Ahmedabad,,General Network,Bhopal_Ahmedabad,Highway,Container,1228,0.96,Clear,0.764,0,0.47,1200,Standard,Afternoon,Saturday,32.01,25.134,32.01,837.1,0,2024-02-10 14:00:00
SHP03866,Chandigarh,Kolkata,,General Network,Chandigarh_Kolkata,Rural,Mini Truck,630,0.83,Clear,0.642,6,0.36,1000,Economy,Afternoon,Sunday,32.626,23.548,32.626,1024.2,0,2024-05-19 15:00:00
SHP03867,Jaipur,Vizag,Mumbai,General Network,Jaipur_Vizag,City Road,Express Van,1780,0.77,Clear,0.822,1,0.9,2200,Economy,Evening Rush,Monday,81.411,60.388,81.411,2231.2,0,2024-12-30 18:00:00
SHP03868,Chandigarh,Pune,,General Network,Chandigarh_Pune,Expressway,Express Van,1092,0.53,Cloudy,0.574,4,0.64,1000,Express,Midday,Thursday,16.084,17.291,16.084,365.3,0,2024-02-22 12:00:00
SHP03869,Vadodara,Vizag,,General Network,Vadodara_Vizag,Mixed,Carting Vehicle,2216,0.61,,0.71,4,0.86,750,Standard,Night,Friday,75.491,68.962,75.491,1574.8,1,2024-06-21 22:00:00
SHP03870,Pune,Lucknow,Mumbai,General Network,Pune_Lucknow,City Road,Carting Vehicle,696,0.84,Storm,0.876,1,0.93,2800,Express,Midday,Monday,90.409,36.503,90.409,3833.7,1,2024-05-20 10:00:00
SHP03871,Nagpur,Bhopal,,General Network,Nagpur_Bhopal,Expressway,Mini Truck,562,0.48,Rain,0.6,3,0.78,1600,Economy,Morning Rush,Monday,16.272,10.752,16.272,581.9,0,2024-03-04 06:00:00
SHP03872,Ahmedabad,Kochi,,General Network,Ahmedabad_Kochi,Mixed,Container,1783,0.12,Fog,0.376,3,0.76,2600,Express,Evening Rush,Sunday,55.091,46.491,55.091,1207.8,1,2024-03-17 18:00:00
SHP03873,Vizag,Chandigarh,,General Network,Vizag_Chandigarh,Rural,FTL Truck,1844,0.67,Storm,0.514,6,0.28,850,Same-Day,Afternoon,Sunday,119.842,24.0,119.842,4731.9,1,2024-11-24 16:00:00
SHP03874,Kochi,Patna,,General Network,Kochi_Patna,Expressway,Mini Truck,255,0.61,Heavy Rain,0.742,2,0.94,800,Same-Day,Afternoon,Tuesday,7.996,8.244,7.996,300.8,0,2024-08-20 15:00:00
SHP03875,Jaipur,Kochi,,General Network,Jaipur_Kochi,City Road,Express Van,1967,0.52,,0.468,2,0.39,2200,Same-Day,Afternoon,Monday,83.826,24.0,83.826,2097.4,1,2024-05-06 17:00:00
SHP03876,Kolkata,Vizag,Coimbatore,General Network,Kolkata_Vizag,Highway,Carting Vehicle,287,0.71,Cloudy,0.562,6,0.34,3200,Economy,Midday,Sunday,11.711,11.037,11.711,415.6,0,2024-06-09 11:00:00
SHP03877,Delhi,Nagpur,,General Network,Delhi_Nagpur,Expressway,Mini Truck,283,0.51,Cloudy,0.562,0,0.64,4800,Economy,Evening Rush,Thursday,6.283,5.498,6.283,178.4,0,2024-09-05 20:00:00
SHP03878,Mumbai,Delhi,,Western Corridor,Mumbai_Delhi,Highway,Express Van,2324,0.89,Cloudy,0.67,4,0.34,5000,Standard,Morning Rush,Saturday,48.857,35.194,48.857,1415.7,0,2024-06-22 06:00:00
SHP03879,Bhopal,Kolkata,Delhi,General Network,Bhopal_Kolkata,Expressway,FTL Truck,1598,0.45,Clear,0.374,4,0.26,1200,Standard,Evening Rush,Saturday,23.98,25.789,23.98,429.6,0,2024-05-18 19:00:00
SHP03880,Bhopal,Surat,,General Network,Bhopal_Surat,Highway,FTL Truck,1134,0.22,Heavy Rain,0.34,6,0.52,1200,Same-Day,Morning Rush,Thursday,28.866,20.518,28.866,881.5,1,2024-11-28 08:00:00
SHP03881,Chennai,Indore,,General Network,Chennai_Indore,City Road,Mini Truck,324,0.95,Cloudy,0.89,3,0.8,3500,Economy,Midday,Friday,23.696,15.999,23.696,804.6,0,2024-11-01 12:00:00
SHP03882,Chandigarh,Indore,,General Network,Chandigarh_Indore,City Road,Container,1425,0.88,Storm,0.644,1,0.29,1000,Express,Midday,Saturday,166.377,48.0,166.377,7108.7,1,2024-11-30 12:00:00
SHP03883,Indore,Hyderabad,,General Network,Indore_Hyderabad,Highway,Mini Truck,2122,0.15,,0.374,0,0.71,1400,Economy,Morning Rush,Friday,41.609,41.462,41.609,728.2,0,2024-05-03 08:00:00
SHP03884,Vadodara,Patna,,General Network,Vadodara_Patna,Expressway,Container,1848,0.11,Clear,0.434,5,0.92,750,Economy,Afternoon,Saturday,29.539,33.785,29.539,399.2,0,2024-02-03 14:00:00
SHP03885,Pune,Lucknow,,General Network,Pune_Lucknow,Rural,Mini Truck,2399,0.18,Fog,0.384,1,0.69,2800,Standard,Afternoon,Saturday,103.015,72.0,103.015,2626.8,1,2024-06-15 16:00:00
SHP03886,Patna,Lucknow,Mumbai,General Network,Patna_Lucknow,Highway,Express Van,2255,1.0,Fog,0.988,0,0.97,1100,Same-Day,Evening Rush,Sunday,57.132,24.0,57.132,1957.3,1,2024-04-28 19:00:00
SHP03887,Kochi,Bangalore,Bhopal,General Network,Kochi_Bangalore,Expressway,Container,904,0.3,Clear,0.34,6,0.4,800,Economy,Midday,Friday,17.794,15.678,17.794,396.0,0,2024-12-06 13:00:00
SHP03888,Jaipur,Lucknow,,General Network,Jaipur_Lucknow,Rural,Mini Truck,493,0.37,Rain,0.614,3,0.98,2200,Standard,Afternoon,Wednesday,24.41,18.465,24.41,734.2,0,2024-02-28 16:00:00
SHP03889,Vadodara,Chennai,Chandigarh,General Network,Vadodara_Chennai,Rural,Express Van,1149,0.69,Heavy Rain,0.498,3,0.21,750,Economy,Morning Rush,Tuesday,71.02,29.981,71.02,2929.0,0,2024-01-09 09:00:00
SHP03890,Delhi,Bhopal,,General Network,Delhi_Bhopal,Highway,Carting Vehicle,1877,0.34,Cloudy,0.46,5,0.64,4800,Express,Evening Rush,Thursday,41.543,43.307,41.543,615.6,0,2024-06-27 18:00:00
SHP03891,Delhi,Mumbai,,Western Corridor,Delhi_Mumbai,Highway,Container,1825,0.77,Cloudy,0.742,6,0.7,4800,Standard,Morning Rush,Monday,50.736,37.528,50.736,1433.9,0,2024-01-15 08:00:00
SHP03892,Indore,Bangalore,,General Network,Indore_Bangalore,City Road,Mini Truck,1504,0.22,Rain,0.344,4,0.53,1400,Economy,Night,Sunday,89.099,64.758,89.099,2481.2,0,2024-03-10 22:00:00
SHP03893,Mumbai,Pune,,Mumbai-Pune Expressway,Mumbai_Pune,Expressway,Carting Vehicle,1308,0.93,Clear,0.898,5,0.85,5000,Same-Day,Morning Rush,Friday,28.948,24.0,28.948,635.4,1,2024-09-27 08:00:00
SHP03894,Vizag,Mumbai,,General Network,Vizag_Mumbai,Rural,Carting Vehicle,294,0.92,Rain,0.852,0,0.75,850,Economy,Morning Rush,Monday,24.702,14.125,24.702,959.5,0,2024-03-11 08:00:00
SHP03895,Jaipur,Chennai,Ahmedabad,General Network,Jaipur_Chennai,Highway,Carting Vehicle,2250,0.65,Cloudy,0.782,2,0.98,2200,Standard,Midday,Wednesday,65.614,53.576,65.614,1686.9,0,2024-11-20 11:00:00
SHP03896,Bangalore,Jaipur,,General Network,Bangalore_Jaipur,Rural,Mini Truck,2182,0.12,Fog,0.316,5,0.61,4200,Same-Day,Midday,Sunday,78.541,24.0,78.541,1479.9,1,2024-02-25 13:00:00
SHP03897,Surat,Kolkata,Vadodara,General Network,Surat_Kolkata,City Road,FTL Truck,1005,0.96,Cloudy,0.756,1,0.45,1800,Express,Morning Rush,Monday,52.011,40.657,52.011,1397.8,1,2024-08-19 06:00:00
SHP03898,Coimbatore,Ahmedabad,,General Network,Coimbatore_Ahmedabad,Highway,FTL Truck,1059,0.44,Storm,0.356,6,0.23,900,Express,Midday,Saturday,38.851,19.187,38.851,1536.8,0,2024-12-28 11:00:00
SHP03899,Jaipur,Indore,,General Network,Jaipur_Indore,Highway,Container,1199,0.51,Cloudy,0.554,4,0.62,2200,Express,Evening Rush,Friday,26.488,27.774,26.488,531.3,0,2024-09-27 20:00:00
SHP03900,Jaipur,Kolkata,Hyderabad,General Network,Jaipur_Kolkata,Expressway,FTL Truck,529,0.63,Cloudy,0.474,6,0.24,2200,Standard,Midday,Friday,11.606,11.768,11.606,362.3,0,2024-08-02 12:00:00
SHP03901,Jaipur,Delhi,,NCR-Rajasthan Corridor,Jaipur_Delhi,Highway,Carting Vehicle,1815,0.86,Clear,0.892,0,0.94,2200,Economy,Evening Rush,Friday,57.79,43.987,57.79,1652.4,0,2024-02-23 20:00:00
SHP03902,Delhi,Chandigarh,Indore,General Network,Delhi_Chandigarh,Expressway,Container,1870,0.94,Cloudy,0.824,0,0.65,4800,Standard,Evening Rush,Thursday,45.354,31.329,45.354,1331.7,0,2024-06-20 19:00:00
SHP03903,Ahmedabad,Lucknow,,General Network,Ahmedabad_Lucknow,Highway,Mini Truck,390,0.71,Clear,0.662,3,0.59,2600,Express,Afternoon,Tuesday,8.915,11.463,8.915,209.9,0,2024-06-18 14:00:00
SHP03904,Bangalore,Patna,,General Network,Bangalore_Patna,Highway,Container,792,0.57,Clear,0.706,6,0.91,4200,Economy,Morning Rush,Friday,22.495,18.408,22.495,650.9,0,2024-05-03 07:00:00
SHP03905,Lucknow,Jaipur,,General Network,Lucknow_Jaipur,Mixed,Container,2022,0.34,Cloudy,0.54,4,0.84,2000,Express,Morning Rush,Sunday,53.222,48.0,53.222,814.5,1,2024-08-25 07:00:00
SHP03906,Bangalore,Mumbai,,Western-Southern Corridor,Bangalore_Mumbai,Mixed,Mini Truck,1893,0.31,Cloudy,0.442,5,0.64,4200,Standard,Afternoon,Thursday,50.437,49.782,50.437,922.9,0,2024-02-29 16:00:00
SHP03907,Surat,Coimbatore,,General Network,Surat_Coimbatore,City Road,Carting Vehicle,1813,,Fog,0.492,4,0.72,1800,Standard,Midday,Sunday,132.851,72.0,132.851,3827.0,1,2024-11-24 13:00:00
SHP03908,Hyderabad,Coimbatore,Chennai,General Network,Hyderabad_Coimbatore,City Road,Mini Truck,984,0.95,Rain,0.762,5,0.48,3800,Standard,Morning Rush,Thursday,78.512,43.049,78.512,2836.4,1,2024-12-05 07:00:00
SHP03909,Kolkata,Vadodara,Bangalore,General Network,Kolkata_Vadodara,Mixed,Container,427,0.93,Cloudy,0.778,1,0.55,3200,Same-Day,Morning Rush,Wednesday,14.671,13.745,14.671,377.9,0,2024-12-18 08:00:00
SHP03910,Kolkata,Delhi,,Northern-Eastern Corridor,Kolkata_Delhi,Rural,Container,1636,0.31,Storm,0.418,2,0.58,3200,Same-Day,Evening Rush,Tuesday,100.959,24.0,100.959,3491.2,1,2024-05-21 18:00:00
SHP03911,Chennai,Patna,Bangalore,General Network,Chennai_Patna,Expressway,FTL Truck,1693,0.11,Cloudy,0.422,1,0.89,3500,Express,Night,Friday,21.453,27.896,21.453,217.9,0,2024-01-19 22:00:00
SHP03912,Vizag,Mumbai,,General Network,Vizag_Mumbai,Expressway,Carting Vehicle,359,0.79,Heavy Rain,0.722,3,0.62,850,Express,Afternoon,Sunday,15.548,9.136,15.548,630.5,0,2024-06-30 17:00:00
SHP03913,Ahmedabad,Bangalore,Bhopal,General Network,Ahmedabad_Bangalore,Highway,Mini Truck,1915,0.88,Clear,0.912,4,0.96,2600,Express,Morning Rush,Thursday,43.874,36.67,43.874,1036.6,0,2024-10-31 08:00:00
SHP03914,Nagpur,Hyderabad,,General Network,Nagpur_Hyderabad,Mixed,Express Van,2420,0.28,Clear,0.444,3,0.69,1600,Economy,Evening Rush,Wednesday,50.083,46.857,50.083,900.6,0,2024-06-19 19:00:00
SHP03915,Bhopal,Vizag,Kochi,General Network,Bhopal_Vizag,Rural,Mini Truck,806,0.82,Fog,0.688,2,0.49,1200,Express,Midday,Monday,46.748,26.988,46.748,1610.8,0,2024-03-11 12:00:00
SHP03916,Kochi,Bangalore,Kolkata,General Network,Kochi_Bangalore,City Road,Carting Vehicle,1363,0.65,Cloudy,0.502,5,0.28,800,Same-Day,Afternoon,Monday,75.007,24.0,75.007,1385.0,1,2024-05-06 15:00:00
SHP03917,Kochi,Delhi,,General Network,Kochi_Delhi,Highway,FTL Truck,1184,0.21,Fog,0.47,6,0.86,800,Same-Day,Afternoon,Wednesday,25.058,20.802,25.058,615.5,1,2024-10-16 17:00:00
SHP03918,Chennai,Mumbai,,General Network,Chennai_Mumbai,Mixed,Mini Truck,345,0.13,Storm,0.414,2,0.84,3500,Economy,Evening Rush,Saturday,19.455,11.742,19.455,784.0,0,2024-06-01 20:00:00
SHP03919,Patna,Chandigarh,Hyderabad,General Network,Patna_Chandigarh,Expressway,Express Van,935,0.77,Cloudy,0.666,4,0.51,1100,Economy,Midday,Thursday,19.541,15.711,19.541,658.9,0,2024-10-10 11:00:00
SHP03920,Chandigarh,Mumbai,,General Network,Chandigarh_Mumbai,Highway,Mini Truck,1336,0.36,Heavy Rain,0.468,1,0.63,1000,Same-Day,Night,Saturday,38.213,24.0,38.213,1179.4,1,2024-07-06 22:00:00
SHP03921,Patna,Pune,Vadodara,General Network,Patna_Pune,Highway,Carting Vehicle,1399,0.43,Clear,0.57,1,0.78,1100,Standard,Morning Rush,Wednesday,31.635,32.475,31.635,499.1,0,2024-04-24 09:00:00
SHP03922,Chennai,Indore,,General Network,Chennai_Indore,Expressway,Mini Truck,714,0.55,Clear,0.482,1,0.38,3500,Express,Night,Tuesday,12.342,15.779,12.342,239.5,0,2024-01-02 22:00:00
SHP03923,Indore,Chandigarh,,General Network,Indore_Chandigarh,Rural,Carting Vehicle,273,0.36,Clear,0.544,6,0.82,1400,Economy,Morning Rush,Tuesday,14.605,15.245,14.605,391.0,0,2024-11-05 06:00:00
SHP03924,Jaipur,Kochi,Ahmedabad,General Network,Jaipur_Kochi,Highway,Mini Truck,775,0.51,Rain,0.418,2,0.28,2200,Express,Evening Rush,Sunday,20.172,17.53,20.172,564.5,0,2024-04-14 19:00:00
SHP03925,Kolkata,Delhi,,Northern-Eastern Corridor,Kolkata_Delhi,Rural,Carting Vehicle,1677,0.8,Clear,0.828,1,0.87,3200,Economy,Morning Rush,Wednesday,92.654,69.349,92.654,2577.9,0,2024-08-21 08:00:00
SHP03926,Bangalore,Ahmedabad,,General Network,Bangalore_Ahmedabad,Highway,Mini Truck,1767,0.45,Heavy Rain,0.606,6,0.84,4200,Express,Evening Rush,Thursday,58.625,35.264,58.625,2045.0,1,2024-08-08 20:00:00
SHP03927,Indore,Kolkata,,General Network,Indore_Kolkata,Expressway,FTL Truck,2326,0.78,Heavy Rain,0.568,6,0.25,1400,Economy,Morning Rush,Saturday,82.315,34.61,82.315,3469.8,0,2024-03-23 09:00:00
SHP03928,Hyderabad,Chandigarh,,General Network,Hyderabad_Chandigarh,Highway,FTL Truck,1900,0.83,Storm,0.618,4,0.3,3800,Express,Morning Rush,Monday,81.745,32.49,81.745,3479.7,1,2024-04-22 09:00:00
SHP03929,Chandigarh,Pune,,General Network,Chandigarh_Pune,Rural,Container,2234,0.85,Fog,0.638,3,0.32,1000,Express,Afternoon,Friday,136.849,48.0,136.849,4706.6,1,2024-10-04 17:00:00
SHP03930,Chennai,Kolkata,,General Network,Chennai_Kolkata,Highway,Carting Vehicle,1129,0.76,Heavy Rain,0.7,3,0.61,3500,Standard,Evening Rush,Saturday,55.544,27.936,55.544,2203.6,0,2024-09-14 20:00:00
SHP03931,Nagpur,Vizag,,General Network,Nagpur_Vizag,Mixed,Mini Truck,697,0.6,Storm,0.472,5,,1600,Express,Evening Rush,Tuesday,40.687,20.031,40.687,1666.8,0,2024-10-29 21:00:00
SHP03932,Kochi,Pune,,General Network,Kochi_Pune,Expressway,Express Van,652,0.24,Fog,0.324,0,0.45,800,Economy,Night,Sunday,11.801,11.687,11.801,350.0,0,2024-03-10 22:00:00
SHP03933,Chandigarh,Coimbatore,,General Network,Chandigarh_Coimbatore,Rural,Carting Vehicle,982,0.65,Heavy Rain,0.726,5,0.84,1000,Same-Day,Midday,Thursday,69.562,24.0,69.562,2428.0,1,2024-06-06 11:00:00
SHP03934,Bhopal,Chandigarh,,General Network,Bhopal_Chandigarh,Expressway,FTL Truck,1481,0.34,Cloudy,0.328,1,0.31,1200,Standard,Morning Rush,Friday,22.649,22.337,22.649,423.5,0,2024-05-24 07:00:00
SHP03935,Patna,Bangalore,,General Network,Patna_Bangalore,Expressway,Mini Truck,1372,0.49,Cloudy,0.526,5,0.58,1100,Economy,Morning Rush,Saturday,29.156,22.332,29.156,786.6,0,2024-02-10 06:00:00
SHP03936,Indore,Delhi,Vadodara,General Network,Indore_Delhi,City Road,Carting Vehicle,1558,0.65,Fog,0.578,1,0.47,1400,Economy,Night,Monday,152.882,78.463,152.882,5611.8,1,2024-05-13 22:00:00
SHP03937,Bangalore,Delhi,Nagpur,General Network,Bangalore_Delhi,Expressway,Container,940,0.85,Storm,0.706,0,0.49,4200,Same-Day,Morning Rush,Friday,37.261,17.04,37.261,1537.2,1,2024-06-14 06:00:00
SHP03938,Pune,Hyderabad,,General Network,Pune_Hyderabad,City Road,FTL Truck,1684,0.98,Storm,0.824,2,0.59,2800,Economy,Midday,Saturday,212.544,67.152,212.544,9865.8,1,2024-09-21 12:00:00
SHP03939,Surat,Jaipur,,General Network,Surat_Jaipur,Rural,FTL Truck,2049,0.82,Fog,0.64,0,0.37,1800,Economy,Evening Rush,Tuesday,126.757,63.157,126.757,4873.4,1,2024-07-30 20:00:00
SHP03940,Chennai,Indore,,General Network,Chennai_Indore,Mixed,Container,212,0.39,Heavy Rain,0.354,5,0.3,3500,Economy,Afternoon,Monday,13.387,9.749,13.387,553.8,0,2024-06-10 17:00:00
SHP03941,Mumbai,Chandigarh,,General Network,Mumbai_Chandigarh,Rural,Express Van,2435,0.38,Heavy Rain,0.428,1,0.5,5000,Economy,Morning Rush,Tuesday,124.671,62.834,124.671,4657.1,1,2024-05-21 07:00:00
SHP03942,Pune,Bhopal,,General Network,Pune_Bhopal,Rural,FTL Truck,1828,0.63,Rain,0.482,6,0.26,2800,Same-Day,Afternoon,Tuesday,74.377,24.0,74.377,2025.3,1,2024-08-06 16:00:00
SHP03943,Bhopal,Coimbatore,,General Network,Bhopal_Coimbatore,Mixed,Mini Truck,1224,0.44,Fog,0.44,6,0.44,1200,Express,Morning Rush,Thursday,45.769,31.675,45.769,1386.1,0,2024-12-12 07:00:00
SHP03944,Indore,Nagpur,,General Network,Indore_Nagpur,Mixed,Express Van,561,0.47,Heavy Rain,0.41,6,0.32,1400,Standard,Evening Rush,Wednesday,23.088,14.29,23.088,897.4,0,2024-10-02 20:00:00
SHP03945,Chandigarh,Jaipur,,General Network,Chandigarh_Jaipur,Highway,Container,1123,0.53,Cloudy,0.554,5,0.59,1000,Express,Midday,Friday,26.104,23.655,26.104,575.4,0,2024-02-02 13:00:00
SHP03946,Delhi,Lucknow,Bangalore,UP Corridor,Delhi_Lucknow,Highway,Container,2226,0.92,Fog,0.676,5,0.31,4800,Standard,Afternoon,Wednesday,87.219,46.093,87.219,3269.0,1,2024-02-21 15:00:00
SHP03947,Kochi,Pune,,General Network,Kochi_Pune,Highway,Carting Vehicle,2488,0.94,Fog,0.664,2,0.25,800,Standard,Evening Rush,Monday,109.391,56.059,109.391,4075.4,1,2024-03-25 19:00:00
SHP03948,Kolkata,Delhi,Chennai,Northern-Eastern Corridor,Kolkata_Delhi,Expressway,Mini Truck,296,0.47,Fog,0.606,6,0.81,3200,Same-Day,Morning Rush,Tuesday,7.462,7.693,7.462,240.0,0,2024-06-04 08:00:00
SHP03949,Chennai,Kolkata,,General Network,Chennai_Kolkata,Highway,FTL Truck,1476,0.24,Clear,0.344,0,0.5,3500,Same-Day,Morning Rush,Monday,19.569,24.0,19.569,67.1,0,2024-12-09 08:00:00
SHP03950,Bangalore,Delhi,,General Network,Bangalore_Delhi,Rural,Container,1880,0.58,Rain,0.56,5,0.53,4200,Express,Morning Rush,Tuesday,96.065,48.0,96.065,2814.9,1,2024-11-12 06:00:00
SHP03951,Jaipur,Nagpur,,General Network,Jaipur_Nagpur,City Road,Express Van,2158,0.73,Heavy Rain,0.554,5,0.29,2200,Standard,Midday,Thursday,154.764,72.0,154.764,6068.9,1,2024-09-05 10:00:00
SHP03952,Vizag,Chennai,Vadodara,General Network,Vizag_Chennai,Highway,Carting Vehicle,1757,0.17,Cloudy,0.266,4,0.41,850,Express,Afternoon,Tuesday,36.003,39.769,36.003,403.2,0,2024-06-11 17:00:00
SHP03953,Surat,Vadodara,,General Network,Surat_Vadodara,Mixed,Carting Vehicle,2085,0.87,Heavy Rain,0.714,6,0.48,1800,Same-Day,Midday,Monday,123.615,24.0,123.615,4636.9,1,2024-04-08 10:00:00
SHP03954,Delhi,Kochi,Bhopal,General Network,Delhi_Kochi,Highway,Mini Truck,848,0.14,Storm,0.432,3,,4800,Standard,Evening Rush,Friday,31.315,17.617,31.315,1172.2,0,2024-11-22 19:00:00
SHP03955,Bangalore,Nagpur,Vizag,General Network,Bangalore_Nagpur,Highway,Carting Vehicle,2431,0.55,Clear,0.61,6,0.7,4200,Standard,Evening Rush,Thursday,60.535,56.131,60.535,1201.1,0,2024-09-19 18:00:00
SHP03956,Patna,Surat,,General Network,Patna_Surat,Expressway,Express Van,887,0.81,Clear,0.67,1,0.46,1100,Same-Day,Morning Rush,Sunday,12.254,12.789,12.254,248.1,0,2024-07-28 08:00:00
SHP03957,Surat,Chandigarh,Bhopal,General Network,Surat_Chandigarh,Mixed,Container,235,0.4,Rain,0.512,4,0.68,1800,Standard,Midday,Saturday,10.734,7.061,10.734,367.5,0,2024-04-20 10:00:00
SHP03958,Hyderabad,Nagpur,,General Network,Hyderabad_Nagpur,Highway,FTL Truck,1999,0.43,Clear,0.418,4,0.4,3800,Express,Evening Rush,Tuesday,32.164,37.28,32.164,430.6,0,2024-05-21 19:00:00
SHP03959,Chandigarh,Bhopal,,General Network,Chandigarh_Bhopal,Mixed,Container,128,0.69,Storm,0.79,3,0.94,1000,Economy,Morning Rush,Saturday,10.739,6.754,10.739,493.7,0,2024-02-03 06:00:00
SHP03960,Hyderabad,Vadodara,Surat,General Network,Hyderabad_Vadodara,Mixed,Mini Truck,1489,0.25,Storm,0.322,4,0.43,3800,Economy,Afternoon,Saturday,83.005,38.638,83.005,3325.8,0,2024-04-13 14:00:00
SHP03961,Kochi,Bangalore,Coimbatore,General Network,Kochi_Bangalore,Expressway,FTL Truck,2136,0.31,Clear,0.466,2,0.7,800,Standard,Afternoon,Thursday,29.483,33.961,29.483,419.9,0,2024-06-06 14:00:00
SHP03962,Lucknow,Coimbatore,,General Network,Lucknow_Coimbatore,Rural,Carting Vehicle,970,0.46,Clear,0.536,2,0.65,2000,Economy,Evening Rush,Monday,45.93,42.12,45.93,1031.3,0,2024-09-16 18:00:00
SHP03963,Indore,Vadodara,,General Network,Indore_Vadodara,City Road,FTL Truck,1187,0.83,Rain,0.622,3,0.31,1400,Standard,Midday,Friday,81.154,46.276,81.154,2834.4,1,2024-12-27 13:00:00
SHP03964,Mumbai,Indore,,General Network,Mumbai_Indore,Rural,Container,680,0.48,Clear,0.4,4,0.28,5000,Economy,Evening Rush,Saturday,29.902,25.935,29.902,727.5,0,2024-06-22 19:00:00
SHP03965,Ahmedabad,Jaipur,,General Network,Ahmedabad_Jaipur,Highway,Carting Vehicle,2052,0.35,Clear,0.538,0,0.82,2600,Express,Evening Rush,Saturday,41.226,46.429,41.226,421.5,0,2024-12-28 21:00:00
SHP03966,Kolkata,Bangalore,Jaipur,General Network,Kolkata_Bangalore,Highway,FTL Truck,758,0.79,Rain,0.806,4,0.83,3200,Express,Evening Rush,Tuesday,23.425,14.997,23.425,837.0,0,2024-10-22 21:00:00
SHP03967,Vadodara,Nagpur,Mumbai,General Network,Vadodara_Nagpur,Rural,FTL Truck,2442,0.12,Clear,0.228,6,0.39,750,Express,Morning Rush,Friday,57.39,48.0,57.39,187.4,1,2024-05-31 09:00:00
SHP03968,Chandigarh,Nagpur,,General Network,Chandigarh_Nagpur,Expressway,Express Van,265,0.32,Heavy Rain,0.576,3,0.96,1000,Same-Day,Midday,Tuesday,6.933,4.7,6.933,270.4,0,2024-07-30 12:00:00
SHP03969,Nagpur,Bangalore,Lucknow,General Network,Nagpur_Bangalore,Expressway,FTL Truck,1324,0.24,Clear,0.472,0,0.82,1600,Express,Midday,Tuesday,16.081,22.482,16.081,128.6,0,2024-01-30 13:00:00
SHP03970,Chennai,Nagpur,Bangalore,General Network,Chennai_Nagpur,Rural,Carting Vehicle,669,0.24,Heavy Rain,0.344,1,0.5,3500,Same-Day,Evening Rush,Friday,36.815,24.0,36.815,1019.6,1,2024-01-05 21:00:00
SHP03971,Chennai,Surat,,General Network,Chennai_Surat,Mixed,Container,862,0.84,Heavy Rain,0.812,4,0.77,3500,Express,Morning Rush,Saturday,49.27,26.003,49.27,1942.1,1,2024-10-19 09:00:00
SHP03972,Bhopal,Patna,,General Network,Bhopal_Patna,Highway,FTL Truck,1846,0.76,,0.716,1,0.65,1200,Standard,Afternoon,Thursday,53.045,32.878,53.045,1798.2,0,2024-02-08 17:00:00
SHP03973,Vizag,Jaipur,Chandigarh,General Network,Vizag_Jaipur,Expressway,FTL Truck,1108,0.16,Rain,0.276,5,0.45,850,Same-Day,Midday,Friday,18.975,17.832,18.975,438.7,0,2024-10-25 11:00:00
SHP03974,Kolkata,Surat,Ahmedabad,General Network,Kolkata_Surat,Rural,FTL Truck,954,0.89,Storm,0.686,4,0.38,3200,Same-Day,Afternoon,Saturday,70.026,24.0,70.026,2929.6,1,2024-10-26 16:00:00
SHP03975,Hyderabad,Nagpur,,General Network,Hyderabad_Nagpur,City Road,Mini Truck,1792,0.68,,0.736,1,0.82,3800,Economy,Afternoon,Tuesday,217.276,75.443,217.276,9623.3,1,2024-07-02 15:00:00
SHP03976,Indore,Hyderabad,,General Network,Indore_Hyderabad,Expressway,Express Van,1546,0.31,Clear,0.57,2,0.96,1400,Same-Day,Night,Thursday,17.643,21.755,17.643,209.5,0,2024-11-21 22:00:00
SHP03977,Delhi,Jaipur,,NCR-Rajasthan Corridor,Delhi_Jaipur,Rural,Express Van,2373,0.35,Heavy Rain,0.486,2,0.69,4800,Economy,Midday,Monday,119.64,63.625,119.64,4427.1,0,2024-02-05 13:00:00
SHP03978,Vizag,Pune,Chennai,General Network,Vizag_Pune,City Road,Carting Vehicle,522,0.19,Storm,0.462,3,0.87,850,Standard,Evening Rush,Monday,51.981,27.217,51.981,1925.7,0,2024-10-21 20:00:00
SHP03979,Mumbai,Kolkata,Delhi,General Network,Mumbai_Kolkata,Mixed,Carting Vehicle,690,0.99,Fog,0.718,2,0.31,5000,Express,Evening Rush,Friday,39.039,24.347,39.039,1422.4,0,2024-11-08 21:00:00
SHP03980,Nagpur,Jaipur,,General Network,Nagpur_Jaipur,Mixed,Express Van,2360,0.8,Rain,0.84,6,0.9,1600,Standard,Night,Tuesday,80.982,47.1,80.982,2806.7,1,2024-06-18 22:00:00
SHP03981,Bangalore,Nagpur,,General Network,Bangalore_Nagpur,City Road,Mini Truck,1105,0.24,Fog,0.504,1,0.9,4200,Express,Afternoon,Saturday,59.052,47.673,59.052,1438.3,1,2024-12-14 15:00:00
SHP03982,Nagpur,Vadodara,,General Network,Nagpur_Vadodara,City Road,Express Van,2007,0.57,,0.59,0,0.62,1600,Same-Day,Morning Rush,Thursday,61.921,24.0,61.921,723.5,1,2024-04-04 07:00:00
SHP03983,Chandigarh,Kolkata,Delhi,General Network,Chandigarh_Kolkata,Expressway,Express Van,1764,0.27,Fog,0.538,0,0.94,1000,Express,Morning Rush,Saturday,28.697,22.124,28.697,753.1,0,2024-01-06 08:00:00
SHP03984,Mumbai,Kochi,,General Network,Mumbai_Kochi,Rural,Express Van,622,0.94,Clear,0.812,1,0.62,5000,Economy,Midday,Wednesday,24.481,18.676,24.481,747.7,0,2024-10-30 13:00:00
SHP03985,Chandigarh,Vizag,,General Network,Chandigarh_Vizag,Rural,Container,1201,0.84,Fog,0.88,1,0.94,1000,Economy,Evening Rush,Monday,89.114,44.594,89.114,3462.9,0,2024-08-12 20:00:00
SHP03986,Pune,Coimbatore,,General Network,Pune_Coimbatore,City Road,Mini Truck,937,0.84,Heavy Rain,0.76,0,0.64,2800,Economy,Afternoon,Tuesday,100.873,43.421,100.873,4267.6,0,2024-10-22 14:00:00
SHP03987,Nagpur,Delhi,Chandigarh,General Network,Nagpur_Delhi,Highway,Express Van,926,0.53,Cloudy,0.446,1,0.32,1600,Express,Midday,Friday,15.107,14.231,15.107,302.5,0,2024-10-04 13:00:00
SHP03988,Hyderabad,Bhopal,Vadodara,General Network,Hyderabad_Bhopal,City Road,Carting Vehicle,2316,0.46,Fog,0.456,2,0.45,3800,Same-Day,Afternoon,Saturday,154.973,24.0,154.973,4004.6,1,2024-06-22 14:00:00
SHP03989,Ahmedabad,Bhopal,,General Network,Ahmedabad_Bhopal,Mixed,Container,370,0.62,Storm,0.62,4,0.62,2600,Standard,Morning Rush,Thursday,25.726,11.601,25.726,1108.3,0,2024-09-26 08:00:00
SHP03990,Nagpur,Indore,,General Network,Nagpur_Indore,City Road,Container,1538,0.97,Rain,0.862,6,0.7,1600,Express,Morning Rush,Monday,120.393,48.0,120.393,4121.7,1,2024-04-08 07:00:00
SHP03991,Patna,Pune,Ahmedabad,General Network,Patna_Pune,Expressway,Carting Vehicle,909,0.52,Heavy Rain,0.556,0,0.61,1100,Standard,Evening Rush,Wednesday,33.449,21.264,33.449,1241.5,0,2024-04-17 18:00:00
SHP03992,Vadodara,Hyderabad,Kochi,General Network,Vadodara_Hyderabad,Mixed,Mini Truck,1656,0.98,Rain,0.74,5,0.38,750,Economy,Midday,Tuesday,87.44,42.99,87.44,3406.4,0,2024-04-30 13:00:00
SHP03993,Chennai,Chandigarh,Jaipur,General Network,Chennai_Chandigarh,Rural,FTL Truck,380,0.72,Clear,0.604,3,0.43,3500,Economy,Afternoon,Wednesday,16.53,14.477,16.53,485.1,0,2024-12-18 17:00:00
SHP03994,Bangalore,Vadodara,,General Network,Bangalore_Vadodara,Highway,Container,171,0.47,Rain,0.682,6,1.0,4200,Express,Midday,Thursday,7.147,6.462,7.147,277.9,0,2024-07-18 12:00:00
SHP03995,Indore,Lucknow,,General Network,Indore_Lucknow,Expressway,Mini Truck,1958,0.59,Clear,0.678,1,0.81,1400,Standard,Night,Wednesday,35.004,34.177,35.004,726.2,0,2024-06-12 22:00:00
SHP03996,Vizag,Coimbatore,,General Network,Vizag_Coimbatore,City Road,Mini Truck,510,0.75,Cloudy,0.686,2,0.59,850,Standard,Evening Rush,Thursday,30.053,25.785,30.053,831.7,0,2024-07-04 19:00:00
SHP03997,Ahmedabad,Jaipur,Bhopal,General Network,Ahmedabad_Jaipur,City Road,FTL Truck,237,0.46,Fog,0.412,0,0.34,2600,Express,Afternoon,Wednesday,13.083,13.275,13.083,378.7,0,2024-12-04 14:00:00
SHP03998,Bangalore,Ahmedabad,,General Network,Bangalore_Ahmedabad,Highway,Express Van,124,0.43,Heavy Rain,0.638,0,,4200,Same-Day,Evening Rush,Saturday,3.682,5.313,3.682,140.1,0,2024-07-06 21:00:00
SHP03999,Delhi,Kochi,Lucknow,General Network,Delhi_Kochi,City Road,Carting Vehicle,925,0.47,Fog,0.618,0,0.84,4800,Express,Afternoon,Sunday,68.087,48.0,68.087,1970.9,1,2024-07-28 14:00:00
SHP04000,Indore,Chennai,,General Network,Indore_Chennai,City Road,Mini Truck,593,0.65,Storm,0.642,5,0.63,1400,Same-Day,Morning Rush,Saturday,55.95,24.0,55.95,2227.5,1,2024-08-03 06:00:00
SHP04001,Delhi,Kochi,,General Network,Delhi_Kochi,Mixed,Express Van,455,0.46,Fog,0.64,0,0.91,4800,Express,Morning Rush,Tuesday,13.645,13.546,13.645,423.1,0,2024-09-17 06:00:00
SHP04002,Delhi,Pune,Kolkata,General Network,Delhi_Pune,Expressway,Mini Truck,803,0.9,Heavy Rain,0.796,0,0.64,4800,Standard,Afternoon,Wednesday,29.279,14.086,29.279,1193.2,0,2024-07-10 14:00:00
SHP04003,Pune,Bangalore,,General Network,Pune_Bangalore,Expressway,Container,554,0.2,Storm,0.324,6,0.51,2800,Economy,Evening Rush,Friday,22.815,11.671,22.815,957.2,0,2024-01-12 21:00:00
SHP04004,Bangalore,Lucknow,,General Network,Bangalore_Lucknow,Highway,Express Van,852,0.15,Heavy Rain,0.214,2,0.31,4200,Express,Morning Rush,Tuesday,18.634,13.52,18.634,562.4,0,2024-05-14 08:00:00
SHP04005,Indore,Lucknow,Coimbatore,General Network,Indore_Lucknow,Rural,FTL Truck,351,0.12,Rain,0.336,6,0.66,1400,Express,Afternoon,Saturday,14.22,13.526,14.22,385.2,0,2024-07-27 16:00:00
SHP04006,Mumbai,Kolkata,,General Network,Mumbai_Kolkata,City Road,Container,869,0.83,Storm,0.842,6,0.86,5000,Economy,Evening Rush,Monday,122.538,42.332,122.538,5599.7,1,2024-12-30 18:00:00
SHP04007,Patna,Mumbai,Indore,General Network,Patna_Mumbai,Mixed,Carting Vehicle,382,0.88,Fog,0.924,2,0.99,1100,Same-Day,Midday,Friday,19.472,15.451,19.472,659.0,0,2024-12-13 11:00:00
SHP04008,Nagpur,Hyderabad,Bangalore,General Network,Nagpur_Hyderabad,Rural,FTL Truck,915,0.89,Fog,0.774,0,0.6,1600,Express,Morning Rush,Tuesday,48.24,30.931,48.24,1674.4,1,2024-09-24 06:00:00
SHP04009,Chennai,Pune,Chandigarh,General Network,Chennai_Pune,Highway,Mini Truck,125,0.21,Storm,0.394,5,0.67,3500,Express,Evening Rush,Thursday,6.619,6.367,6.619,293.0,0,2024-07-18 21:00:00
SHP04010,Vadodara,Chandigarh,Patna,General Network,Vadodara_Chandigarh,Expressway,Carting Vehicle,1878,0.36,Fog,0.548,0,0.83,750,Standard,Midday,Tuesday,51.68,38.047,51.68,1519.3,0,2024-06-04 13:00:00
SHP04011,Lucknow,Vadodara,Jaipur,General Network,Lucknow_Vadodara,Highway,Mini Truck,2119,0.37,Fog,0.586,0,0.91,2000,Same-Day,Midday,Tuesday,49.288,24.0,49.288,1191.5,1,2024-04-30 10:00:00
SHP04012,Indore,Vadodara,Jaipur,General Network,Indore_Vadodara,Expressway,Container,1802,0.95,Cloudy,0.682,4,0.28,1400,Standard,Midday,Tuesday,45.281,33.906,45.281,1377.9,0,2024-11-19 11:00:00
SHP04013,Pune,Delhi,Kochi,General Network,Pune_Delhi,Mixed,Carting Vehicle,1111,0.12,Cloudy,0.244,1,0.43,2800,Economy,Morning Rush,Monday,34.377,33.925,34.377,581.3,0,2024-02-26 07:00:00
SHP04014,Vadodara,Patna,,General Network,Vadodara_Patna,City Road,Carting Vehicle,766,0.36,Storm,0.448,2,0.58,750,Express,Evening Rush,Monday,77.905,42.398,77.905,2923.4,1,2024-11-11 18:00:00
SHP04015,Ahmedabad,Delhi,Mumbai,General Network,Ahmedabad_Delhi,City Road,Container,532,0.5,Clear,0.436,4,0.34,2600,Economy,Afternoon,Friday,29.883,24.396,29.883,720.1,0,2024-05-03 15:00:00
SHP04016,Vizag,Nagpur,Surat,General Network,Vizag_Nagpur,Expressway,Express Van,2219,0.46,Storm,0.668,6,0.98,850,Express,Evening Rush,Thursday,59.243,29.604,59.243,2335.9,1,2024-10-31 21:00:00
SHP04017,Lucknow,Hyderabad,,General Network,Lucknow_Hyderabad,City Road,FTL Truck,1609,0.66,Storm,0.768,6,0.93,2000,Economy,Afternoon,Thursday,176.482,64.309,176.482,7830.6,1,2024-01-25 16:00:00
SHP04018,Bhopal,Kochi,,General Network,Bhopal_Kochi,Mixed,Container,1121,0.62,Storm,0.54,2,0.42,1200,Standard,Evening Rush,Tuesday,72.937,31.45,72.937,3057.4,1,2024-07-30 20:00:00
SHP04019,Kolkata,Vadodara,Patna,General Network,Kolkata_Vadodara,Rural,FTL Truck,127,0.9,Storm,0.74,5,0.5,3200,Same-Day,Evening Rush,Tuesday,10.756,5.442,10.756,476.0,0,2024-07-16 18:00:00
SHP04020,Hyderabad,Coimbatore,,General Network,Hyderabad_Coimbatore,City Road,Mini Truck,1866,0.94,Rain,0.908,4,0.86,3800,Same-Day,Midday,Friday,124.522,24.0,124.522,3917.0,1,2024-03-15 13:00:00
SHP04021,Nagpur,Hyderabad,,General Network,Nagpur_Hyderabad,Expressway,Express Van,1924,0.4,Storm,0.524,2,0.71,1600,Same-Day,Afternoon,Friday,45.564,24.0,45.564,1677.2,1,2024-01-19 17:00:00
SHP04022,Surat,Nagpur,,General Network,Surat_Nagpur,Rural,Express Van,935,0.12,Cloudy,0.408,2,0.84,1800,Standard,Evening Rush,Wednesday,23.673,26.322,23.673,336.3,0,2024-12-04 20:00:00
SHP04023,Chandigarh,Nagpur,Vizag,General Network,Chandigarh_Nagpur,Mixed,Carting Vehicle,1261,0.42,Storm,0.54,1,0.72,1000,Express,Morning Rush,Monday,75.773,38.417,75.773,2865.0,1,2024-03-18 06:00:00
SHP04024,Bangalore,Delhi,,General Network,Bangalore_Delhi,Expressway,Container,2341,0.95,Cloudy,0.87,0,0.75,4200,Economy,Afternoon,Thursday,63.381,39.659,63.381,2063.4,0,2024-04-18 16:00:00
SHP04025,Pune,Lucknow,,General Network,Pune_Lucknow,Rural,Carting Vehicle,1005,0.85,Heavy Rain,0.682,6,0.43,2800,Standard,Afternoon,Thursday,91.547,41.567,91.547,3706.2,1,2024-01-04 14:00:00
SHP04026,Bangalore,Vadodara,,General Network,Bangalore_Vadodara,City Road,Carting Vehicle,533,0.22,Clear,0.448,2,0.79,4200,Economy,Midday,Tuesday,28.583,29.053,28.583,496.7,0,2024-03-12 12:00:00
SHP04027,Lucknow,Jaipur,Ahmedabad,General Network,Lucknow_Jaipur,Highway,Container,1115,0.78,Storm,0.788,5,,2000,Same-Day,Evening Rush,Monday,52.738,24.0,52.738,2180.4,1,2024-09-23 21:00:00
SHP04028,Surat,Vizag,Nagpur,General Network,Surat_Vizag,Highway,Container,1506,0.67,Rain,0.742,4,0.85,1800,Express,Morning Rush,Tuesday,46.193,33.608,46.193,1442.8,0,2024-10-01 06:00:00
SHP04029,Bangalore,Indore,Kolkata,General Network,Bangalore_Indore,Rural,Express Van,1986,0.46,Heavy Rain,0.4,1,0.31,4200,Economy,Evening Rush,Wednesday,106.078,52.001,106.078,4062.1,0,2024-09-25 21:00:00
SHP04030,Coimbatore,Delhi,,General Network,Coimbatore_Delhi,Rural,Container,1214,0.23,Storm,0.31,5,0.43,900,Standard,Midday,Saturday,84.816,44.895,84.816,3184.6,1,2024-09-07 13:00:00
SHP04031,Jaipur,Chandigarh,,General Network,Jaipur_Chandigarh,Highway,FTL Truck,141,0.28,Clear,0.392,6,0.56,2200,Express,Afternoon,Thursday,5.144,5.551,5.144,202.9,0,2024-01-11 16:00:00
SHP04032,Patna,Pune,Mumbai,General Network,Patna_Pune,Highway,Carting Vehicle,1819,0.54,Clear,0.428,1,0.26,1100,Standard,Night,Thursday,44.239,41.682,44.239,835.3,0,2024-09-05 22:00:00
SHP04033,Ahmedabad,Hyderabad,,General Network,Ahmedabad_Hyderabad,City Road,FTL Truck,1866,0.3,Cloudy,0.484,4,0.76,2600,Standard,Morning Rush,Thursday,74.935,70.429,74.935,1297.3,1,2024-08-29 06:00:00
SHP04034,Lucknow,Bangalore,,General Network,Lucknow_Bangalore,Mixed,Carting Vehicle,2384,0.79,Rain,0.582,3,0.27,2000,Economy,Midday,Friday,137.122,72.419,137.122,5048.6,1,2024-06-28 12:00:00
SHP04035,Kochi,Coimbatore,,General Network,Kochi_Coimbatore,Highway,Express Van,1583,0.28,Storm,0.528,0,0.9,800,Standard,Morning Rush,Thursday,46.962,25.93,46.962,1785.3,0,2024-04-18 07:00:00
SHP04036,Bangalore,Delhi,,General Network,Bangalore_Delhi,Expressway,Express Van,1036,0.42,Storm,0.448,6,0.49,4200,Express,Evening Rush,Wednesday,28.424,17.184,28.424,1136.5,0,2024-03-27 18:00:00
SHP04037,Lucknow,Nagpur,Hyderabad,General Network,Lucknow_Nagpur,City Road,Container,2399,0.44,Storm,0.444,4,0.45,2000,Express,Afternoon,Tuesday,222.932,48.0,222.932,8537.6,1,2024-02-20 16:00:00
SHP04038,Patna,Ahmedabad,Vadodara,General Network,Patna_Ahmedabad,Expressway,Carting Vehicle,2269,0.92,Storm,0.696,6,0.36,1100,Express,Morning Rush,Monday,113.923,42.84,113.923,4924.6,1,2024-10-14 08:00:00
SHP04039,Pune,Nagpur,,General Network,Pune_Nagpur,Mixed,Container,1320,0.19,Clear,0.442,1,0.82,2800,Economy,Morning Rush,Monday,34.611,36.113,34.611,523.7,0,2024-04-01 08:00:00
SHP04040,Pune,Nagpur,Indore,General Network,Pune_Nagpur,Expressway,FTL Truck,348,0.38,Fog,0.392,0,0.41,2800,Economy,Midday,Tuesday,8.326,8.18,8.326,279.8,0,2024-06-04 13:00:00
SHP04041,Kolkata,Pune,,General Network,Kolkata_Pune,Expressway,FTL Truck,1538,0.11,Storm,0.294,3,,3200,Standard,Morning Rush,Thursday,40.73,22.764,40.73,1472.4,0,2024-01-04 06:00:00
SHP04042,Indore,Nagpur,Lucknow,General Network,Indore_Nagpur,City Road,FTL Truck,1273,0.37,Cloudy,0.57,5,0.87,1400,Express,Afternoon,Friday,49.383,48.0,49.383,780.7,1,2024-01-05 14:00:00
SHP04043,Coimbatore,Surat,Bangalore,General Network,Coimbatore_Surat,Highway,Mini Truck,2415,0.53,Clear,0.494,0,0.44,900,Express,Evening Rush,Wednesday,44.689,48.0,44.689,668.8,0,2024-12-18 20:00:00
SHP04044,Kochi,Ahmedabad,,General Network,Kochi_Ahmedabad,City Road,Express Van,168,0.7,Heavy Rain,0.6,0,0.45,800,Same-Day,Evening Rush,Sunday,10.217,10.132,10.217,362.6,0,2024-01-14 21:00:00
SHP04045,Surat,Vizag,Pune,General Network,Surat_Vizag,City Road,Mini Truck,2241,0.2,Storm,0.424,3,0.76,1800,Same-Day,Midday,Monday,155.547,24.0,155.547,5064.2,1,2024-11-11 12:00:00
SHP04046,Kolkata,Vadodara,,General Network,Kolkata_Vadodara,Rural,Mini Truck,123,0.34,Fog,0.412,4,0.52,3200,Standard,Afternoon,Thursday,7.237,6.813,7.237,252.0,0,2024-06-27 14:00:00
SHP04047,Nagpur,Delhi,,General Network,Nagpur_Delhi,City Road,Mini Truck,2196,0.9,Storm,0.876,6,0.84,1600,Standard,Evening Rush,Thursday,265.788,72.0,265.788,11764.4,1,2024-11-07 19:00:00
SHP04048,Chennai,Pune,,General Network,Chennai_Pune,Highway,Container,617,0.12,Clear,0.428,5,0.89,3500,Express,Afternoon,Friday,11.546,14.024,11.546,148.4,0,2024-07-26 16:00:00
SHP04049,Surat,Lucknow,,General Network,Surat_Lucknow,Rural,FTL Truck,2441,0.28,Clear,0.404,0,0.59,1800,Same-Day,Midday,Saturday,57.188,24.0,57.188,176.6,1,2024-10-12 10:00:00
SHP04050,Bhopal,Mumbai,,General Network,Bhopal_Mumbai,Rural,FTL Truck,2353,0.83,Heavy Rain,0.754,1,0.64,1200,Express,Midday,Friday,144.761,48.0,144.761,5548.3,1,2024-07-19 13:00:00
SHP04051,Lucknow,Pune,,General Network,Lucknow_Pune,Mixed,Mini Truck,620,0.86,Storm,0.64,2,0.31,2000,Economy,Afternoon,Thursday,48.669,16.765,48.669,2231.2,0,2024-03-28 17:00:00
SHP04052,Patna,Nagpur,,General Network,Patna_Nagpur,Rural,Express Van,1118,0.13,Cloudy,0.45,5,0.93,1100,Express,Afternoon,Thursday,26.672,29.206,26.672,304.1,0,2024-08-29 14:00:00
SHP04053,Ahmedabad,Hyderabad,,General Network,Ahmedabad_Hyderabad,Mixed,FTL Truck,847,0.27,Heavy Rain,0.482,1,0.8,2600,Express,Midday,Saturday,29.425,19.385,29.425,918.5,0,2024-04-27 10:00:00
SHP04054,Hyderabad,Vizag,,General Network,Hyderabad_Vizag,Mixed,FTL Truck,1857,0.71,Fog,0.826,5,1.0,3800,Economy,Morning Rush,Wednesday,82.835,41.48,82.835,3113.1,0,2024-02-28 06:00:00
SHP04055,Coimbatore,Lucknow,,General Network,Coimbatore_Lucknow,Highway,Container,1993,0.92,Clear,0.852,3,0.75,900,Economy,Midday,Wednesday,58.048,41.661,58.048,1724.4,0,2024-08-28 12:00:00
SHP04056,Lucknow,Hyderabad,,General Network,Lucknow_Hyderabad,Highway,Mini Truck,176,0.24,Heavy Rain,0.28,5,0.34,2000,Same-Day,Afternoon,Monday,6.701,6.586,6.701,255.4,0,2024-08-12 15:00:00
SHP04057,Kolkata,Ahmedabad,,General Network,Kolkata_Ahmedabad,Mixed,Container,2223,0.89,Clear,0.802,0,0.67,3200,Economy,Evening Rush,Friday,84.487,58.981,84.487,2453.9,0,2024-03-08 20:00:00
SHP04058,Pune,Coimbatore,Hyderabad,General Network,Pune_Coimbatore,Highway,FTL Truck,1001,0.93,Clear,0.694,1,0.34,2800,Same-Day,Morning Rush,Saturday,19.205,18.412,19.205,401.5,0,2024-02-10 08:00:00
SHP04059,Chandigarh,Coimbatore,,General Network,Chandigarh_Coimbatore,Highway,FTL Truck,1846,0.7,Cloudy,0.804,5,0.96,1000,Express,Night,Friday,39.312,31.299,39.312,974.2,0,2024-09-27 22:00:00
SHP04060,Hyderabad,Vadodara,,General Network,Hyderabad_Vadodara,City Road,FTL Truck,1541,0.14,Clear,0.192,2,0.27,3800,Standard,Night,Sunday,49.817,61.252,49.817,347.3,0,2024-05-26 22:00:00
SHP04061,Mumbai,Jaipur,Delhi,General Network,Mumbai_Jaipur,Mixed,FTL Truck,201,0.54,Clear,0.488,2,0.41,5000,Economy,Evening Rush,Tuesday,6.246,8.917,6.246,173.8,0,2024-05-07 18:00:00
SHP04062,Surat,Chandigarh,,General Network,Surat_Chandigarh,Expressway,Mini Truck,1080,0.25,Cloudy,0.522,6,0.93,1800,Standard,Midday,Saturday,20.558,20.619,20.558,475.6,0,2024-06-22 11:00:00
SHP04063,Chennai,Vizag,,General Network,Chennai_Vizag,Expressway,Carting Vehicle,2475,0.64,Cloudy,0.76,1,0.94,3500,Same-Day,Morning Rush,Wednesday,50.534,24.0,50.534,947.8,1,2024-05-29 07:00:00
SHP04064,Pune,Lucknow,Kochi,General Network,Pune_Lucknow,City Road,Mini Truck,1341,0.3,Heavy Rain,0.552,2,0.93,2800,Express,Afternoon,Monday,88.8,48.0,88.8,2773.7,1,2024-07-08 15:00:00
SHP04065,Vadodara,Indore,Chandigarh,General Network,Vadodara_Indore,Highway,Mini Truck,1706,0.54,Clear,0.684,4,0.9,750,Express,Midday,Sunday,33.219,31.897,33.219,571.5,0,2024-09-08 12:00:00
SHP04066,Chennai,Mumbai,,General Network,Chennai_Mumbai,Expressway,Container,244,0.12,Clear,0.472,2,1.0,3500,Economy,Afternoon,Friday,5.553,5.462,5.553,151.9,0,2024-02-09 14:00:00
SHP04067,Lucknow,Hyderabad,,General Network,Lucknow_Hyderabad,Highway,Mini Truck,1868,,Cloudy,0.672,4,0.99,2000,Standard,Afternoon,Friday,41.767,35.64,41.767,949.4,0,2024-05-31 14:00:00
SHP04068,Patna,Indore,,General Network,Patna_Indore,City Road,Container,2358,0.45,Cloudy,0.566,3,0.74,1100,Economy,Afternoon,Monday,134.693,104.06,134.693,3326.0,1,2024-05-13 17:00:00
SHP04069,Chandigarh,Coimbatore,Nagpur,General Network,Chandigarh_Coimbatore,Expressway,FTL Truck,229,0.33,Heavy Rain,0.39,6,0.48,1000,Same-Day,Morning Rush,Tuesday,7.738,4.474,7.738,319.6,0,2024-11-05 09:00:00
SHP04070,Bhopal,Surat,,General Network,Bhopal_Surat,City Road,Mini Truck,1748,0.7,,0.54,1,0.3,1200,Express,Evening Rush,Thursday,119.895,48.0,119.895,3864.2,1,2024-05-16 19:00:00
SHP04071,Vadodara,Ahmedabad,Bangalore,General Network,Vadodara_Ahmedabad,City Road,Container,2014,0.41,Fog,0.558,1,0.78,750,Express,Morning Rush,Thursday,125.647,48.0,125.647,3477.0,1,2024-12-12 09:00:00
SHP04072,Ahmedabad,Nagpur,Vizag,General Network,Ahmedabad_Nagpur,Highway,Container,381,0.98,Cloudy,0.768,2,0.45,2600,Economy,Morning Rush,Thursday,13.898,8.58,13.898,497.7,0,2024-10-24 06:00:00
SHP04073,Ahmedabad,Patna,,General Network,Ahmedabad_Patna,Mixed,Carting Vehicle,2007,0.51,Rain,0.634,2,0.82,2600,Express,Midday,Sunday,81.8,48.0,81.8,2232.0,1,2024-09-01 12:00:00
SHP04074,Lucknow,Mumbai,,General Network,Lucknow_Mumbai,Highway,FTL Truck,463,0.85,Fog,0.706,1,0.49,2000,Standard,Evening Rush,Tuesday,15.388,10.438,15.388,576.0,0,2024-07-30 21:00:00
SHP04075,Chennai,Kochi,Coimbatore,General Network,Chennai_Kochi,Expressway,Express Van,1022,0.28,Heavy Rain,0.412,3,0.61,3500,Same-Day,Midday,Saturday,19.273,14.913,19.273,595.1,0,2024-01-13 12:00:00
SHP04076,Patna,Chandigarh,Hyderabad,General Network,Patna_Chandigarh,City Road,Carting Vehicle,1205,0.31,Storm,0.398,0,0.53,1100,Same-Day,Morning Rush,Monday,107.146,24.0,107.146,3674.5,1,2024-09-02 06:00:00
SHP04077,Delhi,Ahmedabad,Vadodara,General Network,Delhi_Ahmedabad,Rural,FTL Truck,1960,0.24,Cloudy,0.528,4,0.96,4800,Same-Day,Evening Rush,Sunday,50.637,24.0,50.637,424.9,1,2024-05-26 21:00:00
SHP04078,Patna,Delhi,Hyderabad,General Network,Patna_Delhi,Highway,Container,598,0.51,Cloudy,0.446,0,0.35,1100,Standard,Night,Friday,14.298,12.573,14.298,330.2,0,2024-01-05 22:00:00
SHP04079,Nagpur,Pune,,General Network,Nagpur_Pune,Rural,Mini Truck,1444,0.98,Storm,0.676,6,0.22,1600,Express,Morning Rush,Monday,131.33,48.0,131.33,5740.5,1,2024-05-27 08:00:00
SHP04080,Indore,Hyderabad,,General Network,Indore_Hyderabad,Mixed,Container,221,0.34,Rain,0.424,3,0.55,1400,Standard,Midday,Friday,9.418,7.305,9.418,305.1,0,2024-02-02 12:00:00
SHP04081,Chandigarh,Bhopal,,General Network,Chandigarh_Bhopal,Mixed,Container,613,0.65,Rain,0.53,3,0.35,1000,Express,Midday,Tuesday,24.03,18.232,24.03,720.7,0,2024-02-20 11:00:00
SHP04082,Indore,Kochi,,General Network,Indore_Kochi,Rural,Container,937,0.45,Heavy Rain,0.574,5,0.76,1400,Economy,Night,Monday,70.239,35.298,70.239,2744.5,0,2024-07-15 22:00:00
SHP04083,Coimbatore,Surat,Nagpur,General Network,Coimbatore_Surat,Mixed,Mini Truck,1014,0.41,Storm,0.362,3,0.29,900,Economy,Morning Rush,Monday,62.386,28.406,62.386,2616.5,0,2024-09-23 06:00:00
SHP04084,Chennai,Bangalore,,Southern Corridor,Chennai_Bangalore,Mixed,Mini Truck,731,0.93,Rain,0.678,0,0.3,3500,Express,Afternoon,Thursday,30.394,20.736,30.394,1011.4,0,2024-06-13 16:00:00
SHP04085,Vizag,Coimbatore,,General Network,Vizag_Coimbatore,Highway,Express Van,1928,0.22,Storm,0.488,5,0.89,850,Express,Evening Rush,Tuesday,53.033,32.128,53.033,1924.6,1,2024-01-09 19:00:00
SHP04086,Patna,Delhi,,General Network,Patna_Delhi,Expressway,FTL Truck,2049,0.94,Cloudy,0.668,5,0.26,1100,Same-Day,Morning Rush,Tuesday,36.74,24.0,36.74,910.3,1,2024-11-12 07:00:00
SHP04087,Surat,Patna,Bangalore,General Network,Surat_Patna,Highway,Carting Vehicle,2103,0.32,Heavy Rain,0.508,3,0.79,1800,Express,Evening Rush,Tuesday,74.499,46.756,74.499,2367.0,1,2024-10-15 21:00:00
SHP04088,Bangalore,Pune,,General Network,Bangalore_Pune,Highway,Mini Truck,386,0.25,Storm,0.266,1,0.29,4200,Express,Midday,Thursday,14.39,8.352,14.39,541.7,0,2024-10-31 13:00:00
SHP04089,Kochi,Hyderabad,Kolkata,General Network,Kochi_Hyderabad,Expressway,Express Van,1488,0.92,Cloudy,0.636,5,0.21,800,Express,Evening Rush,Monday,25.516,21.834,25.516,713.8,0,2024-07-15 19:00:00
SHP04090,Kochi,Vadodara,Coimbatore,General Network,Kochi_Vadodara,Expressway,Container,643,0.12,Heavy Rain,0.424,2,0.88,800,Express,Morning Rush,Friday,15.806,15.058,15.806,470.6,0,2024-11-15 08:00:00
SHP04091,Mumbai,Delhi,,Western Corridor,Mumbai_Delhi,City Road,FTL Truck,1760,0.67,Cloudy,0.746,5,0.86,5000,Economy,Evening Rush,Saturday,98.71,66.657,98.71,2905.4,0,2024-02-03 20:00:00
SHP04092,Ahmedabad,Bhopal,Bangalore,General Network,Ahmedabad_Bhopal,Highway,Container,1153,0.3,Cloudy,0.436,4,0.64,2600,Express,Evening Rush,Friday,23.474,25.658,23.474,391.1,0,2024-10-25 20:00:00
SHP04093,Surat,Kolkata,,General Network,Surat_Kolkata,City Road,Container,1675,0.62,Fog,0.5,0,0.32,1800,Same-Day,Morning Rush,Thursday,107.928,24.0,107.928,3097.5,1,2024-12-26 06:00:00
SHP04094,Ahmedabad,Chennai,,General Network,Ahmedabad_Chennai,City Road,Express Van,443,0.36,Rain,0.368,0,0.38,2600,Economy,Midday,Thursday,22.841,17.62,22.841,710.1,0,2024-06-20 13:00:00
SHP04095,Pune,Hyderabad,Delhi,General Network,Pune_Hyderabad,Expressway,Container,401,0.11,Rain,0.202,4,0.34,2800,Standard,Morning Rush,Sunday,8.847,8.654,8.847,232.9,0,2024-11-03 07:00:00
SHP04096,Delhi,Bhopal,,General Network,Delhi_Bhopal,Expressway,Carting Vehicle,1683,0.36,Fog,0.476,0,,4800,Standard,Morning Rush,Friday,45.933,33.289,45.933,1338.7,0,2024-03-15 09:00:00
SHP04097,Chandigarh,Lucknow,,General Network,Chandigarh_Lucknow,Expressway,Mini Truck,1892,0.26,Cloudy,0.332,0,0.44,1000,Economy,Midday,Saturday,33.125,33.272,33.125,659.8,0,2024-11-23 12:00:00
SHP04098,Indore,Kochi,Vizag,General Network,Indore_Kochi,Mixed,FTL Truck,1314,0.99,Storm,0.742,5,0.37,1400,Economy,Midday,Wednesday,98.38,29.535,98.38,4588.8,0,2024-09-18 12:00:00
SHP04099,Hyderabad,Ahmedabad,,General Network,Hyderabad_Ahmedabad,Expressway,Carting Vehicle,220,0.97,Fog,0.758,5,0.44,3800,Same-Day,Evening Rush,Thursday,9.257,6.448,9.257,370.2,0,2024-03-28 18:00:00
SHP04100,Indore,Nagpur,,General Network,Indore_Nagpur,City Road,Express Van,901,0.32,Fog,0.584,0,0.98,1400,Standard,Evening Rush,Saturday,43.41,33.67,43.41,1261.5,0,2024-11-16 19:00:00
SHP04101,Mumbai,Nagpur,,General Network,Mumbai_Nagpur,Highway,FTL Truck,95,0.91,Clear,0.854,2,0.77,5000,Standard,Midday,Friday,3.82,3.63,3.82,158.0,0,2024-08-02 10:00:00
SHP04102,Bhopal,Chandigarh,Jaipur,General Network,Bhopal_Chandigarh,Rural,Express Van,1461,0.62,Cloudy,0.748,5,0.94,1200,Standard,Evening Rush,Tuesday,48.655,40.626,48.655,1225.4,0,2024-04-30 21:00:00
SHP04103,Patna,Lucknow,,General Network,Patna_Lucknow,City Road,Container,1412,0.63,Storm,0.658,4,0.7,1100,Same-Day,Afternoon,Sunday,135.712,24.0,135.712,5295.0,1,2024-09-29 15:00:00
SHP04104,Nagpur,Bhopal,,General Network,Nagpur_Bhopal,City Road,Mini Truck,2411,0.13,Storm,0.222,5,0.36,1600,Standard,Evening Rush,Sunday,189.034,72.0,189.034,6749.7,1,2024-10-20 21:00:00
SHP04105,Vadodara,Lucknow,Pune,General Network,Vadodara_Lucknow,Highway,Carting Vehicle,1547,0.49,Storm,0.446,5,0.38,750,Economy,Midday,Saturday,90.491,37.26,90.491,3882.5,0,2024-03-23 12:00:00
SHP04106,Delhi,Kolkata,,Northern-Eastern Corridor,Delhi_Kolkata,Rural,FTL Truck,2235,0.69,Cloudy,0.742,4,0.82,4800,Standard,Morning Rush,Saturday,86.147,67.224,86.147,2188.8,1,2024-12-21 07:00:00
SHP04107,Vizag,Kolkata,,General Network,Vizag_Kolkata,Rural,Mini Truck,1928,0.55,Cloudy,0.41,4,0.2,850,Same-Day,Midday,Friday,66.027,24.0,66.027,1105.3,1,2024-03-01 10:00:00
SHP04108,Patna,Vizag,,General Network,Patna_Vizag,Mixed,Mini Truck,2190,0.68,Storm,0.612,3,0.51,1100,Standard,Midday,Wednesday,139.194,54.363,139.194,5918.3,1,2024-05-01 13:00:00
SHP04109,Coimbatore,Lucknow,,General Network,Coimbatore_Lucknow,Rural,FTL Truck,1397,0.18,Rain,0.368,6,0.65,900,Economy,Evening Rush,Monday,58.502,44.08,58.502,1647.5,0,2024-02-12 20:00:00
SHP04110,Lucknow,Jaipur,Ahmedabad,General Network,Lucknow_Jaipur,Rural,Express Van,1156,0.94,Storm,0.768,0,0.51,2000,Standard,Midday,Friday,86.154,32.606,86.154,3828.9,1,2024-10-04 12:00:00
SHP04111,Hyderabad,Chennai,,Deccan-Southern Corridor,Hyderabad_Chennai,Mixed,Mini Truck,528,0.83,Clear,0.674,4,0.44,3800,Economy,Evening Rush,Thursday,20.442,14.223,20.442,639.9,0,2024-02-01 20:00:00
SHP04112,Coimbatore,Nagpur,Hyderabad,General Network,Coimbatore_Nagpur,Highway,FTL Truck,311,0.68,Heavy Rain,0.624,0,0.54,900,Same-Day,Afternoon,Monday,9.905,9.937,9.905,361.1,0,2024-05-27 15:00:00
SHP04113,Coimbatore,Kolkata,,General Network,Coimbatore_Kolkata,Expressway,Carting Vehicle,558,0.9,Cloudy,0.82,0,0.7,900,Same-Day,Afternoon,Sunday,13.291,13.57,13.291,327.6,0,2024-03-24 14:00:00
SHP04114,Ahmedabad,Hyderabad,Vadodara,General Network,Ahmedabad_Hyderabad,Rural,Mini Truck,538,0.37,Fog,0.478,4,0.64,2600,Same-Day,Midday,Thursday,23.091,20.593,23.091,588.4,0,2024-04-11 13:00:00
SHP04115,Kolkata,Ahmedabad,Coimbatore,General Network,Kolkata_Ahmedabad,Mixed,Container,1677,0.54,Fog,0.532,2,0.52,3200,Standard,Midday,Tuesday,72.289,46.755,72.289,2364.4,1,2024-11-05 11:00:00
SHP04116,Bhopal,Vizag,,General Network,Bhopal_Vizag,Highway,Express Van,390,0.52,Heavy Rain,0.576,2,0.66,1200,Express,Evening Rush,Sunday,10.948,8.184,10.948,402.5,0,2024-08-04 21:00:00
SHP04117,Hyderabad,Chennai,Vadodara,Deccan-Southern Corridor,Hyderabad_Chennai,City Road,FTL Truck,1225,0.49,Storm,0.57,6,0.69,3800,Economy,Evening Rush,Saturday,123.122,47.918,123.122,5287.3,1,2024-12-07 21:00:00
SHP04118,Chandigarh,Surat,,General Network,Chandigarh_Surat,Highway,Container,1016,0.63,Clear,0.538,1,0.4,1000,Same-Day,Morning Rush,Thursday,19.917,22.892,19.917,298.5,0,2024-08-08 06:00:00
SHP04119,Lucknow,Jaipur,Coimbatore,General Network,Lucknow_Jaipur,Expressway,Container,424,0.62,Clear,0.6,5,0.57,2000,Same-Day,Morning Rush,Saturday,8.574,10.611,8.574,199.4,0,2024-07-20 08:00:00
SHP04120,Patna,Lucknow,,General Network,Patna_Lucknow,Highway,FTL Truck,1113,0.85,Fog,0.634,3,0.31,1100,Same-Day,Midday,Sunday,31.377,22.941,31.377,1047.9,1,2024-03-10 13:00:00
SHP04121,Hyderabad,Chandigarh,Bhopal,General Network,Hyderabad_Chandigarh,Expressway,Carting Vehicle,1954,0.73,Fog,0.538,6,0.25,3800,Economy,Evening Rush,Thursday,74.241,39.367,74.241,2809.0,0,2024-03-07 19:00:00
SHP04122,Vadodara,Bangalore,,General Network,Vadodara_Bangalore,Expressway,Container,1947,,Rain,0.494,1,0.71,750,Express,Afternoon,Sunday,41.545,32.388,41.545,1046.0,0,2024-06-09 14:00:00
SHP04123,Delhi,Bangalore,Coimbatore,General Network,Delhi_Bangalore,Expressway,Carting Vehicle,2410,0.82,Fog,0.572,1,0.2,4800,Economy,Afternoon,Friday,94.43,45.957,94.43,3636.3,0,2024-07-19 14:00:00
SHP04124,Bhopal,Hyderabad,Patna,General Network,Bhopal_Hyderabad,Mixed,FTL Truck,2399,0.93,Cloudy,0.69,6,0.33,1200,Economy,Morning Rush,Sunday,88.094,56.09,88.094,2886.7,0,2024-05-05 09:00:00
SHP04125,Vizag,Patna,,General Network,Vizag_Patna,City Road,FTL Truck,2320,0.5,Rain,0.628,2,,850,Same-Day,Midday,Monday,112.981,24.0,112.981,2801.7,1,2024-09-16 10:00:00
SHP04126,Jaipur,Pune,,General Network,Jaipur_Pune,City Road,Carting Vehicle,1973,1.0,Fog,0.836,0,0.59,2200,Standard,Evening Rush,Wednesday,203.596,72.0,203.596,7706.1,1,2024-03-27 21:00:00
SHP04127,Jaipur,Pune,Chandigarh,General Network,Jaipur_Pune,Expressway,Carting Vehicle,428,0.34,Fog,0.432,4,0.57,2200,Economy,Afternoon,Saturday,14.409,10.993,14.409,504.1,0,2024-10-19 17:00:00
SHP04128,Lucknow,Chandigarh,Surat,General Network,Lucknow_Chandigarh,Highway,Container,1477,0.81,Rain,0.842,3,0.89,2000,Same-Day,Midday,Saturday,43.887,24.0,43.887,1330.0,1,2024-11-16 12:00:00
SHP04129,Nagpur,Bhopal,,General Network,Nagpur_Bhopal,Mixed,Carting Vehicle,2050,0.22,Fog,0.528,0,0.99,1600,Express,Morning Rush,Sunday,75.211,48.0,75.211,1779.3,1,2024-10-06 09:00:00
SHP04130,Delhi,Ahmedabad,Bangalore,General Network,Delhi_Ahmedabad,City Road,Mini Truck,1108,0.42,Rain,0.536,4,0.71,4800,Economy,Afternoon,Friday,75.804,47.653,75.804,2437.8,0,2024-09-20 15:00:00
SHP04131,Vizag,Bhopal,,General Network,Vizag_Bhopal,Expressway,Carting Vehicle,1037,0.55,Storm,0.666,1,0.84,850,Standard,Evening Rush,Monday,47.184,21.919,47.184,1957.8,0,2024-12-30 18:00:00
SHP04132,Patna,Surat,,General Network,Patna_Surat,Mixed,Carting Vehicle,2202,0.42,,0.452,4,0.5,1100,Express,Evening Rush,Tuesday,134.184,48.0,134.184,5115.1,1,2024-07-23 21:00:00
SHP04133,Chandigarh,Ahmedabad,,General Network,Chandigarh_Ahmedabad,Highway,Carting Vehicle,1953,0.62,Fog,0.612,0,0.6,1000,Same-Day,Afternoon,Friday,62.352,24.0,62.352,1788.1,1,2024-12-06 14:00:00
SHP04134,Ahmedabad,Bhopal,,General Network,Ahmedabad_Bhopal,City Road,FTL Truck,1622,0.9,Cloudy,0.732,2,,2600,Standard,Midday,Friday,88.575,63.591,88.575,2533.9,1,2024-02-16 11:00:00
SHP04135,Vizag,Bhopal,Surat,General Network,Vizag_Bhopal,Expressway,Container,2459,0.33,Cloudy,0.318,5,0.3,850,Standard,Morning Rush,Friday,44.584,43.281,44.584,847.9,0,2024-12-13 09:00:00
SHP04136,Coimbatore,Delhi,Surat,General Network,Coimbatore_Delhi,City Road,Carting Vehicle,767,0.18,Clear,0.388,5,0.7,900,Express,Evening Rush,Friday,33.09,41.168,33.09,232.2,0,2024-10-18 19:00:00
SHP04137,Vadodara,Hyderabad,Patna,General Network,Vadodara_Hyderabad,Highway,Carting Vehicle,999,0.39,Clear,0.546,3,0.78,750,Same-Day,Night,Saturday,20.374,24.0,20.374,223.4,0,2024-04-06 22:00:00
SHP04138,Surat,Kochi,,General Network,Surat_Kochi,Rural,Carting Vehicle,1260,0.26,Rain,0.316,2,0.4,1800,Economy,Evening Rush,Sunday,72.03,49.536,72.03,2081.8,0,2024-06-16 19:00:00
SHP04139,Surat,Jaipur,Nagpur,General Network,Surat_Jaipur,Highway,Carting Vehicle,2425,0.19,Fog,0.418,1,0.76,1800,Same-Day,Evening Rush,Tuesday,60.285,24.0,60.285,1192.1,1,2024-07-30 21:00:00
SHP04140,Jaipur,Patna,,General Network,Jaipur_Patna,Highway,Carting Vehicle,1923,0.23,Storm,0.314,0,0.44,2200,Economy,Afternoon,Friday,94.441,45.484,94.441,3743.5,0,2024-08-16 14:00:00
SHP04141,Mumbai,Hyderabad,Bangalore,General Network,Mumbai_Hyderabad,Mixed,Mini Truck,1696,0.82,,0.852,3,0.9,5000,Same-Day,Midday,Wednesday,99.661,24.0,99.661,4095.2,1,2024-02-14 10:00:00
SHP04142,Vizag,Jaipur,Kochi,General Network,Vizag_Jaipur,Expressway,Carting Vehicle,1653,0.89,Heavy Rain,0.858,2,0.81,850,Same-Day,Morning Rush,Sunday,62.29,24.0,62.29,2345.4,1,2024-09-29 07:00:00
SHP04143,Coimbatore,Bangalore,Chandigarh,General Network,Coimbatore_Bangalore,Rural,Mini Truck,1411,0.19,Storm,0.482,5,0.92,900,Express,Afternoon,Tuesday,82.963,48.0,82.963,2887.4,1,2024-08-20 16:00:00
SHP04144,Surat,Hyderabad,Chandigarh,General Network,Surat_Hyderabad,City Road,Container,1358,0.11,Clear,0.278,3,0.53,1800,Economy,Morning Rush,Friday,56.905,61.141,56.905,675.5,0,2024-12-27 08:00:00
SHP04145,Coimbatore,Jaipur,Vizag,General Network,Coimbatore_Jaipur,City Road,Carting Vehicle,482,0.49,Heavy Rain,0.55,4,0.64,900,Express,Evening Rush,Sunday,44.779,26.326,44.779,1585.0,0,2024-03-24 20:00:00
SHP04146,Vizag,Chennai,,General Network,Vizag_Chennai,Mixed,Express Van,1083,0.87,Rain,0.722,6,0.5,850,Standard,Afternoon,Tuesday,38.684,24.453,38.684,1379.3,0,2024-01-30 15:00:00
SHP04147,Vizag,Bhopal,Ahmedabad,General Network,Vizag_Bhopal,Expressway,FTL Truck,1224,0.89,Storm,0.746,6,0.53,850,Economy,Morning Rush,Monday,56.687,20.397,56.687,2628.2,0,2024-10-21 08:00:00
SHP04148,Bhopal,Pune,,General Network,Bhopal_Pune,City Road,Carting Vehicle,102,0.65,Cloudy,0.662,4,0.68,1200,Standard,Evening Rush,Monday,8.205,6.655,8.205,259.2,0,2024-01-22 19:00:00
SHP04149,Ahmedabad,Kochi,Bangalore,General Network,Ahmedabad_Kochi,Expressway,Express Van,1921,0.16,Heavy Rain,0.312,1,0.54,2600,Economy,Evening Rush,Friday,41.309,26.744,41.309,1423.5,0,2024-03-29 21:00:00
SHP04150,Lucknow,Ahmedabad,Vizag,General Network,Lucknow_Ahmedabad,Mixed,Express Van,171,0.84,Cloudy,0.692,1,0.47,2000,Economy,Morning Rush,Friday,6.327,7.526,6.327,230.9,0,2024-01-19 09:00:00
SHP04151,Chennai,Indore,Coimbatore,General Network,Chennai_Indore,Highway,Mini Truck,793,0.15,Clear,0.222,6,,3500,Express,Afternoon,Saturday,14.222,18.869,14.222,192.5,0,2024-08-17 14:00:00
SHP04152,Indore,Patna,,General Network,Indore_Patna,City Road,FTL Truck,2135,0.58,Fog,0.612,1,0.66,1400,Same-Day,Midday,Monday,115.292,24.0,115.292,3257.5,1,2024-09-23 11:00:00
SHP04153,Nagpur,Vadodara,Coimbatore,General Network,Nagpur_Vadodara,Rural,Carting Vehicle,457,0.52,Heavy Rain,0.676,0,0.91,1600,Express,Evening Rush,Monday,32.399,20.539,32.399,1131.5,0,2024-11-11 18:00:00
SHP04154,Chennai,Bangalore,Coimbatore,Southern Corridor,Chennai_Bangalore,Mixed,FTL Truck,1953,,Cloudy,0.616,4,0.22,3500,Same-Day,Evening Rush,Monday,53.376,24.0,53.376,1249.5,1,2024-02-26 20:00:00
SHP04155,Indore,Bangalore,Lucknow,General Network,Indore_Bangalore,City Road,Express Van,2473,0.24,Rain,0.532,3,0.97,1400,Express,Evening Rush,Sunday,96.432,48.0,96.432,2099.5,1,2024-03-24 20:00:00
SHP04156,Patna,Nagpur,Vizag,General Network,Patna_Nagpur,City Road,Container,465,0.72,Fog,0.556,0,0.31,1100,Economy,Midday,Saturday,41.475,25.303,41.475,1550.7,0,2024-11-09 11:00:00
SHP04157,Vadodara,Kolkata,Indore,General Network,Vadodara_Kolkata,Rural,Container,1660,0.47,Storm,0.574,0,0.73,750,Economy,Afternoon,Tuesday,148.368,59.523,148.368,6298.2,1,2024-07-23 17:00:00
SHP04158,Mumbai,Jaipur,,General Network,Mumbai_Jaipur,Rural,Container,311,0.19,Rain,0.466,5,0.88,5000,Same-Day,Evening Rush,Monday,13.928,12.992,13.928,347.8,0,2024-12-16 21:00:00
SHP04159,Kolkata,Chennai,,General Network,Kolkata_Chennai,City Road,FTL Truck,989,0.58,Heavy Rain,0.516,5,0.42,3200,Standard,Midday,Monday,75.649,40.617,75.649,2843.5,1,2024-11-04 13:00:00
SHP04160,Hyderabad,Jaipur,,General Network,Hyderabad_Jaipur,Expressway,FTL Truck,2267,0.64,Fog,0.664,3,0.7,3800,Standard,Midday,Monday,55.021,34.328,55.021,1869.5,0,2024-07-15 12:00:00
SHP04161,Vadodara,Chennai,,General Network,Vadodara_Chennai,Expressway,Mini Truck,2063,0.59,Rain,0.442,6,0.22,750,Standard,Afternoon,Tuesday,50.824,32.449,50.824,1601.7,0,2024-04-16 16:00:00
SHP04162,Bangalore,Coimbatore,,General Network,Bangalore_Coimbatore,Highway,FTL Truck,1574,0.69,Cloudy,0.606,2,0.48,4200,Standard,Morning Rush,Friday,34.751,28.752,34.751,904.6,0,2024-09-27 06:00:00
SHP04163,Delhi,Nagpur,,General Network,Delhi_Nagpur,City Road,Carting Vehicle,1176,0.3,Fog,0.372,5,0.48,4800,Same-Day,Midday,Monday,73.408,24.0,73.408,1716.5,1,2024-02-12 11:00:00
SHP04164,Pune,Mumbai,,Mumbai-Pune Expressway,Pune_Mumbai,City Road,Carting Vehicle,394,0.72,Rain,0.58,5,0.37,2800,Express,Morning Rush,Wednesday,32.674,24.087,32.674,1059.8,0,2024-10-23 06:00:00
SHP04165,Chandigarh,Jaipur,,General Network,Chandigarh_Jaipur,Rural,FTL Truck,576,0.64,Heavy Rain,0.696,0,0.78,1000,Express,Evening Rush,Saturday,32.543,20.869,32.543,1184.6,0,2024-10-12 21:00:00
SHP04166,Indore,Coimbatore,Bangalore,General Network,Indore_Coimbatore,Mixed,Carting Vehicle,878,0.99,Rain,0.738,5,0.36,1400,Same-Day,Evening Rush,Monday,43.297,24.0,43.297,1427.2,1,2024-04-22 20:00:00
SHP04167,Bangalore,Vizag,,General Network,Bangalore_Vizag,Highway,Mini Truck,2069,0.88,Cloudy,0.672,1,0.36,4200,Express,Morning Rush,Wednesday,50.157,41.243,50.157,1285.3,1,2024-07-10 09:00:00
SHP04168,Chennai,Bhopal,,General Network,Chennai_Bhopal,City Road,Container,1557,0.78,Storm,0.816,6,0.87,3500,Economy,Afternoon,Wednesday,212.472,72.286,212.472,9608.2,1,2024-03-27 17:00:00
SHP04169,Ahmedabad,Mumbai,,Gujarat-Maharashtra Corridor,Ahmedabad_Mumbai,City Road,Mini Truck,1058,0.81,Rain,0.566,3,0.2,2600,Express,Night,Sunday,72.788,48.0,72.788,2352.0,1,2024-03-10 22:00:00
SHP04170,Hyderabad,Pune,,General Network,Hyderabad_Pune,Mixed,FTL Truck,365,0.63,Rain,0.614,0,,3800,Standard,Afternoon,Wednesday,13.333,11.33,13.333,435.0,0,2024-12-25 14:00:00
SHP04171,Kochi,Vadodara,Delhi,General Network,Kochi_Vadodara,Expressway,Mini Truck,1652,0.87,Rain,0.782,2,0.65,800,Economy,Morning Rush,Wednesday,53.587,28.755,53.587,2055.9,0,2024-08-14 08:00:00
SHP04172,Ahmedabad,Kolkata,,General Network,Ahmedabad_Kolkata,Mixed,Express Van,2329,0.26,Cloudy,0.288,1,0.33,2600,Same-Day,Midday,Saturday,38.657,24.0,38.657,294.2,1,2024-05-04 13:00:00
SHP04173,Delhi,Bangalore,Coimbatore,General Network,Delhi_Bangalore,Rural,Container,646,0.4,Storm,0.32,0,0.2,4800,Express,Midday,Sunday,45.035,25.525,45.035,1688.8,0,2024-01-14 11:00:00
SHP04174,Nagpur,Hyderabad,Kochi,General Network,Nagpur_Hyderabad,Highway,Express Van,2201,0.42,Clear,0.524,0,0.68,1600,Express,Morning Rush,Friday,30.528,32.992,30.528,396.2,0,2024-11-22 09:00:00
SHP04175,Chandigarh,Lucknow,,General Network,Chandigarh_Lucknow,Rural,Carting Vehicle,1807,0.11,Cloudy,0.218,2,0.38,1000,Economy,Evening Rush,Saturday,73.568,74.556,73.568,1201.6,0,2024-09-07 18:00:00
SHP04176,Kolkata,Nagpur,,General Network,Kolkata_Nagpur,City Road,Container,1174,0.5,Heavy Rain,0.504,6,0.51,3200,Express,Midday,Monday,94.093,48.0,94.093,3277.9,1,2024-05-20 10:00:00
SHP04177,Ahmedabad,Coimbatore,Pune,General Network,Ahmedabad_Coimbatore,Rural,FTL Truck,1298,0.82,Heavy Rain,0.652,6,0.4,2600,Same-Day,Afternoon,Saturday,74.47,24.0,74.47,2737.5,1,2024-11-09 17:00:00
SHP04178,Patna,Chennai,,General Network,Patna_Chennai,Mixed,Carting Vehicle,2318,0.58,Fog,0.52,6,0.43,1100,Same-Day,Evening Rush,Saturday,98.686,24.0,98.686,2830.5,1,2024-07-06 19:00:00
SHP04179,Coimbatore,Mumbai,,General Network,Coimbatore_Mumbai,City Road,Carting Vehicle,1259,0.16,Storm,0.42,0,0.81,900,Same-Day,Afternoon,Sunday,102.688,24.0,102.688,3283.5,1,2024-07-07 17:00:00
SHP04180,Indore,Jaipur,Ahmedabad,General Network,Indore_Jaipur,Mixed,Carting Vehicle,2229,0.88,Heavy Rain,0.652,0,0.31,1400,Standard,Night,Saturday,151.976,68.304,151.976,6146.6,1,2024-12-07 22:00:00
SHP04181,Nagpur,Jaipur,Surat,General Network,Nagpur_Jaipur,Highway,Mini Truck,2344,0.62,Cloudy,0.676,3,0.76,1600,Standard,Midday,Friday,55.37,44.858,55.37,1368.9,0,2024-03-15 10:00:00
SHP04182,Bhopal,Kolkata,,General Network,Bhopal_Kolkata,Expressway,Mini Truck,1933,0.21,Rain,0.418,5,0.73,1200,Same-Day,Morning Rush,Tuesday,35.124,24.0,35.124,751.0,1,2024-06-25 08:00:00
SHP04183,Hyderabad,Chandigarh,Delhi,General Network,Hyderabad_Chandigarh,Rural,Mini Truck,277,0.94,Storm,0.864,3,0.75,3800,Same-Day,Afternoon,Wednesday,24.276,10.286,24.276,1046.2,1,2024-04-24 16:00:00
SHP04184,Bhopal,Vizag,,General Network,Bhopal_Vizag,Rural,FTL Truck,137,,Rain,0.592,2,0.76,1200,Economy,Night,Tuesday,8.181,6.5,8.181,308.2,0,2024-03-19 22:00:00
SHP04185,Delhi,Mumbai,,Western Corridor,Delhi_Mumbai,Expressway,FTL Truck,685,0.49,Clear,0.47,0,0.44,4800,Standard,Night,Sunday,10.422,12.859,10.422,192.7,0,2024-11-17 22:00:00
SHP04186,Delhi,Kochi,,General Network,Delhi_Kochi,Mixed,Container,1687,0.37,Clear,0.506,2,0.71,4800,Same-Day,Midday,Saturday,37.547,24.0,37.547,268.1,1,2024-03-30 10:00:00
SHP04187,Delhi,Patna,,General Network,Delhi_Patna,Mixed,Container,768,0.26,Clear,0.468,3,0.78,4800,Express,Midday,Thursday,18.393,22.35,18.393,200.1,0,2024-03-14 12:00:00
SHP04188,Kochi,Bhopal,Chandigarh,General Network,Kochi_Bhopal,Expressway,Mini Truck,2384,0.47,Rain,0.482,2,0.5,800,Economy,Night,Wednesday,61.367,40.543,61.367,2009.0,0,2024-12-04 22:00:00
SHP04189,Chennai,Bangalore,Chandigarh,Southern Corridor,Chennai_Bangalore,Mixed,Carting Vehicle,2279,0.35,Fog,0.454,0,0.61,3500,Economy,Evening Rush,Monday,109.561,70.192,109.561,3535.0,0,2024-05-13 20:00:00
SHP04190,Patna,Pune,,General Network,Patna_Pune,City Road,Carting Vehicle,1015,0.48,Heavy Rain,0.476,5,0.47,1100,Standard,Midday,Wednesday,98.665,52.834,98.665,3599.9,1,2024-01-24 11:00:00
SHP04191,Vizag,Hyderabad,,General Network,Vizag_Hyderabad,Highway,Container,1764,0.99,Heavy Rain,0.778,4,0.46,850,Same-Day,Morning Rush,Monday,72.743,24.0,72.743,2808.1,1,2024-06-24 09:00:00
SHP04192,Ahmedabad,Bangalore,Nagpur,General Network,Ahmedabad_Bangalore,Rural,Express Van,707,0.25,Storm,0.49,4,0.85,2600,Standard,Morning Rush,Monday,38.006,21.868,38.006,1460.6,0,2024-12-16 09:00:00
SHP04193,Pune,Kochi,,General Network,Pune_Kochi,City Road,FTL Truck,601,0.57,Rain,0.654,5,0.78,2800,Standard,Midday,Tuesday,36.958,24.762,36.958,1187.2,0,2024-06-04 10:00:00
SHP04194,Vizag,Pune,Coimbatore,General Network,Vizag_Pune,Rural,Carting Vehicle,662,0.57,Fog,0.534,6,0.48,850,Same-Day,Morning Rush,Thursday,38.486,24.0,38.486,1132.3,1,2024-11-28 08:00:00
SHP04195,Indore,Lucknow,,General Network,Indore_Lucknow,City Road,Container,285,0.2,Cloudy,0.484,5,0.91,1400,Economy,Evening Rush,Friday,16.537,13.732,16.537,417.4,0,2024-08-23 20:00:00
SHP04196,Hyderabad,Bangalore,Delhi,General Network,Hyderabad_Bangalore,Highway,FTL Truck,1691,0.43,Heavy Rain,0.43,6,0.43,3800,Standard,Evening Rush,Saturday,53.9,31.49,53.9,1965.8,0,2024-03-02 21:00:00
SHP04197,Kochi,Vizag,Coimbatore,General Network,Kochi_Vizag,Rural,Mini Truck,1202,0.8,Clear,0.764,4,0.71,800,Express,Evening Rush,Tuesday,47.749,42.014,47.749,1084.2,0,2024-11-12 21:00:00
SHP04198,Bhopal,Kolkata,Nagpur,General Network,Bhopal_Kolkata,Rural,FTL Truck,2328,0.43,Storm,0.414,4,0.39,1200,Economy,Morning Rush,Saturday,173.243,70.795,173.243,7290.6,1,2024-06-22 06:00:00
SHP04199,Indore,Vadodara,,General Network,Indore_Vadodara,Expressway,Carting Vehicle,2097,0.57,Clear,0.494,6,0.38,1400,Economy,Morning Rush,Wednesday,50.807,43.096,50.807,1282.5,0,2024-08-28 08:00:00
SHP04200,Bangalore,Ahmedabad,,General Network,Bangalore_Ahmedabad,Expressway,Express Van,566,0.27,Cloudy,0.278,1,0.29,4200,Same-Day,Evening Rush,Saturday,6.296,9.691,6.296,66.9,0,2024-01-27 19:00:00
SHP04201,Lucknow,Nagpur,,General Network,Lucknow_Nagpur,Rural,Container,1260,0.77,Heavy Rain,0.722,0,0.65,2000,Express,Morning Rush,Saturday,89.028,44.662,89.028,3365.2,1,2024-08-31 09:00:00
SHP04202,Coimbatore,Surat,,General Network,Coimbatore_Surat,Highway,Mini Truck,1237,0.5,Cloudy,0.628,2,0.82,900,Economy,Evening Rush,Wednesday,31.434,26.143,31.434,855.2,0,2024-06-12 21:00:00
SHP04203,Bangalore,Surat,Nagpur,General Network,Bangalore_Surat,Highway,Mini Truck,2391,0.12,Heavy Rain,0.264,1,0.48,4200,Express,Afternoon,Wednesday,61.145,46.185,61.145,1676.2,1,2024-12-04 16:00:00
SHP04204,Jaipur,Surat,Pune,General Network,Jaipur_Surat,Rural,Container,2306,0.94,Clear,0.912,2,0.87,2200,Express,Evening Rush,Friday,99.657,48.0,99.657,2362.2,1,2024-03-15 18:00:00
SHP04205,Ahmedabad,Kochi,Indore,General Network,Ahmedabad_Kochi,Highway,Mini Truck,281,0.53,Heavy Rain,0.59,4,0.68,2600,Standard,Morning Rush,Saturday,12.077,6.115,12.077,490.4,0,2024-04-20 09:00:00
SHP04206,Mumbai,Chandigarh,,General Network,Mumbai_Chandigarh,Expressway,FTL Truck,2001,0.7,Clear,0.664,4,0.61,5000,Same-Day,Midday,Friday,29.711,24.0,29.711,518.9,1,2024-05-03 13:00:00
SHP04207,Chennai,Delhi,,General Network,Chennai_Delhi,Mixed,FTL Truck,2270,0.66,Cloudy,0.512,4,0.29,3500,Standard,Afternoon,Wednesday,64.318,52.479,64.318,1589.1,0,2024-09-18 14:00:00
SHP04208,Pune,Vizag,,General Network,Pune_Vizag,City Road,Express Van,1846,0.91,Storm,0.818,5,0.68,2800,Economy,Night,Monday,196.994,60.764,196.994,9067.9,1,2024-04-29 22:00:00
SHP04209,Hyderabad,Ahmedabad,,General Network,Hyderabad_Ahmedabad,Mixed,Carting Vehicle,1445,0.32,Storm,0.34,2,0.37,3800,Express,Morning Rush,Tuesday,83.379,45.762,83.379,3076.1,1,2024-06-11 06:00:00
SHP04210,Vizag,Kochi,,General Network,Vizag_Kochi,Expressway,Mini Truck,1918,0.66,Cloudy,0.592,6,0.49,850,Standard,Night,Monday,40.438,33.245,40.438,1080.3,0,2024-08-26 22:00:00
SHP04211,Pune,Mumbai,,Mumbai-Pune Expressway,Pune_Mumbai,Mixed,Container,266,0.29,Storm,0.414,0,0.6,2800,Same-Day,Afternoon,Thursday,12.209,10.034,12.209,419.6,0,2024-07-11 17:00:00
SHP04212,Coimbatore,Vadodara,Kochi,General Network,Coimbatore_Vadodara,City Road,FTL Truck,2126,0.49,Heavy Rain,0.394,5,0.25,900,Economy,Morning Rush,Saturday,171.44,80.273,171.44,6641.8,1,2024-06-01 07:00:00
SHP04213,Vizag,Mumbai,,General Network,Vizag_Mumbai,Highway,FTL Truck,1590,0.42,Rain,0.624,0,0.93,850,Express,Afternoon,Friday,35.167,29.448,35.167,917.5,0,2024-10-11 15:00:00
SHP04214,Surat,Nagpur,,General Network,Surat_Nagpur,Expressway,FTL Truck,1328,1.0,Clear,0.82,4,0.55,1800,Same-Day,Morning Rush,Monday,24.352,20.978,24.352,622.4,1,2024-01-15 09:00:00
SHP04215,Pune,Kolkata,Ahmedabad,General Network,Pune_Kolkata,Rural,Mini Truck,1050,0.64,Heavy Rain,0.688,6,0.76,2800,Standard,Evening Rush,Tuesday,72.453,35.464,72.453,2791.6,1,2024-12-17 19:00:00
SHP04216,Surat,Vadodara,,General Network,Surat_Vadodara,Mixed,FTL Truck,1396,0.16,Clear,0.472,4,0.94,1800,Same-Day,Midday,Tuesday,24.652,24.0,24.652,83.1,1,2024-05-28 13:00:00
SHP04217,Jaipur,Surat,,General Network,Jaipur_Surat,Rural,Carting Vehicle,1573,0.38,Heavy Rain,0.368,4,0.35,2200,Same-Day,Midday,Saturday,93.908,24.0,93.908,2838.1,1,2024-10-26 13:00:00
SHP04218,Coimbatore,Kolkata,Pune,General Network,Coimbatore_Kolkata,Highway,Carting Vehicle,641,0.58,Clear,0.604,2,0.64,900,Economy,Morning Rush,Friday,18.495,16.717,18.495,468.7,0,2024-06-21 07:00:00
SHP04219,Nagpur,Chandigarh,,General Network,Nagpur_Chandigarh,Highway,Express Van,2176,0.82,Storm,0.6,2,0.27,1600,Same-Day,Afternoon,Sunday,74.088,24.0,74.088,3026.2,1,2024-11-10 16:00:00
SHP04220,Vizag,Nagpur,,General Network,Vizag_Nagpur,Rural,Container,809,0.86,Heavy Rain,0.788,2,0.68,850,Express,Midday,Tuesday,60.403,29.931,60.403,2355.1,1,2024-01-23 10:00:00
SHP04221,Indore,Kolkata,,General Network,Indore_Kolkata,Rural,Express Van,1073,0.78,Fog,0.856,6,0.97,1400,Standard,Morning Rush,Monday,52.881,29.229,52.881,1928.8,0,2024-11-04 09:00:00
SHP04222,Kolkata,Mumbai,Ahmedabad,General Network,Kolkata_Mumbai,Expressway,Mini Truck,2180,0.73,Clear,0.714,6,0.69,3200,Express,Morning Rush,Thursday,40.746,35.702,40.746,914.9,0,2024-01-25 09:00:00
SHP04223,Chandigarh,Coimbatore,Mumbai,General Network,Chandigarh_Coimbatore,City Road,Container,1329,0.81,Heavy Rain,0.594,4,0.27,1000,Same-Day,Afternoon,Friday,114.542,24.0,114.542,4192.2,1,2024-10-04 15:00:00
SHP04224,Delhi,Pune,,General Network,Delhi_Pune,Rural,Container,541,0.24,Rain,0.5,1,0.89,4800,Economy,Evening Rush,Sunday,27.0,22.628,27.0,771.4,0,2024-04-28 20:00:00
SHP04225,Ahmedabad,Indore,,General Network,Ahmedabad_Indore,Rural,Carting Vehicle,86,0.28,Clear,0.464,6,0.74,2600,Same-Day,Morning Rush,Wednesday,5.93,6.485,5.93,202.9,0,2024-07-03 07:00:00
SHP04226,Bhopal,Delhi,,General Network,Bhopal_Delhi,Mixed,Carting Vehicle,1558,0.55,Storm,0.61,3,0.7,1200,Express,Morning Rush,Sunday,102.348,46.531,102.348,4063.5,1,2024-12-22 08:00:00
SHP04227,Lucknow,Bhopal,,General Network,Lucknow_Bhopal,Rural,Container,764,0.83,Rain,0.79,1,0.73,2000,Standard,Morning Rush,Tuesday,47.887,29.704,47.887,1674.8,0,2024-01-16 08:00:00
SHP04228,Bangalore,Chandigarh,Delhi,General Network,Bangalore_Chandigarh,Expressway,Container,2029,0.38,Fog,0.58,2,0.88,4200,Economy,Midday,Wednesday,56.238,37.636,56.238,1866.6,0,2024-04-03 10:00:00
SHP04229,Bangalore,Chandigarh,,General Network,Bangalore_Chandigarh,Expressway,Mini Truck,270,0.72,Rain,0.768,5,0.84,4200,Standard,Afternoon,Tuesday,9.435,6.74,9.435,376.6,0,2024-01-09 15:00:00
SHP04230,Chandigarh,Mumbai,,General Network,Chandigarh_Mumbai,Expressway,Mini Truck,1657,0.49,Storm,0.606,3,0.78,1000,Standard,Midday,Saturday,60.401,29.58,60.401,2461.3,0,2024-10-12 13:00:00
SHP04231,Chennai,Pune,Chandigarh,General Network,Chennai_Pune,Rural,Carting Vehicle,2303,0.92,Fog,0.66,5,0.27,3500,Express,Afternoon,Friday,166.26,48.0,166.26,5881.4,1,2024-05-17 17:00:00
SHP04232,Bangalore,Ahmedabad,,General Network,Bangalore_Ahmedabad,Expressway,Express Van,2058,0.13,,0.33,2,0.63,4200,Express,Evening Rush,Tuesday,19.986,28.344,19.986,68.9,0,2024-03-12 20:00:00
SHP04233,Ahmedabad,Vadodara,,General Network,Ahmedabad_Vadodara,City Road,Container,1236,0.19,Fog,0.43,2,0.79,2600,Standard,Midday,Monday,73.827,57.322,73.827,1936.8,1,2024-06-10 10:00:00
SHP04234,Chandigarh,Surat,Patna,General Network,Chandigarh_Surat,Mixed,FTL Truck,870,0.5,Storm,0.492,6,0.48,1000,Economy,Midday,Friday,52.948,20.728,52.948,2306.9,0,2024-01-12 10:00:00
SHP04235,Vizag,Kolkata,,General Network,Vizag_Kolkata,City Road,Carting Vehicle,1469,0.81,Clear,0.878,2,0.98,850,Same-Day,Afternoon,Friday,79.494,24.0,79.494,1411.9,1,2024-08-16 16:00:00
SHP04236,Ahmedabad,Hyderabad,Indore,General Network,Ahmedabad_Hyderabad,Expressway,FTL Truck,2254,0.29,Heavy Rain,0.302,0,0.32,2600,Standard,Midday,Tuesday,52.861,35.022,52.861,1748.1,0,2024-01-23 10:00:00
SHP04237,Bangalore,Jaipur,Bhopal,General Network,Bangalore_Jaipur,Highway,Carting Vehicle,1766,0.65,Fog,0.526,6,0.34,4200,Economy,Evening Rush,Friday,77.518,40.138,77.518,2885.1,0,2024-06-21 18:00:00
SHP04238,Nagpur,Surat,Mumbai,General Network,Nagpur_Surat,City Road,Carting Vehicle,538,0.96,Heavy Rain,0.692,4,0.29,1600,Same-Day,Afternoon,Thursday,57.681,24.0,57.681,2231.2,1,2024-10-17 15:00:00
SHP04239,Jaipur,Nagpur,Chennai,General Network,Jaipur_Nagpur,Rural,Mini Truck,2243,0.39,Fog,0.546,3,0.78,2200,Standard,Evening Rush,Tuesday,110.567,72.0,110.567,3311.1,1,2024-08-06 18:00:00
SHP04240,Coimbatore,Patna,Nagpur,General Network,Coimbatore_Patna,Highway,Express Van,131,0.65,Clear,0.714,4,0.81,900,Economy,Midday,Wednesday,4.28,3.463,4.28,171.4,0,2024-01-17 12:00:00
SHP04241,Bhopal,Chandigarh,,General Network,Bhopal_Chandigarh,Expressway,FTL Truck,764,0.99,Rain,0.806,2,0.53,1200,Express,Evening Rush,Sunday,19.806,15.248,19.806,705.8,0,2024-08-18 19:00:00
SHP04242,Lucknow,Chandigarh,,General Network,Lucknow_Chandigarh,Mixed,Express Van,2309,0.81,Fog,0.766,4,0.7,2000,Standard,Morning Rush,Saturday,85.04,48.273,85.04,3094.6,1,2024-12-14 09:00:00
SHP04243,Hyderabad,Nagpur,Chennai,General Network,Hyderabad_Nagpur,Mixed,Express Van,896,0.23,Clear,0.254,0,0.29,3800,Economy,Midday,Friday,17.738,19.169,17.738,285.1,0,2024-05-03 11:00:00
SHP04244,Lucknow,Hyderabad,Chandigarh,General Network,Lucknow_Hyderabad,Highway,Mini Truck,1011,0.63,Rain,0.686,2,0.77,2000,Standard,Night,Thursday,30.548,21.188,30.548,990.4,0,2024-12-19 22:00:00
SHP04245,Mumbai,Delhi,,Western Corridor,Mumbai_Delhi,City Road,FTL Truck,946,0.68,Storm,0.68,5,0.68,5000,Same-Day,Afternoon,Friday,81.434,24.0,81.434,3264.3,1,2024-01-19 17:00:00
SHP04246,Hyderabad,Delhi,,General Network,Hyderabad_Delhi,Expressway,FTL Truck,1801,0.43,Cloudy,0.554,5,0.74,3800,Standard,Night,Wednesday,31.193,26.346,31.193,734.1,0,2024-05-01 22:00:00
SHP04247,Nagpur,Kochi,Pune,General Network,Nagpur_Kochi,City Road,FTL Truck,429,0.81,Heavy Rain,0.794,6,0.77,1600,Express,Afternoon,Thursday,35.216,18.686,35.216,1377.6,0,2024-10-24 14:00:00
SHP04248,Lucknow,Mumbai,,General Network,Lucknow_Mumbai,Rural,Express Van,1765,0.44,Rain,0.452,6,0.47,2000,Economy,Morning Rush,Thursday,74.941,45.965,74.941,2450.1,0,2024-11-07 08:00:00
SHP04249,Vizag,Bangalore,,General Network,Vizag_Bangalore,City Road,Container,455,0.97,Fog,0.922,4,0.85,850,Standard,Evening Rush,Friday,42.149,21.63,42.149,1611.3,0,2024-09-06 20:00:00
SHP04250,Chennai,Chandigarh,,General Network,Chennai_Chandigarh,Mixed,Mini Truck,1897,0.57,Rain,0.726,4,0.96,3500,Economy,Afternoon,Saturday,81.945,49.513,81.945,2808.9,0,2024-09-07 15:00:00
SHP04251,Jaipur,Surat,,General Network,Jaipur_Surat,Highway,Express Van,2072,0.5,Rain,0.448,6,0.37,2200,Economy,Midday,Saturday,52.691,32.41,52.691,1810.2,0,2024-04-20 10:00:00
SHP04252,Chennai,Vizag,,General Network,Chennai_Vizag,Highway,Container,1225,0.72,Clear,0.624,2,0.48,3500,Express,Morning Rush,Tuesday,27.076,25.083,27.076,543.7,0,2024-05-14 07:00:00
SHP04253,Chennai,Surat,Pune,General Network,Chennai_Surat,Mixed,FTL Truck,1611,0.14,Clear,0.304,5,0.55,3500,Express,Midday,Thursday,29.484,36.91,29.484,158.0,0,2024-05-23 12:00:00
SHP04254,Kochi,Delhi,,General Network,Kochi_Delhi,City Road,Mini Truck,1153,0.39,Fog,0.362,4,0.32,800,Express,Midday,Wednesday,67.362,48.0,67.362,1845.6,1,2024-04-24 12:00:00
SHP04255,Delhi,Indore,,General Network,Delhi_Indore,Highway,Container,844,0.88,Clear,0.9,0,0.93,4800,Express,Afternoon,Monday,20.729,19.347,20.729,499.0,0,2024-03-18 17:00:00
SHP04256,Bangalore,Kochi,Mumbai,General Network,Bangalore_Kochi,Expressway,Carting Vehicle,2170,0.24,Storm,0.264,2,0.3,4200,Same-Day,Evening Rush,Thursday,69.299,24.0,69.299,2330.6,1,2024-03-28 21:00:00
SHP04257,Pune,Surat,,General Network,Pune_Surat,Highway,FTL Truck,1210,0.76,Fog,0.812,0,0.89,2800,Economy,Afternoon,Saturday,41.159,22.421,41.159,1562.0,0,2024-11-30 14:00:00
SHP04258,Chennai,Kochi,,General Network,Chennai_Kochi,Expressway,Mini Truck,669,,Cloudy,0.81,2,0.9,3500,Standard,Afternoon,Tuesday,15.418,14.437,15.418,455.6,0,2024-09-17 14:00:00
SHP04259,Indore,Kochi,,General Network,Indore_Kochi,Rural,Mini Truck,1556,0.16,Clear,0.396,5,0.75,1400,Express,Morning Rush,Saturday,42.5,48.0,42.5,244.8,0,2024-03-23 07:00:00
SHP04260,Delhi,Jaipur,Nagpur,NCR-Rajasthan Corridor,Delhi_Jaipur,Mixed,FTL Truck,520,0.14,Clear,0.328,0,0.61,4800,Economy,Evening Rush,Wednesday,11.088,13.425,11.088,145.3,0,2024-09-11 21:00:00
SHP04261,Coimbatore,Delhi,Nagpur,General Network,Coimbatore_Delhi,Rural,Mini Truck,1107,0.76,Cloudy,0.576,3,0.3,900,Standard,Evening Rush,Monday,50.207,39.249,50.207,1372.4,0,2024-03-04 19:00:00
SHP04262,Coimbatore,Bangalore,,General Network,Coimbatore_Bangalore,Highway,FTL Truck,1889,0.62,Heavy Rain,0.664,3,0.73,900,Economy,Evening Rush,Thursday,73.695,31.961,73.695,3005.0,0,2024-07-25 18:00:00
SHP04263,Delhi,Bhopal,,General Network,Delhi_Bhopal,Rural,Container,2258,0.98,Fog,0.932,6,0.86,4800,Same-Day,Morning Rush,Sunday,137.832,24.0,137.832,4728.0,1,2024-06-23 07:00:00
SHP04264,Vadodara,Coimbatore,,General Network,Vadodara_Coimbatore,Mixed,Express Van,1299,0.3,Heavy Rain,0.396,5,0.54,750,Same-Day,Evening Rush,Monday,37.148,24.0,37.148,1099.3,1,2024-09-09 19:00:00
SHP04265,Patna,Ahmedabad,,General Network,Patna_Ahmedabad,Highway,Carting Vehicle,2023,0.38,Rain,0.396,5,0.42,1100,Same-Day,Evening Rush,Sunday,55.547,24.0,55.547,1309.8,1,2024-02-25 19:00:00
SHP04266,Mumbai,Bhopal,,General Network,Mumbai_Bhopal,City Road,Container,2124,0.71,Rain,0.638,5,0.53,5000,Same-Day,Night,Thursday,134.821,24.0,134.821,3805.6,1,2024-07-11 22:00:00
SHP04267,Vizag,Kolkata,Ahmedabad,General Network,Vizag_Kolkata,Expressway,Express Van,1591,0.26,Storm,0.332,1,0.44,850,Express,Afternoon,Sunday,36.437,19.998,36.437,1312.5,0,2024-03-10 17:00:00
SHP04268,Indore,Kolkata,,General Network,Indore_Kolkata,Expressway,Container,839,0.95,Cloudy,0.778,4,0.52,1400,Same-Day,Night,Sunday,18.335,17.344,18.335,476.7,0,2024-05-19 22:00:00
SHP04269,Hyderabad,Patna,,General Network,Hyderabad_Patna,Highway,Mini Truck,1626,0.21,Rain,0.262,6,,3800,Same-Day,Morning Rush,Wednesday,33.996,24.0,33.996,684.8,1,2024-01-17 06:00:00
SHP04270,Chennai,Jaipur,Indore,General Network,Chennai_Jaipur,Expressway,Carting Vehicle,1275,0.65,Fog,0.682,3,,3500,Same-Day,Afternoon,Thursday,36.889,24.0,36.889,1139.7,1,2024-11-21 17:00:00
SHP04271,Coimbatore,Jaipur,,General Network,Coimbatore_Jaipur,Rural,Carting Vehicle,2212,0.82,Fog,0.64,5,0.37,900,Economy,Night,Friday,184.179,89.193,184.179,7118.3,1,2024-11-08 22:00:00
SHP04272,Surat,Nagpur,Jaipur,General Network,Surat_Nagpur,Rural,Carting Vehicle,309,0.81,Heavy Rain,0.702,5,0.54,1800,Standard,Morning Rush,Wednesday,29.255,15.961,29.255,1206.0,0,2024-11-20 06:00:00
SHP04273,Hyderabad,Nagpur,Lucknow,General Network,Hyderabad_Nagpur,Mixed,Express Van,914,0.57,Rain,0.61,1,0.67,3800,Economy,Afternoon,Monday,31.813,20.408,31.813,1114.0,0,2024-12-30 17:00:00
SHP04274,Kochi,Jaipur,Mumbai,General Network,Kochi_Jaipur,Highway,Mini Truck,1943,0.52,Fog,0.44,4,0.32,800,Same-Day,Morning Rush,Thursday,50.868,24.0,50.868,1432.9,1,2024-08-22 08:00:00
SHP04275,Lucknow,Bhopal,,General Network,Lucknow_Bhopal,Rural,Container,1856,0.59,Clear,0.738,1,0.96,2000,Economy,Midday,Friday,81.506,64.675,81.506,1979.0,0,2024-07-05 11:00:00
SHP04276,Indore,Lucknow,Bangalore,General Network,Indore_Lucknow,City Road,FTL Truck,809,0.2,Storm,0.364,4,0.61,1400,Standard,Midday,Wednesday,61.294,34.807,61.294,2290.8,0,2024-06-12 10:00:00
SHP04277,Hyderabad,Chennai,,Deccan-Southern Corridor,Hyderabad_Chennai,Rural,Mini Truck,2053,0.32,Fog,0.352,0,0.4,3800,Same-Day,Morning Rush,Wednesday,81.189,24.0,81.189,1829.8,1,2024-01-24 09:00:00
SHP04278,Mumbai,Bhopal,,General Network,Mumbai_Bhopal,Mixed,Express Van,338,0.94,Storm,0.936,3,0.93,5000,Standard,Night,Friday,20.824,8.277,20.824,955.6,0,2024-11-08 22:00:00
SHP04279,Bhopal,Surat,,General Network,Bhopal_Surat,Highway,Mini Truck,2425,0.33,Rain,0.338,3,0.35,1200,Express,Evening Rush,Tuesday,56.34,47.914,56.34,1359.5,1,2024-03-26 18:00:00
SHP04280,Kolkata,Nagpur,Vizag,General Network,Kolkata_Nagpur,Mixed,Express Van,2172,0.82,Rain,0.704,0,0.53,3200,Standard,Evening Rush,Wednesday,73.621,42.909,73.621,2528.5,1,2024-05-22 19:00:00
SHP04281,Kochi,Patna,Surat,General Network,Kochi_Patna,Rural,Mini Truck,1175,0.56,Clear,0.66,2,0.81,800,Economy,Night,Sunday,48.314,39.703,48.314,1158.1,0,2024-09-29 22:00:00
SHP04282,Lucknow,Patna,,General Network,Lucknow_Patna,Mixed,Carting Vehicle,1922,0.26,Clear,0.24,4,0.21,2000,Standard,Afternoon,Wednesday,53.238,56.8,53.238,631.6,0,2024-09-11 17:00:00
SHP04283,Vadodara,Surat,Chandigarh,General Network,Vadodara_Surat,Mixed,Mini Truck,1317,0.34,Heavy Rain,0.548,1,0.86,750,Express,Evening Rush,Friday,52.314,36.39,52.314,1675.5,1,2024-11-22 21:00:00
SHP04284,Surat,Kolkata,Vizag,General Network,Surat_Kolkata,Expressway,Container,369,0.44,Fog,0.46,4,0.49,1800,Economy,Midday,Saturday,12.016,9.427,12.016,446.8,0,2024-07-13 13:00:00
SHP04285,Indore,Bhopal,Nagpur,General Network,Indore_Bhopal,Highway,Container,602,0.55,Heavy Rain,0.578,6,0.62,1400,Express,Night,Wednesday,23.28,13.809,23.28,865.6,0,2024-06-05 22:00:00
SHP04286,Pune,Kolkata,,General Network,Pune_Kolkata,Rural,Mini Truck,2227,0.87,Heavy Rain,0.794,0,0.68,2800,Standard,Morning Rush,Friday,168.603,72.0,168.603,6816.9,1,2024-07-19 06:00:00
SHP04287,Vadodara,Ahmedabad,Pune,General Network,Vadodara_Ahmedabad,Mixed,FTL Truck,1172,0.15,Storm,0.326,4,0.59,750,Economy,Evening Rush,Friday,56.052,26.785,56.052,2191.1,0,2024-09-06 20:00:00
SHP04288,Coimbatore,Hyderabad,Pune,General Network,Coimbatore_Hyderabad,Highway,FTL Truck,1864,0.2,Heavy Rain,0.296,6,0.44,900,Same-Day,Morning Rush,Saturday,44.764,24.0,44.764,1287.8,1,2024-10-12 09:00:00
SHP04289,Delhi,Kolkata,Chandigarh,Northern-Eastern Corridor,Delhi_Kolkata,City Road,FTL Truck,439,0.54,Rain,0.62,4,0.74,4800,Standard,Midday,Saturday,28.133,18.539,28.133,935.4,0,2024-02-03 10:00:00
SHP04290,Chandigarh,Jaipur,,General Network,Chandigarh_Jaipur,Highway,Container,1952,0.36,Storm,0.612,1,0.99,1000,Standard,Night,Wednesday,82.089,38.785,82.089,3203.0,1,2024-07-10 22:00:00
SHP04291,Ahmedabad,Patna,,General Network,Ahmedabad_Patna,Highway,Express Van,909,0.14,Heavy Rain,0.476,0,0.98,2600,Express,Morning Rush,Wednesday,19.169,14.593,19.169,557.3,0,2024-10-16 09:00:00
SHP04292,Ahmedabad,Jaipur,Hyderabad,General Network,Ahmedabad_Jaipur,Highway,FTL Truck,1815,0.48,Heavy Rain,0.412,4,0.31,2600,Economy,Morning Rush,Friday,64.769,31.827,64.769,2524.9,0,2024-10-11 08:00:00
SHP04293,Ahmedabad,Jaipur,,General Network,Ahmedabad_Jaipur,Rural,Express Van,787,0.46,Cloudy,0.4,5,0.31,2600,Standard,Night,Sunday,25.918,21.997,25.918,642.6,0,2024-07-21 22:00:00
SHP04294,Chandigarh,Vadodara,,General Network,Chandigarh_Vadodara,City Road,Container,1996,0.42,Heavy Rain,0.568,1,0.79,1000,Standard,Evening Rush,Thursday,161.827,72.0,161.827,5684.1,1,2024-10-24 20:00:00
SHP04295,Vadodara,Patna,,General Network,Vadodara_Patna,Mixed,Container,519,0.54,Storm,0.608,2,0.71,750,Standard,Midday,Monday,33.746,17.36,33.746,1414.1,0,2024-11-11 12:00:00
SHP04296,Ahmedabad,Vadodara,,General Network,Ahmedabad_Vadodara,Rural,Mini Truck,1386,0.27,Storm,0.282,1,0.3,2600,Same-Day,Morning Rush,Monday,78.038,24.0,78.038,2629.0,1,2024-02-19 09:00:00
SHP04297,Jaipur,Patna,Nagpur,General Network,Jaipur_Patna,Mixed,Carting Vehicle,1025,0.9,Storm,0.892,6,0.88,2200,Standard,Midday,Monday,88.657,34.562,88.657,3952.8,1,2024-10-21 10:00:00
SHP04298,Hyderabad,Lucknow,,General Network,Hyderabad_Lucknow,Mixed,FTL Truck,1720,0.14,Cloudy,0.252,3,0.42,3800,Economy,Morning Rush,Wednesday,41.743,39.597,41.743,784.6,0,2024-12-25 09:00:00
SHP04299,Ahmedabad,Mumbai,,Gujarat-Maharashtra Corridor,Ahmedabad_Mumbai,Highway,FTL Truck,2022,0.77,Heavy Rain,0.55,4,0.22,2600,Same-Day,Midday,Tuesday,63.633,24.0,63.633,2301.5,1,2024-05-21 13:00:00
SHP04300,Coimbatore,Vadodara,,General Network,Coimbatore_Vadodara,Highway,Container,549,0.23,Clear,0.414,4,0.69,900,Same-Day,Morning Rush,Monday,9.339,15.337,9.339,75.9,0,2024-05-27 08:00:00
SHP04301,Mumbai,Chennai,Indore,General Network,Mumbai_Chennai,Expressway,FTL Truck,1618,0.41,Heavy Rain,0.638,4,0.98,5000,Same-Day,Afternoon,Saturday,37.254,23.437,37.254,1213.4,1,2024-04-27 14:00:00
SHP04302,Ahmedabad,Kolkata,Vizag,General Network,Ahmedabad_Kolkata,Mixed,Express Van,2207,0.63,Cloudy,0.65,5,0.68,2600,Standard,Midday,Wednesday,55.936,45.398,55.936,1437.0,0,2024-07-24 13:00:00
SHP04303,Kolkata,Patna,Vizag,Eastern Corridor,Kolkata_Patna,City Road,Mini Truck,1072,0.19,Storm,0.386,5,0.68,3200,Same-Day,Midday,Wednesday,75.326,24.0,75.326,2477.7,1,2024-08-14 12:00:00
SHP04304,Hyderabad,Lucknow,,General Network,Hyderabad_Lucknow,Highway,Express Van,778,0.57,Cloudy,0.71,0,0.92,3800,Economy,Afternoon,Sunday,16.162,12.03,16.162,462.3,0,2024-12-29 14:00:00
SHP04305,Indore,Chandigarh,Chennai,General Network,Indore_Chandigarh,Expressway,Mini Truck,1377,0.23,Rain,0.454,5,0.79,1400,Standard,Evening Rush,Wednesday,28.704,23.235,28.704,755.9,0,2024-06-19 19:00:00
SHP04306,Jaipur,Vadodara,Vizag,General Network,Jaipur_Vadodara,City Road,FTL Truck,1010,0.76,Clear,0.652,0,0.49,2200,Standard,Midday,Saturday,47.427,39.466,47.427,1114.2,0,2024-10-26 11:00:00
SHP04307,Ahmedabad,Surat,,General Network,Ahmedabad_Surat,City Road,Express Van,286,0.43,Heavy Rain,0.474,0,0.54,2600,Same-Day,Morning Rush,Saturday,15.522,13.331,15.522,505.0,0,2024-05-18 06:00:00
SHP04308,Bhopal,Lucknow,,General Network,Bhopal_Lucknow,Rural,FTL Truck,2454,0.4,Heavy Rain,0.352,5,0.28,1200,Same-Day,Night,Monday,112.756,24.0,112.756,3493.3,1,2024-03-11 22:00:00
SHP04309,Jaipur,Vadodara,Coimbatore,General Network,Jaipur_Vadodara,City Road,Express Van,2045,0.4,Fog,0.56,0,0.8,2200,Same-Day,Morning Rush,Saturday,86.747,24.0,86.747,2156.4,1,2024-10-05 06:00:00
SHP04310,Kochi,Jaipur,Patna,General Network,Kochi_Jaipur,Rural,FTL Truck,1888,0.16,Clear,0.46,2,0.91,800,Standard,Morning Rush,Friday,48.89,57.477,48.89,416.0,0,2024-11-01 07:00:00
SHP04311,Jaipur,Bhopal,,General Network,Jaipur_Bhopal,Rural,Carting Vehicle,2491,0.85,Rain,0.626,3,0.29,2200,Express,Evening Rush,Friday,161.483,48.0,161.483,5260.5,1,2024-09-06 20:00:00
SHP04312,Kochi,Ahmedabad,Bhopal,General Network,Kochi_Ahmedabad,Rural,Container,1588,0.49,Fog,0.658,6,0.91,800,Same-Day,Afternoon,Tuesday,75.853,24.0,75.853,2060.2,1,2024-02-13 16:00:00
SHP04313,Delhi,Indore,,General Network,Delhi_Indore,Expressway,Container,570,0.16,Fog,0.324,4,0.57,4800,Same-Day,Afternoon,Monday,11.59,10.43,11.59,271.8,0,2024-05-13 17:00:00
SHP04314,Chandigarh,Vadodara,,General Network,Chandigarh_Vadodara,Mixed,FTL Truck,1002,0.23,Rain,0.218,5,0.2,1000,Standard,Evening Rush,Saturday,30.48,26.117,30.48,826.8,0,2024-01-27 20:00:00
SHP04315,Kochi,Indore,Hyderabad,General Network,Kochi_Indore,Highway,Carting Vehicle,355,0.7,Heavy Rain,0.764,2,0.86,800,Express,Midday,Monday,17.161,9.609,17.161,674.7,0,2024-04-01 10:00:00
SHP04316,Indore,Delhi,Kolkata,General Network,Indore_Delhi,Highway,Express Van,2287,,Heavy Rain,0.418,5,0.7,1400,Same-Day,Morning Rush,Sunday,47.416,24.0,47.416,1353.5,1,2024-11-10 08:00:00
SHP04317,Pune,Surat,,General Network,Pune_Surat,Mixed,Mini Truck,1464,0.17,Cloudy,0.346,6,0.61,2800,Standard,Midday,Saturday,36.672,37.032,36.672,573.6,0,2024-03-09 12:00:00
SHP04318,Kochi,Lucknow,Vizag,General Network,Kochi_Lucknow,Mixed,Mini Truck,960,0.17,Rain,0.31,1,0.52,800,Economy,Evening Rush,Saturday,32.475,24.727,32.475,881.8,0,2024-05-04 20:00:00
SHP04319,Pune,Kolkata,,General Network,Pune_Kolkata,Expressway,Carting Vehicle,2054,0.98,Rain,0.808,2,0.55,2800,Standard,Evening Rush,Tuesday,72.123,41.488,72.123,2597.7,1,2024-11-19 20:00:00
SHP04320,Nagpur,Bangalore,,General Network,Nagpur_Bangalore,Rural,FTL Truck,2382,0.56,Clear,0.72,2,0.96,1600,Express,Evening Rush,Saturday,71.592,48.0,71.592,1119.5,1,2024-08-31 19:00:00
SHP04321,Ahmedabad,Vizag,,General Network,Ahmedabad_Vizag,Expressway,Container,996,0.42,Clear,0.628,5,0.94,2600,Standard,Midday,Wednesday,19.205,19.395,19.205,412.3,0,2024-07-03 12:00:00
SHP04322,Kolkata,Mumbai,,General Network,Kolkata_Mumbai,Rural,FTL Truck,653,0.67,,0.71,2,0.77,3200,Standard,Evening Rush,Thursday,42.186,23.256,42.186,1660.5,0,2024-10-17 21:00:00
SHP04323,Vadodara,Bhopal,Lucknow,General Network,Vadodara_Bhopal,Expressway,FTL Truck,493,0.14,,0.388,0,0.76,750,Economy,Midday,Saturday,7.485,8.591,7.485,137.7,0,2024-12-07 11:00:00
SHP04324,Ahmedabad,Pune,,General Network,Ahmedabad_Pune,Expressway,Express Van,1477,0.29,Storm,0.39,6,0.54,2600,Same-Day,Morning Rush,Saturday,32.763,20.478,32.763,1154.6,1,2024-06-08 09:00:00
SHP04325,Bangalore,Bhopal,,General Network,Bangalore_Bhopal,City Road,Express Van,780,0.38,Fog,0.6,1,0.93,4200,Express,Midday,Tuesday,36.689,28.342,36.689,1038.6,0,2024-05-14 12:00:00
SHP04326,Delhi,Vadodara,,General Network,Delhi_Vadodara,Expressway,Mini Truck,118,0.62,Storm,0.636,0,,4800,Standard,Morning Rush,Friday,5.465,2.918,5.465,245.1,0,2024-08-23 08:00:00
SHP04327,Delhi,Vizag,,General Network,Delhi_Vizag,Highway,Carting Vehicle,2285,0.72,Heavy Rain,0.62,5,0.47,4800,Same-Day,Morning Rush,Wednesday,93.721,24.0,93.721,3338.3,1,2024-03-20 07:00:00
SHP04328,Kolkata,Kochi,Patna,General Network,Kolkata_Kochi,City Road,Carting Vehicle,1437,0.34,Storm,0.492,5,0.72,3200,Same-Day,Morning Rush,Sunday,133.391,24.0,133.391,4718.9,1,2024-12-15 06:00:00
SHP04329,Jaipur,Vizag,,General Network,Jaipur_Vizag,Expressway,Mini Truck,958,0.69,Clear,0.75,4,0.84,2200,Same-Day,Night,Thursday,16.654,17.986,16.654,327.0,0,2024-03-28 22:00:00
SHP04330,Bhopal,Pune,,General Network,Bhopal_Pune,Mixed,Container,1660,0.11,Fog,0.206,3,0.35,1200,Economy,Afternoon,Wednesday,60.612,43.53,60.612,1683.8,0,2024-06-12 15:00:00
SHP04331,Jaipur,Kolkata,,General Network,Jaipur_Kolkata,Rural,Express Van,2297,0.23,Fog,0.398,6,0.65,2200,Same-Day,Evening Rush,Thursday,70.886,24.0,70.886,1590.0,1,2024-07-11 18:00:00
SHP04332,Vadodara,Bangalore,Kolkata,General Network,Vadodara_Bangalore,Expressway,Mini Truck,555,0.24,Storm,0.372,1,0.57,750,Express,Morning Rush,Wednesday,16.905,11.666,16.905,624.8,0,2024-08-07 06:00:00
SHP04333,Kochi,Indore,,General Network,Kochi_Indore,City Road,Express Van,1209,0.86,Clear,0.632,1,0.29,800,Economy,Evening Rush,Monday,57.413,43.973,57.413,1642.6,0,2024-02-19 21:00:00
SHP04334,Vadodara,Chandigarh,,General Network,Vadodara_Chandigarh,Highway,Mini Truck,1650,0.53,Cloudy,0.598,4,0.7,750,Economy,Morning Rush,Monday,41.501,30.914,41.501,1115.1,0,2024-03-18 07:00:00
SHP04335,Bhopal,Indore,,General Network,Bhopal_Indore,Rural,Carting Vehicle,1100,0.43,Heavy Rain,0.526,2,0.67,1200,Economy,Midday,Saturday,89.694,44.574,89.694,3426.1,0,2024-06-15 13:00:00
SHP04336,Jaipur,Pune,,General Network,Jaipur_Pune,Highway,FTL Truck,283,0.68,Fog,0.696,6,0.72,2200,Economy,Midday,Saturday,12.081,6.185,12.081,512.6,0,2024-07-27 10:00:00
SHP04337,Vadodara,Ahmedabad,Jaipur,General Network,Vadodara_Ahmedabad,City Road,FTL Truck,1327,0.74,Cloudy,0.808,4,0.91,750,Same-Day,Evening Rush,Saturday,58.246,24.0,58.246,1219.9,1,2024-02-10 19:00:00
SHP04338,Hyderabad,Nagpur,,General Network,Hyderabad_Nagpur,City Road,Express Van,2419,0.38,Fog,0.592,1,0.91,3800,Economy,Morning Rush,Sunday,132.984,79.737,132.984,4373.1,1,2024-08-04 06:00:00
SHP04339,Kochi,Kolkata,,General Network,Kochi_Kolkata,Highway,Mini Truck,1687,0.82,Fog,0.732,0,0.6,800,Standard,Night,Tuesday,58.517,34.421,58.517,2105.2,0,2024-03-12 22:00:00
SHP04340,Ahmedabad,Chennai,Indore,General Network,Ahmedabad_Chennai,Mixed,Express Van,153,0.56,Storm,0.496,6,0.4,2600,Standard,Evening Rush,Friday,9.47,7.025,9.47,435.2,0,2024-05-31 18:00:00
SHP04341,Mumbai,Coimbatore,,General Network,Mumbai_Coimbatore,Expressway,Container,1075,0.84,Cloudy,0.692,4,0.47,5000,Standard,Afternoon,Tuesday,25.918,19.338,25.918,756.3,0,2024-01-23 16:00:00
SHP04342,Ahmedabad,Pune,Kochi,General Network,Ahmedabad_Pune,City Road,Carting Vehicle,1422,0.99,Storm,0.738,5,0.36,2600,Same-Day,Midday,Tuesday,183.929,24.0,183.929,7785.5,1,2024-06-04 13:00:00
SHP04343,Vadodara,Mumbai,,General Network,Vadodara_Mumbai,City Road,Mini Truck,2052,0.77,Rain,0.754,1,0.73,750,Same-Day,Evening Rush,Sunday,126.051,24.0,126.051,3654.5,1,2024-11-24 19:00:00
SHP04344,Vizag,Indore,,General Network,Vizag_Indore,Mixed,Mini Truck,1381,0.77,Fog,0.702,5,0.6,850,Express,Morning Rush,Sunday,59.363,34.457,59.363,2027.3,1,2024-02-18 09:00:00
SHP04345,Pune,Patna,,General Network,Pune_Patna,Highway,Mini Truck,1413,0.11,Heavy Rain,0.37,5,0.76,2800,Express,Midday,Wednesday,37.371,29.013,37.371,1064.8,0,2024-05-22 11:00:00
SHP04346,Vizag,Bhopal,Mumbai,General Network,Vizag_Bhopal,Highway,FTL Truck,2363,0.65,Rain,0.51,5,0.3,850,Same-Day,Morning Rush,Thursday,55.148,24.0,55.148,1536.7,1,2024-05-16 07:00:00
SHP04347,Chennai,Hyderabad,Patna,Deccan-Southern Corridor,Chennai_Hyderabad,Mixed,FTL Truck,813,0.7,Clear,0.732,5,0.78,3500,Same-Day,Night,Thursday,19.56,22.52,19.56,360.6,0,2024-11-28 22:00:00
SHP04348,Ahmedabad,Nagpur,,General Network,Ahmedabad_Nagpur,Rural,Carting Vehicle,1563,0.46,Clear,0.448,2,0.43,2600,Economy,Evening Rush,Monday,72.599,61.839,72.599,1577.3,0,2024-09-09 19:00:00
SHP04349,Surat,Kochi,,General Network,Surat_Kochi,Rural,Carting Vehicle,455,0.23,Rain,0.338,0,0.5,1800,Economy,Evening Rush,Saturday,25.549,20.866,25.549,724.0,0,2024-08-31 20:00:00
SHP04350,Bhopal,Chennai,,General Network,Bhopal_Chennai,Mixed,Carting Vehicle,1908,0.62,Cloudy,0.6,1,0.57,1200,Standard,Afternoon,Wednesday,70.947,58.774,70.947,1712.8,0,2024-08-14 15:00:00
SHP04351,Chennai,Ahmedabad,,General Network,Chennai_Ahmedabad,Expressway,FTL Truck,931,0.18,Heavy Rain,0.24,2,0.33,3500,Economy,Morning Rush,Tuesday,23.945,15.975,23.945,848.7,0,2024-03-26 08:00:00
SHP04352,Kochi,Pune,,General Network,Kochi_Pune,Expressway,Mini Truck,971,0.67,Rain,0.634,0,0.58,800,Express,Midday,Saturday,22.486,17.844,22.486,667.8,0,2024-07-13 10:00:00
SHP04353,Chandigarh,Bangalore,Pune,General Network,Chandigarh_Bangalore,City Road,Mini Truck,1475,0.7,Fog,0.812,4,0.98,1000,Same-Day,Afternoon,Thursday,94.676,24.0,94.676,2871.0,1,2024-04-18 14:00:00
SHP04354,Pune,Patna,Nagpur,General Network,Pune_Patna,Rural,Container,1957,0.39,,0.434,3,0.5,2800,Express,Evening Rush,Thursday,112.327,48.0,112.327,3669.8,1,2024-05-16 20:00:00
SHP04355,Nagpur,Mumbai,,General Network,Nagpur_Mumbai,City Road,FTL Truck,100,0.21,Heavy Rain,0.498,3,0.93,1600,Same-Day,Morning Rush,Sunday,7.133,8.139,7.133,256.6,0,2024-12-08 08:00:00
SHP04356,Hyderabad,Jaipur,,General Network,Hyderabad_Jaipur,Expressway,Container,1753,0.52,Storm,0.468,3,0.39,3800,Express,Midday,Wednesday,63.771,31.716,63.771,2523.7,1,2024-06-26 12:00:00
SHP04357,Vadodara,Kochi,,General Network,Vadodara_Kochi,Mixed,Express Van,1125,0.52,Clear,0.552,3,0.6,750,Same-Day,Morning Rush,Saturday,21.108,24.0,21.108,288.2,0,2024-07-20 09:00:00
SHP04358,Surat,Chennai,Vizag,General Network,Surat_Chennai,Expressway,Container,1603,0.11,Clear,0.238,1,0.43,1800,Standard,Morning Rush,Saturday,22.466,30.803,22.466,156.9,0,2024-02-24 06:00:00
SHP04359,Delhi,Chandigarh,,General Network,Delhi_Chandigarh,Expressway,Express Van,238,0.78,Clear,0.664,0,0.49,4800,Express,Morning Rush,Tuesday,3.419,6.86,3.419,74.5,0,2024-03-19 08:00:00
SHP04360,Vizag,Chennai,,General Network,Vizag_Chennai,City Road,Container,311,0.96,Cloudy,0.732,4,0.39,850,Standard,Afternoon,Sunday,22.834,16.751,22.834,742.8,0,2024-09-08 17:00:00
SHP04361,Patna,Lucknow,Mumbai,General Network,Patna_Lucknow,Highway,FTL Truck,1896,0.12,Cloudy,0.204,3,0.33,1100,Economy,Afternoon,Tuesday,32.902,34.089,32.902,552.1,0,2024-12-03 14:00:00
SHP04362,Indore,Hyderabad,,General Network,Indore_Hyderabad,Rural,Container,773,0.22,Fog,0.424,0,0.73,1400,Economy,Afternoon,Wednesday,41.371,30.385,41.371,1269.7,0,2024-08-07 17:00:00
SHP04363,Hyderabad,Kolkata,,General Network,Hyderabad_Kolkata,Highway,Container,124,0.36,Rain,0.464,1,0.62,3800,Express,Afternoon,Friday,3.739,6.684,3.739,115.0,0,2024-02-02 16:00:00
SHP04364,Bhopal,Chandigarh,Patna,General Network,Bhopal_Chandigarh,City Road,Express Van,260,0.96,Cloudy,0.692,2,0.29,1200,Standard,Afternoon,Friday,13.4,10.227,13.4,416.4,0,2024-04-12 17:00:00
SHP04365,Ahmedabad,Indore,,General Network,Ahmedabad_Indore,Rural,Express Van,2370,0.58,Heavy Rain,0.6,5,0.63,2600,Economy,Midday,Thursday,138.253,60.544,138.253,5547.4,1,2024-10-17 13:00:00
SHP04366,Lucknow,Vizag,Bangalore,General Network,Lucknow_Vizag,Expressway,Mini Truck,2060,0.12,Heavy Rain,0.368,0,0.74,2000,Express,Evening Rush,Monday,44.149,33.361,44.149,1203.3,0,2024-03-11 19:00:00
SHP04367,Chandigarh,Kolkata,Bhopal,General Network,Chandigarh_Kolkata,City Road,FTL Truck,1425,0.36,Rain,0.472,4,0.64,1000,Same-Day,Morning Rush,Saturday,62.974,24.0,62.974,1335.6,1,2024-01-06 09:00:00
SHP04368,Ahmedabad,Vadodara,,General Network,Ahmedabad_Vadodara,Highway,Container,2421,0.62,,0.596,1,0.56,2600,Standard,Morning Rush,Thursday,53.739,48.505,53.739,1088.1,0,2024-04-18 07:00:00
SHP04369,Mumbai,Chandigarh,Lucknow,General Network,Mumbai_Chandigarh,Expressway,Carting Vehicle,872,0.83,Clear,0.77,0,0.68,5000,Economy,Morning Rush,Wednesday,23.054,19.429,23.054,648.9,0,2024-03-27 07:00:00
SHP04370,Indore,Vadodara,Hyderabad,General Network,Indore_Vadodara,Rural,Container,1280,0.67,Storm,0.77,3,0.92,1400,Express,Midday,Wednesday,105.518,46.877,105.518,4323.2,1,2024-09-18 13:00:00
SHP04371,Chennai,Lucknow,Pune,General Network,Chennai_Lucknow,Rural,Carting Vehicle,233,0.32,Cloudy,0.3,5,0.27,3500,Express,Midday,Sunday,11.335,12.521,11.335,265.9,0,2024-03-24 10:00:00
SHP04372,Ahmedabad,Nagpur,Indore,General Network,Ahmedabad_Nagpur,Expressway,Container,1269,0.89,Clear,0.674,0,0.35,2600,Standard,Midday,Saturday,26.591,23.776,26.591,652.5,0,2024-10-12 10:00:00
SHP04373,Pune,Bangalore,Vizag,General Network,Pune_Bangalore,Mixed,Express Van,272,0.89,Storm,0.842,3,0.77,2800,Same-Day,Night,Thursday,13.654,8.079,13.654,582.7,0,2024-08-08 22:00:00
SHP04374,Patna,Bangalore,Delhi,General Network,Patna_Bangalore,Highway,Container,1564,0.45,Fog,0.434,3,0.41,1100,Economy,Morning Rush,Tuesday,53.942,32.511,53.942,1856.5,0,2024-06-04 08:00:00
SHP04375,Chandigarh,Patna,,General Network,Chandigarh_Patna,Highway,FTL Truck,1104,0.74,Rain,0.532,2,0.22,1000,Express,Evening Rush,Monday,29.482,19.875,29.482,940.9,0,2024-05-13 21:00:00
SHP04376,Kochi,Hyderabad,,General Network,Kochi_Hyderabad,City Road,FTL Truck,1915,0.75,,0.706,0,0.64,800,Standard,Morning Rush,Friday,132.001,72.0,132.001,4637.2,1,2024-06-14 08:00:00
SHP04377,Kolkata,Vizag,Lucknow,General Network,Kolkata_Vizag,Mixed,FTL Truck,1840,0.8,Storm,0.708,6,,3200,Express,Evening Rush,Wednesday,104.88,42.831,104.88,4452.8,1,2024-09-25 19:00:00
SHP04378,Bhopal,Bangalore,,General Network,Bhopal_Bangalore,Expressway,FTL Truck,147,0.16,Clear,0.308,2,0.53,1200,Same-Day,Morning Rush,Friday,2.32,6.283,2.32,46.4,0,2024-11-15 06:00:00
SHP04379,Chandigarh,Kochi,,General Network,Chandigarh_Kochi,Expressway,Express Van,177,0.12,Clear,0.3,3,0.57,1000,Standard,Evening Rush,Sunday,3.659,4.688,3.659,122.3,0,2024-04-07 21:00:00
SHP04380,Bhopal,Lucknow,,General Network,Bhopal_Lucknow,Expressway,Express Van,1873,0.14,Cloudy,0.308,3,0.56,1200,Express,Midday,Saturday,20.61,25.584,20.61,207.9,0,2024-05-04 12:00:00
SHP04381,Surat,Vadodara,Mumbai,General Network,Surat_Vadodara,City Road,Mini Truck,359,0.56,Clear,0.496,3,0.4,1800,Standard,Afternoon,Friday,17.425,16.229,17.425,361.7,0,2024-02-09 14:00:00
SHP04382,Pune,Surat,,General Network,Pune_Surat,City Road,Express Van,549,0.86,Fog,0.724,1,0.52,2800,Economy,Midday,Tuesday,39.639,20.268,39.639,1560.0,0,2024-01-02 11:00:00
SHP04383,Bangalore,Kolkata,Jaipur,General Network,Bangalore_Kolkata,Expressway,Express Van,1605,0.13,Clear,0.358,5,0.7,4200,Same-Day,Morning Rush,Sunday,16.177,21.291,16.177,89.2,0,2024-03-03 07:00:00
SHP04384,Lucknow,Nagpur,,General Network,Lucknow_Nagpur,City Road,FTL Truck,676,0.67,Fog,0.582,1,0.45,2000,Express,Afternoon,Tuesday,42.546,28.113,42.546,1393.9,0,2024-02-13 17:00:00
SHP04385,Chandigarh,Vadodara,,General Network,Chandigarh_Vadodara,Highway,Mini Truck,1494,0.7,Cloudy,0.668,4,0.62,1000,Economy,Evening Rush,Friday,41.845,28.213,41.845,1265.7,0,2024-05-03 18:00:00
SHP04386,Hyderabad,Lucknow,,General Network,Hyderabad_Lucknow,Mixed,Carting Vehicle,478,0.65,Clear,0.502,0,0.28,3800,Economy,Afternoon,Wednesday,17.914,16.12,17.914,437.5,0,2024-10-02 15:00:00
SHP04387,Jaipur,Kolkata,,General Network,Jaipur_Kolkata,Highway,Carting Vehicle,863,0.19,Storm,0.37,5,0.64,2200,Standard,Morning Rush,Tuesday,38.864,20.941,38.864,1468.8,0,2024-08-27 07:00:00
SHP04388,Surat,Lucknow,Coimbatore,General Network,Surat_Lucknow,City Road,FTL Truck,1293,0.24,Cloudy,0.412,2,0.67,1800,Express,Midday,Saturday,45.729,48.0,45.729,527.2,0,2024-04-20 11:00:00
SHP04389,Coimbatore,Chennai,,General Network,Coimbatore_Chennai,Highway,Container,1188,0.63,Rain,0.678,4,0.75,900,Standard,Midday,Saturday,39.736,25.557,39.736,1335.9,0,2024-05-04 12:00:00
SHP04390,Ahmedabad,Indore,Surat,General Network,Ahmedabad_Indore,Highway,Mini Truck,992,0.3,Storm,0.38,2,0.5,2600,Standard,Afternoon,Wednesday,39.003,20.821,39.003,1513.5,0,2024-10-30 15:00:00
SHP04391,Mumbai,Surat,Ahmedabad,General Network,Mumbai_Surat,Expressway,Express Van,2116,0.43,Clear,0.47,6,0.53,5000,Economy,Morning Rush,Friday,31.922,27.483,31.922,753.2,0,2024-04-26 06:00:00
SHP04392,Lucknow,Delhi,,UP Corridor,Lucknow_Delhi,Mixed,Carting Vehicle,777,0.89,Heavy Rain,0.91,4,0.94,2000,Standard,Morning Rush,Wednesday,56.098,26.607,56.098,2329.9,0,2024-07-17 09:00:00
SHP04393,Chennai,Indore,,General Network,Chennai_Indore,Expressway,Mini Truck,934,0.47,Fog,0.454,1,0.43,3500,Economy,Afternoon,Sunday,26.69,18.026,26.69,945.9,0,2024-11-24 15:00:00
SHP04394,Nagpur,Kolkata,,General Network,Nagpur_Kolkata,City Road,Carting Vehicle,522,0.72,Clear,0.612,0,0.45,1600,Express,Morning Rush,Thursday,29.467,30.153,29.467,574.9,0,2024-02-22 09:00:00
SHP04395,Jaipur,Ahmedabad,,General Network,Jaipur_Ahmedabad,Rural,Container,432,0.92,Clear,0.936,1,0.96,2200,Same-Day,Afternoon,Monday,18.231,17.889,18.231,416.2,0,2024-01-01 16:00:00
SHP04396,Indore,Patna,Vadodara,General Network,Indore_Patna,Rural,Express Van,320,,Fog,0.388,2,0.28,1400,Express,Evening Rush,Thursday,12.672,11.74,12.672,389.3,0,2024-03-07 18:00:00
SHP04397,Kochi,Hyderabad,Jaipur,General Network,Kochi_Hyderabad,Highway,Express Van,1148,0.54,Heavy Rain,0.408,3,0.21,800,Same-Day,Evening Rush,Wednesday,28.979,19.697,28.979,990.1,1,2024-12-04 20:00:00
SHP04398,Kochi,Chennai,Indore,General Network,Kochi_Chennai,Expressway,Mini Truck,1812,0.46,Clear,0.448,5,0.43,800,Standard,Afternoon,Wednesday,31.74,31.545,31.74,632.8,0,2024-02-07 17:00:00
SHP04399,Delhi,Patna,,General Network,Delhi_Patna,City Road,FTL Truck,1883,0.67,Rain,0.802,6,1.0,4800,Same-Day,Afternoon,Monday,101.656,24.0,101.656,2871.4,1,2024-08-26 17:00:00
SHP04400,Coimbatore,Bangalore,,General Network,Coimbatore_Bangalore,Mixed,Carting Vehicle,948,0.86,Storm,0.8,6,0.71,900,Economy,Morning Rush,Saturday,90.669,32.104,90.669,4176.1,0,2024-06-29 08:00:00
SHP04401,Hyderabad,Chandigarh,Bangalore,General Network,Hyderabad_Chandigarh,Rural,Mini Truck,2274,0.23,Fog,0.458,4,0.8,3800,Standard,Midday,Saturday,101.635,72.0,101.635,2729.2,1,2024-12-21 12:00:00
SHP04402,Kochi,Patna,Chandigarh,General Network,Kochi_Patna,Rural,Mini Truck,1629,0.29,Heavy Rain,0.454,1,0.7,800,Same-Day,Evening Rush,Friday,77.033,24.0,77.033,2208.6,1,2024-11-22 18:00:00
SHP04403,Bhopal,Kochi,,General Network,Bhopal_Kochi,Highway,FTL Truck,1357,0.22,Cloudy,0.224,3,0.23,1200,Standard,Morning Rush,Wednesday,22.44,24.383,22.44,328.7,0,2024-01-10 07:00:00
SHP04404,Ahmedabad,Bangalore,Delhi,General Network,Ahmedabad_Bangalore,Mixed,Mini Truck,1410,0.6,Clear,0.716,1,0.89,2600,Same-Day,Evening Rush,Saturday,33.417,24.0,33.417,438.4,1,2024-11-23 18:00:00
SHP04405,Patna,Coimbatore,Chandigarh,General Network,Patna_Coimbatore,Rural,FTL Truck,2057,0.26,Fog,0.476,1,0.8,1100,Economy,Evening Rush,Sunday,93.571,64.414,93.571,2871.6,0,2024-01-28 20:00:00
SHP04406,Ahmedabad,Kolkata,,General Network,Ahmedabad_Kolkata,Mixed,Mini Truck,1207,0.78,Rain,0.736,3,0.67,2600,Same-Day,Midday,Wednesday,45.075,24.0,45.075,1363.4,1,2024-07-03 11:00:00
SHP04407,Kolkata,Vizag,Pune,General Network,Kolkata_Vizag,Expressway,Mini Truck,130,0.23,Clear,0.47,6,0.83,3200,Express,Evening Rush,Sunday,4.495,6.604,4.495,178.5,0,2024-08-11 21:00:00
SHP04408,Lucknow,Chennai,Coimbatore,General Network,Lucknow_Chennai,Mixed,Container,2318,0.93,Heavy Rain,0.722,4,0.41,2000,Economy,Night,Friday,162.059,61.395,162.059,6996.5,1,2024-10-18 22:00:00
SHP04409,Hyderabad,Surat,Chandigarh,General Network,Hyderabad_Surat,Highway,Express Van,394,0.94,Fog,0.844,3,0.7,3800,Same-Day,Midday,Wednesday,10.774,9.794,10.774,389.5,0,2024-10-16 10:00:00
SHP04410,Nagpur,Surat,Chennai,General Network,Nagpur_Surat,Rural,Mini Truck,1023,0.92,Clear,0.828,4,0.69,1600,Same-Day,Afternoon,Thursday,39.813,24.0,39.813,873.2,1,2024-10-31 17:00:00
SHP04411,Vizag,Vadodara,,General Network,Vizag_Vadodara,City Road,Carting Vehicle,1661,0.14,Clear,0.376,5,0.73,850,Same-Day,Morning Rush,Thursday,61.762,24.0,61.762,0.0,1,2024-09-12 09:00:00
SHP04412,Chandigarh,Lucknow,,General Network,Chandigarh_Lucknow,City Road,Container,1450,0.87,Rain,0.738,3,0.54,1000,Standard,Afternoon,Monday,117.784,66.258,117.784,4142.6,1,2024-08-19 17:00:00
SHP04413,Hyderabad,Surat,Bangalore,General Network,Hyderabad_Surat,Highway,Express Van,1125,0.57,Fog,0.458,6,0.29,3800,Economy,Morning Rush,Monday,31.912,18.353,31.912,1181.0,0,2024-01-22 07:00:00
SHP04414,Vizag,Nagpur,Patna,General Network,Vizag_Nagpur,Highway,FTL Truck,2226,0.27,Clear,0.55,6,0.97,850,Economy,Evening Rush,Thursday,40.818,40.532,40.818,779.6,0,2024-09-26 18:00:00
SHP04415,Surat,Kochi,,General Network,Surat_Kochi,Mixed,Express Van,2374,0.84,Heavy Rain,0.872,2,0.92,1800,Express,Morning Rush,Saturday,96.938,46.527,96.938,3752.0,1,2024-08-31 06:00:00
SHP04416,Chandigarh,Mumbai,,General Network,Chandigarh_Mumbai,City Road,FTL Truck,571,0.79,Storm,0.582,0,0.27,1000,Express,Morning Rush,Friday,54.066,22.434,54.066,2265.1,1,2024-12-20 07:00:00
SHP04417,Coimbatore,Kolkata,,General Network,Coimbatore_Kolkata,Highway,Mini Truck,2128,0.35,Heavy Rain,0.59,3,0.95,900,Economy,Morning Rush,Tuesday,78.112,40.098,78.112,2913.4,0,2024-06-25 07:00:00
SHP04418,Vizag,Delhi,,General Network,Vizag_Delhi,Highway,Container,1726,0.69,Clear,0.626,0,0.53,850,Standard,Evening Rush,Friday,39.725,36.457,39.725,860.6,0,2024-01-05 18:00:00
SHP04419,Vizag,Chandigarh,,General Network,Vizag_Chandigarh,Highway,Container,719,0.15,Storm,0.27,1,0.45,850,Standard,Morning Rush,Saturday,27.12,16.349,27.12,992.8,0,2024-06-22 07:00:00
SHP04420,Jaipur,Delhi,Chandigarh,NCR-Rajasthan Corridor,Jaipur_Delhi,Expressway,Carting Vehicle,595,0.68,Fog,0.76,1,0.88,2200,Same-Day,Midday,Sunday,18.213,14.356,18.213,591.7,0,2024-06-16 10:00:00
SHP04421,Jaipur,Ahmedabad,Chandigarh,General Network,Jaipur_Ahmedabad,Rural,Carting Vehicle,2179,0.43,Fog,0.634,5,0.94,2200,Express,Afternoon,Monday,122.886,48.0,122.886,3499.4,1,2024-09-02 15:00:00
SHP04422,Bhopal,Hyderabad,,General Network,Bhopal_Hyderabad,Highway,Container,1212,0.56,Rain,0.632,4,0.74,1200,Same-Day,Midday,Sunday,33.166,24.0,33.166,920.6,1,2024-10-20 13:00:00
SHP04423,Chennai,Coimbatore,Mumbai,General Network,Chennai_Coimbatore,Rural,Mini Truck,1144,0.58,Heavy Rain,0.672,6,0.81,3500,Express,Morning Rush,Wednesday,72.172,38.903,72.172,2635.5,1,2024-08-21 06:00:00
SHP04424,Chennai,Coimbatore,Nagpur,General Network,Chennai_Coimbatore,City Road,Mini Truck,810,0.4,Storm,0.624,0,0.96,3500,Express,Night,Tuesday,69.875,35.343,69.875,2649.7,1,2024-09-24 22:00:00
SHP04425,Surat,Chandigarh,,General Network,Surat_Chandigarh,Highway,FTL Truck,1631,0.19,Clear,0.222,4,0.27,1800,Economy,Midday,Wednesday,27.549,28.053,27.549,429.7,0,2024-07-03 13:00:00
SHP04426,Vadodara,Lucknow,,General Network,Vadodara_Lucknow,City Road,Express Van,1245,0.66,Clear,0.664,2,0.67,750,Economy,Afternoon,Thursday,54.088,44.135,54.088,1389.4,0,2024-10-24 16:00:00
SHP04427,Hyderabad,Vizag,Vadodara,General Network,Hyderabad_Vizag,City Road,Express Van,1837,0.87,Clear,0.786,5,0.66,3800,Same-Day,Afternoon,Monday,68.583,24.0,68.583,1376.6,1,2024-03-11 16:00:00
SHP04428,Coimbatore,Ahmedabad,,General Network,Coimbatore_Ahmedabad,City Road,Carting Vehicle,229,0.37,Fog,0.49,0,0.67,900,Same-Day,Afternoon,Thursday,14.61,14.523,14.61,353.2,0,2024-08-01 15:00:00
SHP04429,Nagpur,Lucknow,,General Network,Nagpur_Lucknow,Rural,FTL Truck,1572,0.5,Fog,0.656,2,0.89,1600,Economy,Morning Rush,Wednesday,84.337,47.499,84.337,2964.2,0,2024-10-16 09:00:00
SHP04430,Coimbatore,Vadodara,Delhi,General Network,Coimbatore_Vadodara,Rural,Carting Vehicle,2255,0.99,Heavy Rain,0.722,3,0.32,900,Same-Day,Evening Rush,Sunday,184.954,24.0,184.954,7088.4,1,2024-09-22 20:00:00
SHP04431,Patna,Vadodara,Vizag,General Network,Patna_Vadodara,Mixed,Express Van,1906,0.21,Clear,0.278,2,0.38,1100,Standard,Midday,Thursday,33.42,39.418,33.42,347.8,0,2024-07-11 12:00:00
SHP04432,Chandigarh,Kolkata,,General Network,Chandigarh_Kolkata,City Road,Mini Truck,2156,0.24,Heavy Rain,0.328,5,0.46,1000,Express,Afternoon,Saturday,137.9,48.0,137.9,4167.4,1,2024-02-24 14:00:00
SHP04433,Chandigarh,Nagpur,,General Network,Chandigarh_Nagpur,Mixed,Carting Vehicle,2235,0.91,Storm,0.91,4,0.91,1000,Economy,Evening Rush,Thursday,213.753,66.9,213.753,9845.2,1,2024-05-30 20:00:00
SHP04434,Coimbatore,Patna,,General Network,Coimbatore_Patna,Highway,FTL Truck,1106,0.78,Clear,0.548,0,0.2,900,Standard,Evening Rush,Tuesday,22.851,20.872,22.851,541.6,0,2024-02-20 20:00:00
SHP04435,Coimbatore,Indore,Nagpur,General Network,Coimbatore_Indore,City Road,Container,2161,0.38,Cloudy,0.576,3,0.87,900,Same-Day,Night,Thursday,91.076,24.0,91.076,1106.3,1,2024-11-07 22:00:00
SHP04436,Nagpur,Kochi,,General Network,Nagpur_Kochi,City Road,Express Van,796,0.78,Fog,0.748,3,0.7,1600,Standard,Evening Rush,Friday,49.647,27.176,49.647,1792.2,0,2024-09-20 21:00:00
SHP04437,Hyderabad,Chennai,,Deccan-Southern Corridor,Hyderabad_Chennai,Expressway,Container,1663,0.32,Storm,0.272,4,0.2,3800,Express,Afternoon,Monday,54.472,28.778,54.472,2032.6,1,2024-09-09 15:00:00
SHP04438,Bangalore,Chandigarh,,General Network,Bangalore_Chandigarh,City Road,Carting Vehicle,2348,0.13,Cloudy,0.43,2,0.88,4200,Express,Afternoon,Sunday,100.955,48.0,100.955,690.4,1,2024-04-21 16:00:00
SHP04439,Nagpur,Bhopal,Vadodara,General Network,Nagpur_Bhopal,Mixed,Container,1104,0.97,Cloudy,0.898,2,0.79,1600,Express,Morning Rush,Monday,40.835,29.793,40.835,1151.3,0,2024-01-29 06:00:00
SHP04440,Pune,Surat,,General Network,Pune_Surat,Rural,Mini Truck,839,0.83,Clear,0.698,4,0.5,2800,Express,Midday,Tuesday,34.083,29.303,34.083,802.0,0,2024-12-17 11:00:00
SHP04441,Chandigarh,Nagpur,,General Network,Chandigarh_Nagpur,Highway,FTL Truck,840,0.57,Rain,0.598,1,0.64,1000,Same-Day,Midday,Thursday,19.075,17.651,19.075,514.5,0,2024-02-15 12:00:00
SHP04442,Kochi,Kolkata,,General Network,Kochi_Kolkata,City Road,Container,1245,0.71,Cloudy,0.734,6,,800,Express,Evening Rush,Friday,69.385,48.0,69.385,1652.2,1,2024-03-15 20:00:00
SHP04443,Mumbai,Chandigarh,,General Network,Mumbai_Chandigarh,Mixed,FTL Truck,1288,0.95,Heavy Rain,0.946,3,0.94,5000,Economy,Midday,Thursday,78.27,30.882,78.27,3408.2,0,2024-02-22 13:00:00
SHP04444,Nagpur,Vadodara,Hyderabad,General Network,Nagpur_Vadodara,Mixed,Carting Vehicle,2149,0.18,Cloudy,0.364,4,0.64,1600,Express,Morning Rush,Thursday,56.881,48.0,56.881,547.5,1,2024-12-12 06:00:00
SHP04445,Pune,Bangalore,Bhopal,General Network,Pune_Bangalore,Highway,Mini Truck,1220,0.92,Storm,0.744,3,0.48,2800,Express,Afternoon,Tuesday,61.619,25.005,61.619,2680.5,1,2024-07-16 16:00:00
SHP04446,Patna,Surat,Jaipur,General Network,Patna_Surat,Highway,Carting Vehicle,696,0.33,Fog,0.386,4,0.47,1100,Same-Day,Morning Rush,Friday,20.415,18.223,20.415,528.9,0,2024-02-02 08:00:00
SHP04447,Patna,Nagpur,,General Network,Patna_Nagpur,Highway,Mini Truck,1138,0.93,Storm,0.914,1,0.89,1100,Same-Day,Midday,Saturday,53.38,23.794,53.38,2254.5,1,2024-11-30 13:00:00
SHP04448,Bhopal,Mumbai,,General Network,Bhopal_Mumbai,City Road,Express Van,1986,0.8,Fog,0.568,2,0.22,1200,Economy,Midday,Sunday,136.837,67.69,136.837,5249.7,1,2024-08-18 12:00:00
SHP04449,Nagpur,Kolkata,Vadodara,General Network,Nagpur_Kolkata,Highway,Mini Truck,1937,0.88,Clear,0.636,5,0.27,1600,Economy,Afternoon,Monday,54.393,39.754,54.393,1649.4,0,2024-08-05 17:00:00
SHP04450,Bangalore,Kochi,,General Network,Bangalore_Kochi,Mixed,Mini Truck,733,0.66,Fog,0.512,3,0.29,4200,Same-Day,Midday,Thursday,27.855,20.79,27.855,856.9,1,2024-11-21 13:00:00
SHP04451,Nagpur,Indore,,General Network,Nagpur_Indore,Highway,FTL Truck,1099,0.13,Storm,0.374,4,0.74,1600,Same-Day,Morning Rush,Monday,30.864,22.623,30.864,1027.6,1,2024-05-13 06:00:00
SHP04452,Kolkata,Coimbatore,,General Network,Kolkata_Coimbatore,City Road,Mini Truck,467,0.11,Heavy Rain,0.17,0,0.26,3200,Same-Day,Morning Rush,Tuesday,25.213,21.935,25.213,623.3,1,2024-11-19 09:00:00
SHP04453,Bangalore,Mumbai,Surat,Western-Southern Corridor,Bangalore_Mumbai,Mixed,Express Van,1031,0.51,Rain,0.582,1,0.69,4200,Same-Day,Evening Rush,Tuesday,26.245,22.389,26.245,678.2,1,2024-07-16 18:00:00
SHP04454,Bhopal,Bangalore,,General Network,Bhopal_Bangalore,Rural,FTL Truck,1900,0.2,Fog,0.304,4,0.46,1200,Standard,Morning Rush,Saturday,75.202,55.921,75.202,1978.8,1,2024-04-06 09:00:00
SHP04455,Bangalore,Ahmedabad,Vizag,General Network,Bangalore_Ahmedabad,Mixed,FTL Truck,117,0.92,Heavy Rain,0.692,5,0.35,4200,Same-Day,Evening Rush,Friday,7.954,6.344,7.954,360.2,0,2024-12-06 21:00:00
SHP04456,Chandigarh,Patna,Vizag,General Network,Chandigarh_Patna,City Road,Mini Truck,427,0.98,Clear,0.688,6,0.25,1000,Economy,Afternoon,Friday,30.227,19.991,30.227,1000.3,0,2024-05-10 17:00:00
SHP04457,Hyderabad,Kochi,Surat,General Network,Hyderabad_Kochi,Highway,Mini Truck,1843,0.24,Fog,0.408,6,0.66,3800,Express,Afternoon,Sunday,45.057,37.679,45.057,1167.6,0,2024-12-08 16:00:00
SHP04458,Vizag,Chennai,Kolkata,General Network,Vizag_Chennai,Highway,FTL Truck,1238,0.78,Cloudy,0.624,6,0.39,850,Economy,Morning Rush,Monday,33.132,22.709,33.132,1059.4,0,2024-11-18 07:00:00
SHP04459,Chandigarh,Kolkata,,General Network,Chandigarh_Kolkata,City Road,Express Van,1362,0.38,Storm,0.372,2,0.36,1000,Economy,Morning Rush,Monday,110.186,46.714,110.186,4580.8,0,2024-12-02 06:00:00
SHP04460,Vizag,Indore,,General Network,Vizag_Indore,Mixed,Express Van,2100,0.56,Storm,0.584,4,0.62,850,Express,Evening Rush,Monday,91.582,41.014,91.582,3668.8,1,2024-12-30 18:00:00
SHP04461,Surat,Vadodara,,General Network,Surat_Vadodara,Highway,Express Van,824,0.42,Rain,0.608,1,0.89,1800,Same-Day,Afternoon,Tuesday,14.726,15.56,14.726,346.2,0,2024-02-27 14:00:00
SHP04462,Chandigarh,Jaipur,,General Network,Chandigarh_Jaipur,City Road,Container,1656,0.61,Storm,0.562,4,0.49,1000,Same-Day,Midday,Tuesday,156.702,24.0,156.702,6062.3,1,2024-09-03 12:00:00
SHP04463,Kolkata,Mumbai,Patna,General Network,Kolkata_Mumbai,Rural,Container,1182,0.83,Clear,0.642,5,0.36,3200,Economy,Morning Rush,Wednesday,59.335,43.273,59.335,1706.0,0,2024-01-31 06:00:00
SHP04464,Chandigarh,Mumbai,,General Network,Chandigarh_Mumbai,Mixed,Mini Truck,637,0.98,Storm,0.752,4,0.41,1000,Economy,Morning Rush,Saturday,53.508,18.866,53.508,2502.7,0,2024-01-27 06:00:00
SHP04465,Kolkata,Coimbatore,Bangalore,General Network,Kolkata_Coimbatore,City Road,Carting Vehicle,1409,0.6,,0.632,1,0.68,3200,Same-Day,Midday,Friday,75.351,24.0,75.351,1300.5,1,2024-10-04 11:00:00
SHP04466,Nagpur,Chandigarh,,General Network,Nagpur_Chandigarh,Expressway,Mini Truck,1935,0.4,Cloudy,0.572,1,0.83,1600,Standard,Morning Rush,Saturday,34.115,30.593,34.115,689.0,0,2024-07-20 09:00:00
SHP04467,Coimbatore,Jaipur,Pune,General Network,Coimbatore_Jaipur,City Road,Container,863,0.25,Fog,0.486,4,0.84,900,Economy,Morning Rush,Tuesday,60.183,40.902,60.183,1870.5,0,2024-04-16 06:00:00
SHP04468,Mumbai,Indore,Vadodara,General Network,Mumbai_Indore,Expressway,FTL Truck,2485,0.39,Rain,0.506,4,0.68,5000,Same-Day,Evening Rush,Sunday,43.472,24.0,43.472,1038.9,1,2024-10-06 20:00:00
SHP04469,Pune,Ahmedabad,,General Network,Pune_Ahmedabad,Highway,Container,455,0.12,Fog,0.392,6,0.8,2800,Express,Midday,Monday,13.07,13.698,13.07,382.7,0,2024-09-30 12:00:00
SHP04470,Chennai,Bhopal,,General Network,Chennai_Bhopal,City Road,Container,342,0.36,Cloudy,0.372,0,0.39,3500,Economy,Night,Thursday,18.626,16.179,18.626,427.8,0,2024-05-30 22:00:00
SHP04471,Bhopal,Chennai,Chandigarh,General Network,Bhopal_Chennai,Highway,Mini Truck,1622,0.99,Cloudy,0.854,5,0.65,1200,Express,Evening Rush,Saturday,43.052,32.705,43.052,1231.4,0,2024-07-27 21:00:00
SHP04472,Nagpur,Kolkata,,General Network,Nagpur_Kolkata,Expressway,FTL Truck,2234,0.25,Storm,0.498,3,0.87,1600,Express,Evening Rush,Wednesday,59.341,34.272,59.341,2149.5,1,2024-04-17 19:00:00
SHP04473,Kolkata,Vadodara,,General Network,Kolkata_Vadodara,Highway,Carting Vehicle,764,0.51,Fog,0.478,6,0.43,3200,Standard,Evening Rush,Saturday,30.149,19.321,30.149,1044.9,0,2024-12-07 18:00:00
SHP04474,Surat,Delhi,Kochi,General Network,Surat_Delhi,Mixed,FTL Truck,984,0.86,Cloudy,0.684,5,0.42,1800,Express,Evening Rush,Monday,29.37,24.623,29.37,778.2,0,2024-01-15 20:00:00
SHP04475,Coimbatore,Kolkata,,General Network,Coimbatore_Kolkata,Rural,Carting Vehicle,2025,0.42,Clear,0.48,0,0.57,900,Express,Midday,Tuesday,74.732,48.0,74.732,883.9,1,2024-05-21 10:00:00
SHP04476,Kolkata,Delhi,,Northern-Eastern Corridor,Kolkata_Delhi,Mixed,Container,534,0.72,Fog,0.708,5,0.69,3200,Same-Day,Night,Thursday,23.928,17.975,23.928,807.4,0,2024-12-05 22:00:00
SHP04477,Hyderabad,Mumbai,,General Network,Hyderabad_Mumbai,Expressway,Mini Truck,2306,0.32,Fog,0.592,1,1.0,3800,Economy,Morning Rush,Wednesday,58.605,38.145,58.605,1898.1,0,2024-04-03 07:00:00
SHP04478,Kochi,Delhi,Patna,General Network,Kochi_Delhi,Highway,Express Van,1187,0.9,Heavy Rain,0.736,3,0.49,800,Economy,Afternoon,Saturday,46.708,20.799,46.708,2028.3,0,2024-05-04 15:00:00
SHP04479,Indore,Patna,,General Network,Indore_Patna,Rural,Mini Truck,985,0.92,,0.888,0,0.84,1400,Same-Day,Afternoon,Thursday,64.779,24.0,64.779,2427.5,1,2024-02-22 16:00:00
SHP04480,Patna,Indore,,General Network,Patna_Indore,Rural,FTL Truck,1593,0.32,Clear,0.416,6,0.56,1100,Economy,Evening Rush,Saturday,52.221,50.15,52.221,1009.2,0,2024-04-13 19:00:00
SHP04481,Hyderabad,Pune,Chandigarh,General Network,Hyderabad_Pune,Mixed,Container,2090,0.33,Fog,0.51,2,0.78,3800,Standard,Morning Rush,Wednesday,79.43,56.601,79.43,2307.0,1,2024-09-11 08:00:00
SHP04482,Ahmedabad,Delhi,,General Network,Ahmedabad_Delhi,Expressway,Mini Truck,357,0.74,Clear,0.736,3,0.73,2600,Express,Morning Rush,Monday,7.778,8.333,7.778,216.2,0,2024-09-30 07:00:00
SHP04483,Bangalore,Kochi,Chandigarh,General Network,Bangalore_Kochi,Expressway,Mini Truck,918,0.89,Storm,0.822,4,0.72,4200,Standard,Midday,Thursday,42.583,16.908,42.583,1910.8,0,2024-12-12 11:00:00
SHP04484,Jaipur,Hyderabad,,General Network,Jaipur_Hyderabad,Highway,Container,594,0.91,Storm,0.682,3,0.34,2200,Economy,Evening Rush,Monday,38.604,14.112,38.604,1792.1,0,2024-06-24 18:00:00
SHP04485,Vizag,Bhopal,,General Network,Vizag_Bhopal,Expressway,Express Van,2446,0.84,Storm,0.716,4,0.53,850,Standard,Night,Saturday,83.857,32.497,83.857,3688.1,1,2024-01-06 22:00:00
SHP04486,Chandigarh,Mumbai,Surat,General Network,Chandigarh_Mumbai,Highway,FTL Truck,2372,0.93,Cloudy,0.814,1,0.64,1000,Same-Day,Midday,Saturday,49.536,24.0,49.536,1193.1,1,2024-06-15 13:00:00
SHP04487,Bangalore,Hyderabad,,General Network,Bangalore_Hyderabad,Highway,FTL Truck,1765,0.17,Cloudy,0.362,0,0.65,4200,Express,Midday,Saturday,26.492,33.18,26.492,265.7,0,2024-11-09 12:00:00
SHP04488,Vadodara,Chandigarh,Jaipur,General Network,Vadodara_Chandigarh,City Road,Carting Vehicle,293,0.23,Heavy Rain,0.282,1,0.36,750,Express,Midday,Friday,22.902,17.682,22.902,704.4,0,2024-06-14 11:00:00
SHP04489,Mumbai,Bangalore,,Western-Southern Corridor,Mumbai_Bangalore,Expressway,Express Van,2267,0.18,Cloudy,0.496,5,0.97,5000,Express,Afternoon,Thursday,26.088,30.024,26.088,320.2,0,2024-03-21 14:00:00
SHP04490,Bhopal,Mumbai,Pune,General Network,Bhopal_Mumbai,City Road,Carting Vehicle,2462,0.52,Fog,0.58,4,0.67,1200,Standard,Midday,Wednesday,201.507,72.0,201.507,6463.0,1,2024-01-24 11:00:00
SHP04491,Bhopal,Hyderabad,,General Network,Bhopal_Hyderabad,Expressway,Container,991,0.54,Fog,0.68,2,0.89,1200,Express,Morning Rush,Saturday,25.773,18.73,25.773,810.0,0,2024-01-27 08:00:00
SHP04492,Indore,Kochi,Jaipur,General Network,Indore_Kochi,Rural,Container,144,0.41,Fog,0.418,1,0.43,1400,Standard,Morning Rush,Friday,8.311,8.385,8.311,272.8,0,2024-04-26 09:00:00
SHP04493,Coimbatore,Ahmedabad,,General Network,Coimbatore_Ahmedabad,Mixed,Container,1347,0.14,Cloudy,0.364,2,0.7,900,Economy,Midday,Sunday,37.139,35.808,37.139,643.6,0,2024-03-10 13:00:00
SHP04494,Bangalore,Patna,,General Network,Bangalore_Patna,City Road,Carting Vehicle,2345,0.13,Rain,0.37,6,0.73,4200,Express,Afternoon,Monday,129.908,48.0,129.908,2434.5,1,2024-04-08 14:00:00
SHP04495,Surat,Hyderabad,,General Network,Surat_Hyderabad,Highway,Carting Vehicle,1540,0.35,Rain,0.498,0,0.72,1800,Same-Day,Evening Rush,Sunday,39.297,24.0,39.297,817.8,1,2024-01-07 20:00:00
SHP04496,Chennai,Jaipur,Pune,General Network,Chennai_Jaipur,Highway,Mini Truck,1483,0.31,Storm,0.518,6,0.83,3500,Economy,Midday,Thursday,66.205,31.711,66.205,2736.5,0,2024-03-28 10:00:00
SHP04497,Bhopal,Chandigarh,,General Network,Bhopal_Chandigarh,Mixed,Container,107,0.42,Fog,0.384,5,0.33,1200,Economy,Night,Monday,6.42,6.81,6.42,259.3,0,2024-04-29 22:00:00
SHP04498,Delhi,Bangalore,Mumbai,General Network,Delhi_Bangalore,Highway,Carting Vehicle,365,0.63,Storm,0.726,0,0.87,4800,Standard,Midday,Sunday,21.103,9.602,21.103,901.2,0,2024-10-13 11:00:00
SHP04499,Pune,Kochi,,General Network,Pune_Kochi,Mixed,Express Van,2180,0.2,Heavy Rain,0.292,3,0.43,2800,Standard,Midday,Saturday,67.703,42.387,67.703,2166.5,0,2024-07-20 11:00:00
SHP04500,Hyderabad,Indore,Ahmedabad,General Network,Hyderabad_Indore,Rural,Container,465,0.53,Rain,0.582,4,0.66,3800,Express,Morning Rush,Sunday,24.426,20.582,24.426,736.2,0,2024-12-29 07:00:00
SHP04501,Hyderabad,Vizag,Coimbatore,General Network,Hyderabad_Vizag,City Road,Express Van,1374,0.94,Heavy Rain,0.936,2,0.93,3800,Standard,Evening Rush,Friday,109.61,49.368,109.61,4528.4,1,2024-07-19 18:00:00
SHP04502,Kolkata,Lucknow,,General Network,Kolkata_Lucknow,Mixed,Carting Vehicle,145,0.91,Rain,0.894,0,0.87,3200,Express,Morning Rush,Sunday,8.327,9.131,8.327,306.3,0,2024-01-21 08:00:00
SHP04503,Delhi,Chandigarh,,General Network,Delhi_Chandigarh,Highway,Mini Truck,135,0.68,Storm,0.568,1,0.4,4800,Economy,Night,Wednesday,8.339,7.14,8.339,387.8,0,2024-01-17 22:00:00
SHP04504,Mumbai,Indore,,General Network,Mumbai_Indore,Rural,Carting Vehicle,1545,0.8,Cloudy,0.72,0,0.6,5000,Express,Midday,Sunday,76.499,48.0,76.499,1843.3,1,2024-03-03 13:00:00
SHP04505,Jaipur,Kolkata,,General Network,Jaipur_Kolkata,Mixed,Express Van,1103,0.18,Storm,0.276,5,0.42,2200,Standard,Morning Rush,Thursday,42.633,25.421,42.633,1598.9,0,2024-11-21 09:00:00
SHP04506,Surat,Coimbatore,,General Network,Surat_Coimbatore,City Road,Mini Truck,2223,0.6,Fog,0.648,0,0.72,1800,Economy,Midday,Wednesday,176.648,93.492,176.648,6364.6,1,2024-02-28 12:00:00
SHP04507,Hyderabad,Lucknow,,General Network,Hyderabad_Lucknow,City Road,FTL Truck,931,0.62,Storm,0.6,5,0.57,3800,Same-Day,Afternoon,Monday,75.796,24.0,75.796,2951.8,1,2024-01-15 16:00:00
SHP04508,Jaipur,Bhopal,Vizag,General Network,Jaipur_Bhopal,City Road,FTL Truck,1688,0.6,Storm,0.58,0,0.55,2200,Express,Afternoon,Monday,144.868,48.0,144.868,5798.3,1,2024-01-22 15:00:00
SHP04509,Bhopal,Delhi,,General Network,Bhopal_Delhi,Expressway,Carting Vehicle,987,0.57,Heavy Rain,0.582,2,0.6,1200,Economy,Afternoon,Monday,41.671,21.428,41.671,1669.1,0,2024-09-23 16:00:00
SHP04510,Hyderabad,Nagpur,,General Network,Hyderabad_Nagpur,Mixed,Express Van,1548,0.61,Fog,0.574,1,0.52,3800,Standard,Midday,Tuesday,50.72,33.692,50.72,1697.1,0,2024-01-16 13:00:00
SHP04511,Surat,Ahmedabad,,General Network,Surat_Ahmedabad,Mixed,Carting Vehicle,970,0.16,Storm,0.408,0,0.78,1800,Same-Day,Morning Rush,Saturday,45.865,24.0,45.865,1458.6,1,2024-06-22 08:00:00
SHP04512,Ahmedabad,Bangalore,Kochi,General Network,Ahmedabad_Bangalore,Mixed,Carting Vehicle,1094,0.17,,0.37,3,0.67,2600,Economy,Afternoon,Sunday,35.264,34.314,35.264,657.2,0,2024-07-07 15:00:00
SHP04513,Bhopal,Indore,Surat,General Network,Bhopal_Indore,Highway,Mini Truck,116,0.91,Clear,0.658,3,0.28,1200,Same-Day,Evening Rush,Tuesday,3.134,3.733,3.134,91.4,0,2024-06-04 18:00:00
SHP04514,Delhi,Vizag,Chennai,General Network,Delhi_Vizag,Rural,FTL Truck,2283,0.14,Rain,0.368,6,0.71,4800,Standard,Afternoon,Thursday,82.487,68.558,82.487,1905.2,1,2024-02-29 17:00:00
SHP04515,Delhi,Nagpur,Ahmedabad,General Network,Delhi_Nagpur,Expressway,FTL Truck,539,0.32,Fog,0.42,1,0.57,4800,Economy,Morning Rush,Wednesday,12.643,12.152,12.643,418.2,0,2024-08-21 08:00:00
SHP04516,Bhopal,Indore,,General Network,Bhopal_Indore,Expressway,Carting Vehicle,2260,0.24,Clear,0.448,3,0.76,1200,Economy,Afternoon,Monday,43.149,43.327,43.149,685.8,0,2024-12-09 16:00:00
SHP04517,Delhi,Bhopal,Hyderabad,General Network,Delhi_Bhopal,Mixed,Express Van,541,0.68,Storm,0.716,4,0.77,4800,Same-Day,Morning Rush,Thursday,24.912,13.856,24.912,1024.3,1,2024-11-07 06:00:00
SHP04518,Surat,Pune,,General Network,Surat_Pune,Expressway,Carting Vehicle,142,0.79,Rain,0.674,1,0.5,1800,Same-Day,Midday,Friday,4.992,4.823,4.992,180.0,0,2024-06-28 11:00:00
SHP04519,Delhi,Vizag,Kochi,General Network,Delhi_Vizag,City Road,FTL Truck,2302,0.88,Cloudy,0.808,4,0.7,4800,Same-Day,Evening Rush,Wednesday,107.194,24.0,107.194,2485.3,1,2024-10-30 18:00:00
SHP04520,Bhopal,Coimbatore,,General Network,Bhopal_Coimbatore,Expressway,Express Van,578,0.35,Fog,0.502,1,0.73,1200,Same-Day,Midday,Saturday,9.578,8.083,9.578,257.2,0,2024-03-16 10:00:00
SHP04521,Chandigarh,Kochi,,General Network,Chandigarh_Kochi,Mixed,Mini Truck,121,0.76,Rain,0.6,0,0.36,1000,Express,Afternoon,Saturday,4.724,5.151,4.724,149.0,0,2024-06-29 15:00:00
SHP04522,Coimbatore,Ahmedabad,,General Network,Coimbatore_Ahmedabad,Mixed,FTL Truck,2098,0.23,Storm,0.23,4,0.23,900,Standard,Afternoon,Wednesday,92.993,49.194,92.993,3481.6,1,2024-12-11 14:00:00
SHP04523,Pune,Bhopal,,General Network,Pune_Bhopal,Highway,Express Van,808,0.47,Storm,0.438,1,0.39,2800,Express,Afternoon,Saturday,24.933,15.935,24.933,969.0,0,2024-11-02 16:00:00
SHP04524,Lucknow,Mumbai,,General Network,Lucknow_Mumbai,Mixed,Carting Vehicle,2318,0.91,Cloudy,0.854,5,0.77,2000,Same-Day,Evening Rush,Monday,85.878,24.0,85.878,2062.0,1,2024-01-15 18:00:00
SHP04525,Nagpur,Bhopal,Vadodara,General Network,Nagpur_Bhopal,Mixed,FTL Truck,2191,0.75,Cloudy,0.726,1,0.69,1600,Standard,Midday,Sunday,65.489,50.009,65.489,1738.3,0,2024-02-11 13:00:00
SHP04526,Hyderabad,Jaipur,,General Network,Hyderabad_Jaipur,City Road,Carting Vehicle,468,0.84,Rain,0.808,3,0.76,3800,Same-Day,Morning Rush,Wednesday,35.744,24.0,35.744,1074.9,1,2024-06-26 08:00:00
SHP04527,Pune,Indore,,General Network,Pune_Indore,Rural,Container,449,0.89,Clear,0.858,0,0.81,2800,Same-Day,Evening Rush,Friday,17.452,17.906,17.452,342.8,0,2024-02-16 18:00:00
SHP04528,Ahmedabad,Hyderabad,Mumbai,General Network,Ahmedabad_Hyderabad,Expressway,Carting Vehicle,2042,0.43,Storm,0.606,3,0.87,2600,Economy,Afternoon,Sunday,97.761,40.662,97.761,4146.1,0,2024-06-30 17:00:00
SHP04529,Coimbatore,Lucknow,Vizag,General Network,Coimbatore_Lucknow,Mixed,FTL Truck,1185,0.29,Cloudy,0.338,3,0.41,900,Standard,Midday,Saturday,28.46,28.683,28.46,522.6,0,2024-11-30 11:00:00
SHP04530,Indore,Vizag,Delhi,General Network,Indore_Vizag,Highway,Container,85,0.55,Cloudy,0.638,6,0.77,1400,Economy,Afternoon,Wednesday,4.794,6.15,4.794,212.7,0,2024-10-16 17:00:00
SHP04531,Bhopal,Kolkata,Ahmedabad,General Network,Bhopal_Kolkata,Mixed,Carting Vehicle,905,0.12,Rain,0.208,0,0.34,1200,Same-Day,Evening Rush,Sunday,25.933,24.0,25.933,349.3,1,2024-10-13 21:00:00
SHP04532,Pune,Surat,Indore,General Network,Pune_Surat,Mixed,FTL Truck,1379,0.28,Clear,0.388,0,0.55,2800,Standard,Morning Rush,Thursday,28.599,34.016,28.599,336.9,0,2024-03-07 09:00:00
SHP04533,Jaipur,Kochi,,General Network,Jaipur_Kochi,City Road,Container,1417,0.8,Heavy Rain,0.74,2,0.65,2200,Standard,Afternoon,Monday,142.333,64.344,142.333,5682.2,1,2024-10-14 15:00:00
SHP04534,Mumbai,Coimbatore,,General Network,Mumbai_Coimbatore,City Road,Mini Truck,1608,0.83,Clear,0.878,5,0.95,5000,Economy,Morning Rush,Tuesday,97.187,68.411,97.187,2768.4,0,2024-04-23 08:00:00
SHP04535,Vadodara,Patna,,General Network,Vadodara_Patna,Rural,Carting Vehicle,1595,0.95,Clear,0.906,6,0.84,750,Economy,Morning Rush,Sunday,97.032,64.215,97.032,2986.3,0,2024-05-26 07:00:00
SHP04536,Ahmedabad,Jaipur,,General Network,Ahmedabad_Jaipur,Mixed,Express Van,2454,1.0,Heavy Rain,0.928,6,0.82,2600,Express,Night,Thursday,109.723,48.0,109.723,4449.5,1,2024-02-15 22:00:00
SHP04537,Coimbatore,Ahmedabad,Chennai,General Network,Coimbatore_Ahmedabad,Mixed,Container,1102,0.16,Fog,0.256,3,0.4,900,Same-Day,Morning Rush,Monday,32.199,24.0,32.199,635.5,1,2024-10-21 07:00:00
SHP04538,Coimbatore,Mumbai,Kochi,General Network,Coimbatore_Mumbai,Expressway,FTL Truck,1541,0.57,Cloudy,0.73,5,0.97,900,Express,Midday,Friday,26.934,24.542,26.934,642.8,0,2024-12-20 12:00:00
SHP04539,Indore,Delhi,Vizag,General Network,Indore_Delhi,Expressway,Mini Truck,1580,0.78,Storm,0.704,2,0.59,1400,Standard,Morning Rush,Tuesday,67.131,27.036,67.131,2919.1,0,2024-08-06 06:00:00
SHP04540,Chandigarh,Vadodara,Kolkata,General Network,Chandigarh_Vadodara,Highway,FTL Truck,2286,0.83,Storm,0.778,4,0.7,1000,Standard,Morning Rush,Tuesday,107.277,39.991,107.277,4722.1,1,2024-02-06 08:00:00
SHP04541,Bangalore,Hyderabad,,General Network,Bangalore_Hyderabad,Expressway,Container,1683,0.86,Clear,0.72,4,0.51,4200,Same-Day,Midday,Wednesday,32.074,24.0,32.074,673.9,1,2024-10-16 12:00:00
SHP04542,Kochi,Hyderabad,,General Network,Kochi_Hyderabad,Expressway,Container,1619,0.18,Fog,0.4,5,0.73,800,Same-Day,Morning Rush,Wednesday,31.405,24.0,31.405,681.3,1,2024-05-22 07:00:00
SHP04543,Mumbai,Indore,Patna,General Network,Mumbai_Indore,Rural,FTL Truck,1071,0.38,Rain,0.592,2,0.91,5000,Express,Afternoon,Sunday,41.498,35.497,41.498,1061.9,0,2024-10-27 14:00:00
SHP04544,Jaipur,Delhi,Vadodara,NCR-Rajasthan Corridor,Jaipur_Delhi,City Road,Mini Truck,2407,0.56,Fog,0.708,6,0.93,2200,Standard,Morning Rush,Wednesday,168.278,72.0,168.278,5511.9,1,2024-01-10 06:00:00
SHP04545,Surat,Vizag,,General Network,Surat_Vizag,Mixed,Carting Vehicle,511,0.61,Rain,0.714,2,0.87,1800,Economy,Morning Rush,Friday,27.625,18.557,27.625,976.2,0,2024-04-19 06:00:00
SHP04546,Patna,Hyderabad,,General Network,Patna_Hyderabad,Expressway,Mini Truck,1360,0.18,Clear,0.276,0,0.42,1100,Economy,Morning Rush,Thursday,20.72,24.428,20.72,288.8,0,2024-11-28 07:00:00
SHP04547,Hyderabad,Coimbatore,,General Network,Hyderabad_Coimbatore,Mixed,Container,314,0.72,Fog,0.6,6,0.42,3800,Same-Day,Midday,Tuesday,14.743,10.544,14.743,515.2,0,2024-04-02 13:00:00
SHP04548,Indore,Chandigarh,Pune,General Network,Indore_Chandigarh,Rural,Express Van,766,0.47,Clear,0.598,0,0.79,1400,Economy,Morning Rush,Sunday,23.725,23.883,23.725,535.4,0,2024-09-08 06:00:00
SHP04549,Nagpur,Indore,,General Network,Nagpur_Indore,City Road,Mini Truck,2248,0.45,Rain,0.502,5,0.58,1600,Standard,Morning Rush,Friday,138.118,72.0,138.118,4005.2,1,2024-11-08 09:00:00
SHP04550,Nagpur,Kolkata,,General Network,Nagpur_Kolkata,Highway,Mini Truck,2123,0.73,Fog,0.598,2,0.4,1600,Same-Day,Midday,Wednesday,60.785,24.0,60.785,1877.9,1,2024-08-07 12:00:00
SHP04551,Pune,Surat,Delhi,General Network,Pune_Surat,Rural,Container,847,0.13,Storm,0.214,0,0.34,2800,Standard,Evening Rush,Sunday,53.345,30.369,53.345,1872.1,0,2024-01-28 20:00:00
SHP04552,Bangalore,Nagpur,,General Network,Bangalore_Nagpur,Rural,Carting Vehicle,809,0.15,Fog,0.294,1,0.51,4200,Economy,Morning Rush,Monday,45.785,35.157,45.785,1308.9,0,2024-11-18 06:00:00
SHP04553,Delhi,Bangalore,,General Network,Delhi_Bangalore,Mixed,FTL Truck,2273,0.56,Heavy Rain,0.7,4,0.91,4800,Economy,Midday,Saturday,112.153,53.58,112.153,4456.2,0,2024-09-28 10:00:00
SHP04554,Chandigarh,Vizag,,General Network,Chandigarh_Vizag,Mixed,Mini Truck,860,0.24,Storm,0.524,2,0.95,1000,Standard,Midday,Monday,43.241,25.274,43.241,1638.9,0,2024-02-19 12:00:00
SHP04555,Vadodara,Kolkata,Ahmedabad,General Network,Vadodara_Kolkata,Mixed,FTL Truck,2478,0.12,Heavy Rain,0.22,6,0.37,750,Standard,Afternoon,Saturday,84.698,55.857,84.698,2603.9,1,2024-12-21 17:00:00
SHP04556,Coimbatore,Vizag,Vadodara,General Network,Coimbatore_Vizag,Mixed,Container,552,0.65,Cloudy,0.666,5,0.69,900,Express,Morning Rush,Sunday,18.882,17.833,18.882,483.5,0,2024-10-06 08:00:00
SHP04557,Mumbai,Kochi,,General Network,Mumbai_Kochi,Highway,FTL Truck,530,0.75,Heavy Rain,0.706,4,0.64,5000,Economy,Afternoon,Thursday,22.88,10.563,22.88,975.3,0,2024-12-12 15:00:00
SHP04558,Chennai,Bangalore,Coimbatore,Southern Corridor,Chennai_Bangalore,Rural,FTL Truck,918,0.92,Storm,0.924,6,0.93,3500,Same-Day,Morning Rush,Friday,70.111,24.0,70.111,2982.6,1,2024-10-25 07:00:00
SHP04559,Delhi,Nagpur,,General Network,Delhi_Nagpur,Rural,Container,1915,0.49,Cloudy,0.418,3,0.31,4800,Standard,Evening Rush,Thursday,77.573,66.323,77.573,1650.4,1,2024-08-15 21:00:00
SHP04560,Indore,Delhi,,General Network,Indore_Delhi,Mixed,Container,1361,0.23,Storm,0.446,3,0.77,1400,Same-Day,Evening Rush,Wednesday,61.083,24.0,61.083,2063.8,1,2024-07-24 19:00:00
SHP04561,Indore,Delhi,Ahmedabad,General Network,Indore_Delhi,Expressway,Container,1960,0.84,Fog,0.592,0,0.22,1400,Express,Afternoon,Wednesday,55.928,32.721,55.928,1899.4,1,2024-04-24 16:00:00
SHP04562,Patna,Indore,,General Network,Patna_Indore,Expressway,Carting Vehicle,340,0.84,Clear,0.86,2,0.89,1100,Standard,Morning Rush,Sunday,9.449,9.917,9.449,280.7,0,2024-02-11 06:00:00
SHP04563,Coimbatore,Chandigarh,Chennai,General Network,Coimbatore_Chandigarh,City Road,Carting Vehicle,705,0.49,Clear,0.642,6,0.87,900,Economy,Evening Rush,Saturday,44.589,38.407,44.589,1063.9,0,2024-06-29 20:00:00
SHP04564,Ahmedabad,Mumbai,Coimbatore,Gujarat-Maharashtra Corridor,Ahmedabad_Mumbai,Highway,Mini Truck,1630,0.3,Cloudy,0.528,0,0.87,2600,Standard,Morning Rush,Saturday,31.331,30.762,31.331,521.5,0,2024-06-22 06:00:00
SHP04565,Kolkata,Nagpur,,General Network,Kolkata_Nagpur,Expressway,Mini Truck,1362,0.18,Heavy Rain,0.38,4,0.68,3200,Express,Afternoon,Monday,32.664,25.319,32.664,1004.0,0,2024-10-14 17:00:00
SHP04566,Hyderabad,Surat,Bangalore,General Network,Hyderabad_Surat,City Road,Carting Vehicle,2188,0.57,Rain,0.686,6,0.86,3800,Express,Evening Rush,Thursday,159.87,48.0,159.87,4591.0,1,2024-04-18 18:00:00
SHP04567,Bhopal,Chennai,,General Network,Bhopal_Chennai,City Road,FTL Truck,1506,0.23,,0.39,5,0.63,1200,Same-Day,Morning Rush,Friday,98.228,24.0,98.228,3311.9,1,2024-12-20 07:00:00
SHP04568,Delhi,Bhopal,,General Network,Delhi_Bhopal,City Road,Carting Vehicle,2339,0.82,Rain,0.732,5,0.6,4800,Economy,Midday,Tuesday,232.913,117.21,232.913,8628.5,1,2024-08-27 11:00:00
SHP04569,Kolkata,Chennai,Bangalore,General Network,Kolkata_Chennai,City Road,Mini Truck,1766,0.93,Heavy Rain,0.714,5,0.39,3200,Standard,Afternoon,Tuesday,177.906,72.0,177.906,7310.6,1,2024-09-24 14:00:00
SHP04570,Bhopal,Delhi,Coimbatore,General Network,Bhopal_Delhi,City Road,FTL Truck,662,0.25,Storm,0.51,6,0.9,1200,Standard,Midday,Sunday,53.322,26.82,53.322,2064.5,0,2024-09-08 10:00:00
SHP04571,Lucknow,Vizag,Jaipur,General Network,Lucknow_Vizag,Rural,Mini Truck,616,0.61,Fog,0.606,5,0.6,2000,Express,Morning Rush,Tuesday,33.293,24.455,33.293,1085.0,0,2024-08-27 08:00:00
SHP04572,Kolkata,Chennai,,General Network,Kolkata_Chennai,Rural,Mini Truck,584,0.12,Clear,0.344,1,0.68,3200,Same-Day,Midday,Thursday,14.653,19.765,14.653,14.0,0,2024-11-14 11:00:00
SHP04573,Chennai,Mumbai,Nagpur,General Network,Chennai_Mumbai,Rural,Mini Truck,1287,0.7,Rain,0.76,0,0.85,3500,Economy,Night,Wednesday,78.433,43.235,78.433,2799.3,0,2024-07-31 22:00:00
SHP04574,Nagpur,Chandigarh,Chennai,General Network,Nagpur_Chandigarh,Rural,Carting Vehicle,2000,0.3,Rain,0.38,4,0.5,1600,Same-Day,Midday,Friday,89.359,24.0,89.359,1806.0,1,2024-07-05 10:00:00
SHP04575,Mumbai,Vizag,Surat,General Network,Mumbai_Vizag,Expressway,Express Van,2400,0.37,Storm,0.554,4,,5000,Standard,Evening Rush,Friday,64.715,31.153,64.715,2564.8,0,2024-11-01 20:00:00
SHP04576,Vizag,Ahmedabad,Jaipur,General Network,Vizag_Ahmedabad,Rural,Container,947,0.63,Rain,0.602,3,0.56,850,Same-Day,Morning Rush,Thursday,45.649,24.0,45.649,1253.5,1,2024-06-20 06:00:00
SHP04577,Mumbai,Chandigarh,Surat,General Network,Mumbai_Chandigarh,City Road,Mini Truck,1728,0.8,Fog,0.84,4,0.9,5000,Economy,Evening Rush,Monday,153.139,72.413,153.139,5896.9,1,2024-01-22 19:00:00
SHP04578,Ahmedabad,Surat,,General Network,Ahmedabad_Surat,Highway,Carting Vehicle,525,0.75,Clear,0.774,0,0.81,2600,Express,Evening Rush,Tuesday,13.191,12.652,13.191,266.5,0,2024-03-12 18:00:00
SHP04579,Ahmedabad,Kochi,Bangalore,General Network,Ahmedabad_Kochi,Mixed,Container,2068,0.47,Heavy Rain,0.494,3,0.53,2600,Same-Day,Morning Rush,Saturday,86.645,24.0,86.645,2765.7,1,2024-10-19 08:00:00
SHP04580,Vadodara,Mumbai,,General Network,Vadodara_Mumbai,Rural,FTL Truck,1191,0.92,Cloudy,0.768,0,0.54,750,Economy,Afternoon,Friday,57.312,36.619,57.312,1850.7,0,2024-05-10 14:00:00
SHP04581,Indore,Jaipur,,General Network,Indore_Jaipur,Rural,FTL Truck,286,0.11,Cloudy,0.286,4,0.55,1400,Standard,Morning Rush,Saturday,9.447,12.816,9.447,185.5,0,2024-11-16 08:00:00
SHP04582,Chennai,Kochi,Surat,General Network,Chennai_Kochi,Expressway,Express Van,1849,0.12,Clear,0.416,2,0.86,3500,Standard,Midday,Saturday,20.982,26.215,20.982,243.5,0,2024-04-27 10:00:00
SHP04583,Delhi,Chennai,,General Network,Delhi_Chennai,Rural,Container,1507,0.87,Storm,0.758,0,0.59,4800,Same-Day,Morning Rush,Friday,125.578,24.0,125.578,5170.8,1,2024-05-17 09:00:00
SHP04584,Chennai,Vizag,,General Network,Chennai_Vizag,Mixed,Mini Truck,1809,0.93,Storm,0.65,0,,3500,Express,Midday,Thursday,118.681,45.185,118.681,5110.8,1,2024-06-20 12:00:00
SHP04585,Mumbai,Delhi,Lucknow,Western Corridor,Mumbai_Delhi,Rural,Mini Truck,2182,0.74,Clear,0.844,6,1.0,5000,Economy,Morning Rush,Wednesday,99.89,74.395,99.89,2760.8,0,2024-10-02 07:00:00
SHP04586,Delhi,Jaipur,,NCR-Rajasthan Corridor,Delhi_Jaipur,Mixed,Express Van,2178,0.8,Cloudy,0.772,5,0.73,4800,Economy,Morning Rush,Sunday,66.712,44.796,66.712,2108.8,0,2024-03-10 08:00:00
SHP04587,Vadodara,Kochi,Bangalore,General Network,Vadodara_Kochi,Rural,Mini Truck,550,0.16,Rain,0.196,2,0.25,750,Same-Day,Afternoon,Sunday,18.423,20.923,18.423,290.6,0,2024-12-29 16:00:00
SHP04588,Delhi,Patna,,General Network,Delhi_Patna,Expressway,Mini Truck,858,0.88,Clear,0.728,0,0.5,4800,Economy,Morning Rush,Saturday,19.965,17.435,19.965,595.8,0,2024-08-31 09:00:00
SHP04589,Ahmedabad,Kolkata,Kochi,General Network,Ahmedabad_Kolkata,Expressway,Mini Truck,1498,0.58,Fog,0.704,0,0.89,2600,Same-Day,Midday,Monday,33.035,24.0,33.035,930.9,1,2024-08-05 13:00:00
SHP04590,Nagpur,Indore,,General Network,Nagpur_Indore,City Road,Mini Truck,1915,0.51,Storm,0.61,4,0.76,1600,Same-Day,Morning Rush,Sunday,162.28,24.0,162.28,6089.2,1,2024-06-02 09:00:00
SHP04591,Bhopal,Indore,,General Network,Bhopal_Indore,Mixed,Express Van,1386,0.29,Clear,0.262,5,0.22,1200,Standard,Evening Rush,Monday,27.851,30.187,27.851,465.8,0,2024-07-29 19:00:00
SHP04592,Patna,Bhopal,,General Network,Patna_Bhopal,Mixed,FTL Truck,592,0.99,Heavy Rain,0.854,4,0.65,1100,Standard,Evening Rush,Saturday,33.744,14.284,33.744,1432.6,0,2024-05-04 21:00:00
SHP04593,Bhopal,Jaipur,Ahmedabad,General Network,Bhopal_Jaipur,Highway,FTL Truck,106,0.29,Rain,0.33,0,0.39,1200,Economy,Morning Rush,Tuesday,2.558,5.273,2.558,74.0,0,2024-09-03 07:00:00
SHP04594,Mumbai,Coimbatore,Ahmedabad,General Network,Mumbai_Coimbatore,Mixed,Container,1624,0.26,Rain,0.316,2,0.4,5000,Standard,Midday,Sunday,55.398,43.555,55.398,1413.3,0,2024-04-28 10:00:00
SHP04595,Delhi,Kolkata,,Northern-Eastern Corridor,Delhi_Kolkata,City Road,Express Van,429,0.34,Cloudy,0.364,3,0.4,4800,Express,Evening Rush,Saturday,15.553,16.801,15.553,293.7,0,2024-11-16 20:00:00
SHP04596,Hyderabad,Chennai,,Deccan-Southern Corridor,Hyderabad_Chennai,Mixed,Mini Truck,1417,0.31,Heavy Rain,0.386,0,0.5,3800,Same-Day,Morning Rush,Friday,51.198,24.0,51.198,1497.5,1,2024-08-09 07:00:00
SHP04597,Bhopal,Patna,,General Network,Bhopal_Patna,Rural,Carting Vehicle,1773,0.35,Heavy Rain,0.382,5,0.43,1200,Standard,Evening Rush,Monday,122.715,69.722,122.715,4210.9,1,2024-06-17 21:00:00
SHP04598,Delhi,Mumbai,,Western Corridor,Delhi_Mumbai,Rural,Carting Vehicle,1080,0.48,Fog,0.556,5,0.67,4800,Express,Morning Rush,Wednesday,63.489,43.527,63.489,1889.3,1,2024-01-31 08:00:00
SHP04599,Vadodara,Coimbatore,,General Network,Vadodara_Coimbatore,City Road,FTL Truck,2363,0.65,Storm,0.67,3,0.7,750,Standard,Evening Rush,Tuesday,228.07,72.0,228.07,9633.3,1,2024-12-24 18:00:00
SHP04600,Ahmedabad,Lucknow,Hyderabad,General Network,Ahmedabad_Lucknow,Rural,Mini Truck,1674,0.86,Clear,0.62,0,0.26,2600,Standard,Midday,Sunday,70.439,55.6,70.439,1746.4,0,2024-03-17 11:00:00
SHP04601,Vadodara,Pune,Chandigarh,General Network,Vadodara_Pune,Expressway,Express Van,1666,0.75,Rain,0.726,4,0.69,750,Express,Midday,Tuesday,33.603,23.004,33.603,1101.2,0,2024-06-11 10:00:00
SHP04602,Vadodara,Bangalore,,General Network,Vadodara_Bangalore,City Road,FTL Truck,273,0.42,Fog,0.46,2,0.52,750,Same-Day,Night,Friday,14.142,14.805,14.142,380.5,0,2024-02-09 22:00:00
SHP04603,Hyderabad,Bangalore,Chennai,General Network,Hyderabad_Bangalore,Expressway,Mini Truck,1143,0.9,Fog,0.756,2,0.54,3800,Standard,Evening Rush,Monday,36.713,20.088,36.713,1400.7,0,2024-09-23 20:00:00
SHP04604,Pune,Patna,,General Network,Pune_Patna,Rural,Carting Vehicle,1930,0.11,Clear,0.282,2,0.54,2800,Express,Midday,Friday,58.333,48.0,58.333,68.9,1,2024-08-16 11:00:00
SHP04605,Surat,Vadodara,Delhi,General Network,Surat_Vadodara,Mixed,Container,791,0.34,Rain,0.544,5,0.85,1800,Economy,Morning Rush,Wednesday,33.738,22.448,33.738,1093.7,0,2024-05-08 09:00:00
SHP04606,Chennai,Vadodara,Mumbai,General Network,Chennai_Vadodara,Rural,Mini Truck,1421,0.92,Cloudy,0.76,1,0.52,3500,Economy,Midday,Tuesday,75.617,50.376,75.617,2431.8,0,2024-05-14 13:00:00
SHP04607,Lucknow,Nagpur,,General Network,Lucknow_Nagpur,City Road,FTL Truck,1940,0.25,Clear,0.426,2,0.69,2000,Standard,Afternoon,Monday,67.864,72.0,67.864,746.1,0,2024-04-22 17:00:00
SHP04608,Bangalore,Vizag,,General Network,Bangalore_Vizag,Rural,Mini Truck,439,0.23,Heavy Rain,0.314,6,0.44,4200,Standard,Midday,Saturday,25.653,17.497,25.653,888.8,0,2024-09-07 11:00:00
SHP04609,Bangalore,Kochi,Kolkata,General Network,Bangalore_Kochi,Expressway,Carting Vehicle,1534,0.31,Fog,0.282,2,0.24,4200,Express,Midday,Friday,38.36,30.412,38.36,1009.8,0,2024-03-08 10:00:00
SHP04610,Hyderabad,Chandigarh,,General Network,Hyderabad_Chandigarh,Mixed,Mini Truck,448,0.51,Heavy Rain,0.598,0,0.73,3800,Standard,Morning Rush,Monday,21.681,14.901,21.681,803.1,0,2024-06-24 08:00:00
SHP04611,Kochi,Jaipur,,General Network,Kochi_Jaipur,Mixed,Carting Vehicle,2207,0.73,Fog,0.554,4,0.29,800,Express,Evening Rush,Sunday,108.65,48.0,108.65,3576.3,1,2024-11-24 18:00:00
SHP04612,Mumbai,Bhopal,Pune,General Network,Mumbai_Bhopal,Highway,Mini Truck,127,0.38,Storm,0.376,1,0.37,5000,Same-Day,Morning Rush,Monday,5.337,7.083,5.337,214.4,0,2024-10-21 08:00:00
SHP04613,Chandigarh,Surat,,General Network,Chandigarh_Surat,Highway,Mini Truck,763,0.25,Heavy Rain,0.422,1,0.68,1000,Express,Afternoon,Wednesday,21.305,15.15,21.305,642.5,0,2024-04-10 16:00:00
SHP04614,Coimbatore,Jaipur,Pune,General Network,Coimbatore_Jaipur,City Road,FTL Truck,723,0.57,Clear,0.518,3,0.44,900,Same-Day,Evening Rush,Thursday,27.363,24.0,27.363,402.3,1,2024-09-12 20:00:00
SHP04615,Bangalore,Jaipur,,General Network,Bangalore_Jaipur,Mixed,FTL Truck,771,0.68,Cloudy,0.5,6,0.23,4200,Standard,Evening Rush,Monday,23.972,19.82,23.972,667.3,0,2024-06-24 20:00:00
SHP04616,Vadodara,Delhi,Bangalore,General Network,Vadodara_Delhi,City Road,Mini Truck,1402,,Cloudy,0.632,6,0.98,750,Standard,Evening Rush,Sunday,67.973,60.682,67.973,1407.9,0,2024-04-07 20:00:00
SHP04617,Patna,Hyderabad,Kolkata,General Network,Patna_Hyderabad,Expressway,Mini Truck,2097,0.67,Heavy Rain,0.79,5,,1100,Economy,Afternoon,Friday,77.837,36.549,77.837,3198.6,0,2024-01-19 17:00:00
SHP04618,Bangalore,Hyderabad,,General Network,Bangalore_Hyderabad,Mixed,FTL Truck,1000,0.75,Cloudy,0.65,6,0.5,4200,Same-Day,Evening Rush,Saturday,28.35,23.984,28.35,701.0,1,2024-02-03 20:00:00
SHP04619,Hyderabad,Lucknow,,General Network,Hyderabad_Lucknow,Rural,Carting Vehicle,1898,0.44,Storm,0.488,2,0.56,3800,Same-Day,Midday,Friday,144.65,24.0,144.65,5304.8,1,2024-03-08 11:00:00
SHP04620,Patna,Kolkata,Surat,Eastern Corridor,Patna_Kolkata,Highway,Carting Vehicle,224,0.71,Cloudy,0.574,1,0.37,1100,Standard,Afternoon,Sunday,6.799,8.423,6.799,184.0,0,2024-01-07 14:00:00
SHP04621,Lucknow,Jaipur,Mumbai,General Network,Lucknow_Jaipur,Expressway,Mini Truck,658,0.97,Cloudy,0.95,4,0.92,2000,Express,Evening Rush,Tuesday,15.55,11.794,15.55,471.2,0,2024-08-27 20:00:00
SHP04622,Jaipur,Kochi,,General Network,Jaipur_Kochi,Rural,Mini Truck,2352,1.0,Rain,0.972,1,0.93,2200,Express,Afternoon,Saturday,136.209,48.0,136.209,4688.1,1,2024-10-12 15:00:00
SHP04623,Chandigarh,Nagpur,Patna,General Network,Chandigarh_Nagpur,Mixed,Express Van,2463,0.64,Heavy Rain,0.62,6,0.59,1000,Same-Day,Evening Rush,Saturday,86.381,24.0,86.381,3041.1,1,2024-12-14 20:00:00
SHP04624,Hyderabad,Jaipur,,General Network,Hyderabad_Jaipur,Rural,Mini Truck,848,0.61,Fog,0.69,4,0.81,3800,Standard,Afternoon,Tuesday,49.474,29.326,49.474,1712.1,0,2024-07-16 15:00:00
SHP04625,Indore,Bhopal,,General Network,Indore_Bhopal,Rural,FTL Truck,676,0.27,Heavy Rain,0.25,3,0.22,1400,Economy,Morning Rush,Saturday,38.545,20.767,38.545,1411.4,0,2024-07-27 09:00:00
SHP04626,Hyderabad,Chandigarh,,General Network,Hyderabad_Chandigarh,City Road,Mini Truck,1306,0.82,Rain,0.816,2,0.81,3800,Same-Day,Afternoon,Sunday,83.197,24.0,83.197,2504.2,1,2024-08-11 16:00:00
SHP04627,Kochi,Surat,Nagpur,General Network,Kochi_Surat,City Road,Express Van,1296,0.52,Heavy Rain,0.652,2,0.85,800,Standard,Midday,Friday,83.463,45.523,83.463,3075.9,1,2024-03-29 10:00:00
SHP04628,Bangalore,Kochi,,General Network,Bangalore_Kochi,Rural,Mini Truck,1394,0.56,Storm,0.44,5,0.26,4200,Economy,Afternoon,Tuesday,124.329,47.834,124.329,5394.6,1,2024-02-27 15:00:00
SHP04629,Coimbatore,Patna,,General Network,Coimbatore_Patna,Expressway,Express Van,344,,Fog,0.568,0,0.64,900,Standard,Morning Rush,Wednesday,6.977,7.401,6.977,229.7,0,2024-09-25 06:00:00
SHP04630,Hyderabad,Bhopal,,General Network,Hyderabad_Bhopal,Expressway,Carting Vehicle,1071,0.33,Storm,0.282,6,0.21,3800,Express,Evening Rush,Monday,40.406,21.617,40.406,1522.5,0,2024-11-04 20:00:00
SHP04631,Lucknow,Chandigarh,,General Network,Lucknow_Chandigarh,Rural,Container,1400,0.81,Cloudy,0.686,0,0.5,2000,Express,Afternoon,Wednesday,61.446,48.0,61.446,1490.7,1,2024-10-30 16:00:00
SHP04632,Hyderabad,Delhi,,General Network,Hyderabad_Delhi,Rural,FTL Truck,1790,0.46,Cloudy,0.448,6,0.43,3800,Standard,Evening Rush,Saturday,62.688,55.207,62.688,1374.6,0,2024-11-23 21:00:00
SHP04633,Kolkata,Vadodara,Ahmedabad,General Network,Kolkata_Vadodara,Mixed,Container,1979,0.92,Rain,0.796,2,0.61,3200,Economy,Evening Rush,Friday,106.814,52.733,106.814,4080.6,0,2024-07-05 21:00:00
SHP04634,Vadodara,Kolkata,,General Network,Vadodara_Kolkata,Mixed,Container,557,0.58,Storm,0.628,5,0.7,750,Standard,Evening Rush,Wednesday,36.654,17.201,36.654,1544.0,0,2024-05-08 19:00:00
SHP04635,Kolkata,Vadodara,Lucknow,General Network,Kolkata_Vadodara,Highway,Express Van,314,0.57,Storm,0.538,1,0.49,3200,Express,Evening Rush,Sunday,10.879,6.71,10.879,447.9,0,2024-03-10 18:00:00
SHP04636,Jaipur,Hyderabad,,General Network,Jaipur_Hyderabad,Highway,Carting Vehicle,1666,,Clear,0.708,4,0.6,2200,Economy,Evening Rush,Thursday,52.626,39.949,52.626,1491.6,0,2024-12-19 19:00:00
SHP04637,Lucknow,Kochi,,General Network,Lucknow_Kochi,Rural,FTL Truck,660,0.16,Clear,0.48,2,0.96,2000,Economy,Afternoon,Saturday,20.236,24.029,20.236,334.2,0,2024-01-13 17:00:00
SHP04638,Chennai,Delhi,,General Network,Chennai_Delhi,Expressway,Container,550,0.9,Cloudy,0.632,0,0.23,3500,Standard,Night,Thursday,12.819,10.431,12.819,360.5,0,2024-07-04 22:00:00
SHP04639,Coimbatore,Bhopal,,General Network,Coimbatore_Bhopal,Highway,FTL Truck,765,0.22,Rain,0.264,0,0.33,900,Economy,Midday,Saturday,17.73,15.01,17.73,490.0,0,2024-09-07 10:00:00
SHP04640,Hyderabad,Coimbatore,,General Network,Hyderabad_Coimbatore,Highway,FTL Truck,1919,0.22,Cloudy,0.392,6,0.65,3800,Economy,Midday,Wednesday,37.424,32.202,37.424,806.2,0,2024-01-24 11:00:00
SHP04641,Vizag,Pune,,General Network,Vizag_Pune,Highway,FTL Truck,1521,0.56,Clear,0.72,4,0.96,850,Standard,Morning Rush,Sunday,29.795,26.561,29.795,647.0,0,2024-12-08 09:00:00
SHP04642,Vizag,Coimbatore,Bangalore,General Network,Vizag_Coimbatore,Mixed,Express Van,2409,0.54,Cloudy,0.708,2,0.96,850,Same-Day,Midday,Wednesday,48.15,24.0,48.15,794.2,1,2024-11-13 10:00:00
SHP04643,Bangalore,Bhopal,,General Network,Bangalore_Bhopal,Highway,Mini Truck,861,0.44,Heavy Rain,0.56,1,0.74,4200,Same-Day,Night,Tuesday,25.898,17.088,25.898,836.4,1,2024-08-13 22:00:00
SHP04644,Patna,Indore,Surat,General Network,Patna_Indore,Mixed,Express Van,1390,0.43,Storm,0.542,4,0.71,1100,Express,Midday,Tuesday,56.699,30.934,56.699,2193.3,1,2024-08-06 13:00:00
SHP04645,Lucknow,Vizag,,General Network,Lucknow_Vizag,Rural,Express Van,566,0.13,Rain,0.27,2,0.48,2000,Express,Afternoon,Sunday,17.071,15.929,17.071,368.0,0,2024-12-08 15:00:00
SHP04646,Ahmedabad,Vizag,Hyderabad,General Network,Ahmedabad_Vizag,Highway,Mini Truck,1221,0.14,Cloudy,0.268,2,0.46,2600,Express,Midday,Saturday,20.833,26.681,20.833,232.5,0,2024-02-17 11:00:00
SHP04647,Mumbai,Nagpur,,General Network,Mumbai_Nagpur,Mixed,FTL Truck,158,0.75,Fog,0.682,6,,5000,Express,Evening Rush,Sunday,8.893,4.81,8.893,375.6,0,2024-05-05 18:00:00
SHP04648,Bhopal,Pune,Kolkata,General Network,Bhopal_Pune,Rural,Carting Vehicle,1400,0.9,Storm,0.724,1,0.46,1200,Same-Day,Morning Rush,Sunday,133.768,24.0,133.768,5537.2,1,2024-03-17 06:00:00
SHP04649,Chandigarh,Indore,,General Network,Chandigarh_Indore,Mixed,Container,401,0.83,Rain,0.682,1,0.46,1000,Same-Day,Morning Rush,Friday,16.262,11.267,16.262,503.9,0,2024-09-13 09:00:00
SHP04650,Surat,Vadodara,,General Network,Surat_Vadodara,City Road,Carting Vehicle,607,0.15,Fog,0.27,5,0.45,1800,Standard,Afternoon,Monday,40.621,31.721,40.621,1049.9,0,2024-02-12 15:00:00
SHP04651,Vadodara,Delhi,Patna,General Network,Vadodara_Delhi,Expressway,Express Van,647,0.1,Fog,0.148,3,0.22,750,Express,Midday,Friday,10.318,12.426,10.318,263.8,0,2024-10-25 12:00:00
SHP04652,Mumbai,Vizag,,General Network,Mumbai_Vizag,Rural,Container,1200,0.18,Cloudy,0.308,1,0.5,5000,Express,Midday,Wednesday,37.058,43.836,37.058,341.1,0,2024-09-04 10:00:00
SHP04653,Kolkata,Ahmedabad,,General Network,Kolkata_Ahmedabad,City Road,Express Van,898,0.49,Clear,0.398,3,0.26,3200,Economy,Afternoon,Wednesday,35.469,31.401,35.469,789.5,0,2024-07-03 15:00:00
SHP04654,Bangalore,Chandigarh,,General Network,Bangalore_Chandigarh,Mixed,Express Van,1864,0.54,Clear,0.48,0,0.39,4200,Same-Day,Midday,Monday,33.4,24.0,33.4,383.1,1,2024-01-15 11:00:00
SHP04655,Patna,Ahmedabad,,General Network,Patna_Ahmedabad,Mixed,Express Van,1229,0.43,Cloudy,0.634,3,0.94,1100,Standard,Midday,Friday,28.69,27.086,28.69,652.7,0,2024-12-27 13:00:00
SHP04656,Kochi,Mumbai,,General Network,Kochi_Mumbai,Rural,Express Van,184,0.8,Rain,0.864,3,0.96,800,Express,Evening Rush,Tuesday,9.604,9.555,9.604,362.9,0,2024-02-20 20:00:00
SHP04657,Vizag,Chandigarh,,General Network,Vizag_Chandigarh,City Road,Container,120,0.96,Fog,0.9,2,0.81,850,Economy,Night,Saturday,13.434,7.736,13.434,564.0,0,2024-05-25 22:00:00
SHP04658,Ahmedabad,Patna,Indore,General Network,Ahmedabad_Patna,Expressway,Carting Vehicle,950,0.66,Cloudy,0.632,4,0.59,2600,Same-Day,Morning Rush,Saturday,20.729,19.123,20.729,443.8,0,2024-03-16 08:00:00
SHP04659,Kolkata,Hyderabad,,General Network,Kolkata_Hyderabad,City Road,FTL Truck,407,0.4,Fog,0.548,5,0.77,3200,Express,Evening Rush,Thursday,23.139,18.737,23.139,690.6,0,2024-10-17 21:00:00
SHP04660,Kolkata,Vizag,Jaipur,General Network,Kolkata_Vizag,Highway,Container,2389,0.72,Clear,0.656,4,0.56,3200,Standard,Morning Rush,Monday,56.752,47.555,56.752,1297.2,0,2024-10-07 09:00:00
SHP04661,Hyderabad,Delhi,,General Network,Hyderabad_Delhi,City Road,Container,1246,0.46,Heavy Rain,0.416,3,0.35,3800,Standard,Midday,Sunday,105.373,58.741,105.373,3809.4,1,2024-08-18 10:00:00
SHP04662,Coimbatore,Delhi,,General Network,Coimbatore_Delhi,Expressway,Express Van,1664,0.85,Fog,0.842,3,0.83,900,Express,Morning Rush,Saturday,36.791,20.992,36.791,1293.6,0,2024-04-20 08:00:00
SHP04663,Ahmedabad,Chandigarh,Vizag,General Network,Ahmedabad_Chandigarh,Mixed,Express Van,2138,0.34,Storm,0.412,0,0.52,2600,Standard,Midday,Wednesday,87.767,42.144,87.767,3406.9,1,2024-11-13 11:00:00
SHP04664,Pune,Delhi,,General Network,Pune_Delhi,Rural,Container,277,0.87,Fog,0.706,6,0.46,2800,Economy,Morning Rush,Tuesday,22.806,11.291,22.806,933.8,0,2024-02-20 09:00:00
SHP04665,Bhopal,Coimbatore,Pune,General Network,Bhopal_Coimbatore,Highway,Carting Vehicle,1104,0.72,Rain,0.532,2,0.25,1200,Standard,Evening Rush,Monday,41.872,25.591,41.872,1408.3,0,2024-05-06 19:00:00
SHP04666,Chandigarh,Nagpur,,General Network,Chandigarh_Nagpur,Rural,Container,1671,0.19,Fog,0.398,1,0.71,1000,Same-Day,Afternoon,Saturday,65.067,24.0,65.067,1282.8,1,2024-09-21 16:00:00
SHP04667,Indore,Chennai,,General Network,Indore_Chennai,Mixed,Mini Truck,1149,0.39,Fog,0.566,2,0.83,1400,Same-Day,Morning Rush,Monday,38.373,24.0,38.373,1025.7,1,2024-01-08 08:00:00
SHP04668,Chennai,Pune,,General Network,Chennai_Pune,Expressway,Express Van,409,0.26,Fog,0.276,4,0.3,3500,Express,Evening Rush,Saturday,8.305,5.945,8.305,273.7,0,2024-03-02 19:00:00
SHP04669,Hyderabad,Ahmedabad,,General Network,Hyderabad_Ahmedabad,City Road,FTL Truck,1389,0.18,Clear,0.308,3,0.5,3800,Economy,Morning Rush,Saturday,52.479,53.912,52.479,767.6,0,2024-08-17 07:00:00
SHP04670,Jaipur,Ahmedabad,,General Network,Jaipur_Ahmedabad,Highway,Mini Truck,623,0.51,Cloudy,0.586,4,0.7,2200,Economy,Midday,Thursday,17.168,13.347,17.168,510.9,0,2024-05-23 10:00:00
SHP04671,Ahmedabad,Hyderabad,,General Network,Ahmedabad_Hyderabad,Rural,FTL Truck,2178,0.64,Cloudy,0.548,0,0.41,2600,Standard,Midday,Friday,80.657,65.815,80.657,1935.4,1,2024-05-31 10:00:00
SHP04672,Ahmedabad,Pune,Chandigarh,General Network,Ahmedabad_Pune,Highway,Express Van,2003,0.47,Cloudy,0.422,1,0.35,2600,Express,Afternoon,Sunday,31.116,32.057,31.116,560.6,0,2024-01-07 16:00:00
SHP04673,Hyderabad,Chandigarh,Coimbatore,General Network,Hyderabad_Chandigarh,Expressway,Mini Truck,1840,0.21,Cloudy,0.45,6,0.81,3800,Standard,Evening Rush,Friday,30.072,30.82,30.072,513.1,0,2024-06-07 18:00:00
SHP04674,Coimbatore,Kolkata,,General Network,Coimbatore_Kolkata,Highway,Carting Vehicle,173,0.98,Heavy Rain,0.828,3,0.6,900,Same-Day,Midday,Sunday,9.8,6.286,9.8,415.0,0,2024-09-29 12:00:00
SHP04675,Patna,Bangalore,Vadodara,General Network,Patna_Bangalore,Rural,Carting Vehicle,2091,0.54,Cloudy,0.464,0,0.35,1100,Standard,Midday,Thursday,97.742,72.0,97.742,2147.2,1,2024-02-22 10:00:00
SHP04676,Kolkata,Chandigarh,,General Network,Kolkata_Chandigarh,City Road,Mini Truck,1391,0.3,,0.356,3,0.44,3200,Economy,Morning Rush,Sunday,87.169,60.654,87.169,2580.6,0,2024-12-22 08:00:00
SHP04677,Bhopal,Jaipur,,General Network,Bhopal_Jaipur,Expressway,Mini Truck,1462,0.12,Storm,0.46,0,0.97,1200,Same-Day,Afternoon,Saturday,36.177,24.0,36.177,1144.6,1,2024-03-02 14:00:00
SHP04678,Vizag,Kolkata,,General Network,Vizag_Kolkata,City Road,Container,2166,0.25,Rain,0.43,4,0.7,850,Express,Midday,Saturday,115.55,48.0,115.55,2564.6,1,2024-06-15 13:00:00
SHP04679,Kolkata,Hyderabad,,General Network,Kolkata_Hyderabad,Highway,Container,2510,0.48,Cloudy,0.54,5,0.63,3200,Express,Midday,Saturday,53.921,48.0,53.921,1020.6,1,2024-01-27 13:00:00
SHP04680,Vadodara,Lucknow,,General Network,Vadodara_Lucknow,Expressway,Container,1160,0.56,Rain,0.612,2,0.69,750,Same-Day,Afternoon,Tuesday,25.739,22.753,25.739,682.4,1,2024-02-20 14:00:00
SHP04681,Vadodara,Lucknow,Bhopal,General Network,Vadodara_Lucknow,Rural,Mini Truck,406,0.63,Clear,0.682,3,0.76,750,Economy,Afternoon,Sunday,18.838,16.958,18.838,528.8,0,2024-01-28 17:00:00
SHP04682,Hyderabad,Jaipur,,General Network,Hyderabad_Jaipur,Expressway,Mini Truck,1866,0.83,Storm,0.754,6,0.64,3800,Standard,Afternoon,Saturday,82.624,29.447,82.624,3647.9,1,2024-09-14 16:00:00
SHP04683,Jaipur,Patna,,General Network,Jaipur_Patna,Rural,Express Van,2321,0.88,Cloudy,0.888,2,0.9,2200,Standard,Night,Friday,85.651,60.431,85.651,2448.0,1,2024-11-01 22:00:00
SHP04684,Kochi,Vadodara,,General Network,Kochi_Vadodara,Expressway,FTL Truck,99,0.76,Storm,0.832,6,0.94,800,Express,Afternoon,Saturday,6.386,5.231,6.386,320.6,0,2024-12-21 17:00:00
SHP04685,Hyderabad,Patna,,General Network,Hyderabad_Patna,Highway,Mini Truck,1443,,Cloudy,0.48,0,0.9,3800,Same-Day,Morning Rush,Friday,22.902,24.0,22.902,171.6,0,2024-02-02 08:00:00
SHP04686,Patna,Mumbai,Vadodara,General Network,Patna_Mumbai,Expressway,Express Van,184,0.37,Heavy Rain,0.466,0,0.61,1100,Express,Morning Rush,Monday,4.051,3.679,4.051,142.0,0,2024-01-15 08:00:00
SHP04687,Chennai,Bhopal,Patna,General Network,Chennai_Bhopal,Expressway,Carting Vehicle,105,0.64,Cloudy,0.652,3,0.67,3500,Express,Evening Rush,Saturday,3.841,3.865,3.841,142.1,0,2024-08-31 21:00:00
SHP04688,Bangalore,Vadodara,,General Network,Bangalore_Vadodara,City Road,Express Van,2339,0.89,Cloudy,0.714,3,0.45,4200,Economy,Evening Rush,Tuesday,124.533,78.168,124.533,3985.3,1,2024-05-07 20:00:00
SHP04689,Chandigarh,Vadodara,,General Network,Chandigarh_Vadodara,Expressway,Carting Vehicle,488,0.4,Storm,0.36,3,0.3,1000,Same-Day,Afternoon,Monday,18.467,12.325,18.467,697.1,0,2024-12-23 16:00:00
SHP04690,Kolkata,Bhopal,,General Network,Kolkata_Bhopal,City Road,Express Van,1427,0.83,Rain,0.882,0,0.96,3200,Same-Day,Afternoon,Tuesday,71.154,24.0,71.154,2142.0,1,2024-12-10 14:00:00
SHP04691,Delhi,Lucknow,Nagpur,UP Corridor,Delhi_Lucknow,Mixed,FTL Truck,127,0.79,Storm,0.782,0,0.77,4800,Same-Day,Morning Rush,Thursday,6.991,6.329,6.991,292.5,0,2024-07-11 06:00:00
SHP04692,Patna,Chennai,Kochi,General Network,Patna_Chennai,City Road,Container,1673,0.21,Heavy Rain,0.326,5,0.5,1100,Express,Night,Friday,111.589,48.0,111.589,3321.2,1,2024-11-08 22:00:00
SHP04693,Pune,Coimbatore,,General Network,Pune_Coimbatore,Highway,Mini Truck,879,0.76,Cloudy,0.76,6,0.76,2800,Same-Day,Evening Rush,Thursday,20.832,18.274,20.832,517.4,0,2024-05-30 21:00:00
SHP04694,Lucknow,Delhi,Surat,UP Corridor,Lucknow_Delhi,Highway,Mini Truck,231,0.33,Cloudy,0.31,6,0.28,2000,Economy,Afternoon,Tuesday,6.784,8.865,6.784,214.5,0,2024-09-24 17:00:00
SHP04695,Chandigarh,Kochi,,General Network,Chandigarh_Kochi,Mixed,Express Van,2334,0.45,Cloudy,0.486,1,0.54,1000,Same-Day,Evening Rush,Sunday,44.004,24.0,44.004,610.7,1,2024-12-08 20:00:00
SHP04696,Hyderabad,Chandigarh,,General Network,Hyderabad_Chandigarh,Rural,Express Van,2262,0.55,Clear,0.67,4,0.85,3800,Economy,Evening Rush,Tuesday,73.146,60.113,73.146,1766.2,0,2024-11-26 19:00:00
SHP04697,Chandigarh,Pune,,General Network,Chandigarh_Pune,Highway,Express Van,872,0.68,Cloudy,0.648,2,0.6,1000,Economy,Afternoon,Friday,19.473,16.4,19.473,599.7,0,2024-12-06 14:00:00
SHP04698,Indore,Surat,,General Network,Indore_Surat,Mixed,Mini Truck,1509,0.4,Heavy Rain,0.572,6,0.83,1400,Standard,Morning Rush,Sunday,69.468,38.174,69.468,2491.4,0,2024-08-11 06:00:00
SHP04699,Kochi,Jaipur,,General Network,Kochi_Jaipur,City Road,Carting Vehicle,986,0.63,Rain,0.594,5,,800,Economy,Morning Rush,Sunday,92.033,51.274,92.033,3268.3,0,2024-07-21 08:00:00
SHP04700,Patna,Delhi,,General Network,Patna_Delhi,Mixed,Express Van,2180,0.59,Fog,0.662,4,0.77,1100,Same-Day,Morning Rush,Monday,61.805,24.0,61.805,1812.6,1,2024-11-18 06:00:00
SHP04701,Kochi,Jaipur,Vizag,General Network,Kochi_Jaipur,Highway,Express Van,1834,0.9,Storm,0.776,2,0.59,800,Express,Afternoon,Wednesday,70.549,29.83,70.549,3036.9,1,2024-01-03 14:00:00
SHP04702,Kochi,Lucknow,Delhi,General Network,Kochi_Lucknow,City Road,Mini Truck,260,0.48,Storm,0.464,6,0.44,800,Economy,Evening Rush,Wednesday,30.686,14.905,30.686,1345.9,0,2024-10-23 18:00:00
SHP04703,Bhopal,Nagpur,,General Network,Bhopal_Nagpur,Expressway,Mini Truck,208,0.21,Storm,0.214,4,0.22,1200,Standard,Afternoon,Thursday,7.89,6.938,7.89,327.5,0,2024-05-16 15:00:00
SHP04704,Bhopal,Vadodara,Indore,General Network,Bhopal_Vadodara,Rural,FTL Truck,610,0.55,Cloudy,0.558,6,0.57,1200,Same-Day,Evening Rush,Saturday,20.7,22.362,20.7,428.7,0,2024-03-02 20:00:00
SHP04705,Bangalore,Ahmedabad,,General Network,Bangalore_Ahmedabad,City Road,FTL Truck,1304,0.14,Storm,0.196,2,0.28,4200,Standard,Afternoon,Sunday,91.78,49.557,91.78,3271.4,1,2024-04-14 14:00:00
SHP04706,Mumbai,Indore,,General Network,Mumbai_Indore,Expressway,Mini Truck,337,0.7,Heavy Rain,0.536,2,0.29,5000,Express,Morning Rush,Saturday,11.081,7.821,11.081,428.4,0,2024-03-30 06:00:00
SHP04707,Coimbatore,Lucknow,Bangalore,General Network,Coimbatore_Lucknow,Expressway,Carting Vehicle,2418,0.57,Clear,0.47,1,0.32,900,Standard,Night,Wednesday,49.442,48.958,49.442,930.3,0,2024-02-07 22:00:00
SHP04708,Vizag,Surat,,General Network,Vizag_Surat,Highway,Express Van,2051,0.69,Storm,0.506,4,0.23,850,Economy,Evening Rush,Saturday,87.544,31.017,87.544,3915.0,0,2024-12-28 18:00:00
SHP04709,Vizag,Chennai,,General Network,Vizag_Chennai,Mixed,Express Van,669,0.92,Cloudy,0.672,6,0.3,850,Standard,Morning Rush,Monday,20.357,17.003,20.357,639.7,0,2024-04-01 08:00:00
SHP04710,Jaipur,Lucknow,,General Network,Jaipur_Lucknow,Rural,Container,436,0.68,Storm,0.624,1,0.54,2200,Economy,Afternoon,Thursday,44.015,17.77,44.015,1957.0,0,2024-01-04 14:00:00
SHP04711,Bangalore,Hyderabad,,General Network,Bangalore_Hyderabad,Rural,Mini Truck,641,0.63,Clear,0.558,4,0.45,4200,Economy,Afternoon,Saturday,28.835,22.726,28.835,780.5,0,2024-07-20 14:00:00
SHP04712,Vizag,Delhi,,General Network,Vizag_Delhi,Expressway,Mini Truck,205,0.15,Fog,0.318,1,0.57,850,Standard,Midday,Sunday,4.918,4.783,4.918,151.2,0,2024-03-31 11:00:00
SHP04713,Chennai,Mumbai,,General Network,Chennai_Mumbai,City Road,Carting Vehicle,1335,0.28,Clear,0.468,4,0.75,3500,Same-Day,Afternoon,Sunday,55.334,24.0,55.334,268.6,1,2024-03-24 16:00:00
SHP04714,Bangalore,Chandigarh,,General Network,Bangalore_Chandigarh,Expressway,Container,1974,0.42,Fog,0.46,0,0.52,4200,Standard,Morning Rush,Monday,49.401,34.36,49.401,1497.3,0,2024-09-02 09:00:00
SHP04715,Kochi,Coimbatore,Lucknow,General Network,Kochi_Coimbatore,Expressway,Mini Truck,1179,0.99,Clear,0.974,5,0.95,800,Express,Midday,Saturday,25.932,21.584,25.932,728.5,0,2024-08-10 12:00:00
SHP04716,Chennai,Ahmedabad,Mumbai,General Network,Chennai_Ahmedabad,Highway,Container,1048,0.64,Storm,0.532,1,0.37,3500,Express,Morning Rush,Friday,47.513,23.699,47.513,1926.1,0,2024-01-19 07:00:00
SHP04717,Bhopal,Chandigarh,,General Network,Bhopal_Chandigarh,Highway,Mini Truck,1875,0.29,Rain,0.426,2,,1200,Economy,Evening Rush,Wednesday,51.74,38.266,51.74,1541.9,0,2024-11-06 21:00:00
SHP04718,Jaipur,Kochi,Indore,General Network,Jaipur_Kochi,City Road,Express Van,952,0.42,Fog,0.616,3,0.91,2200,Standard,Evening Rush,Tuesday,49.848,32.542,49.848,1571.7,0,2024-07-02 19:00:00
SHP04719,Kochi,Patna,,General Network,Kochi_Patna,City Road,Mini Truck,1363,0.12,Cloudy,0.4,2,0.82,800,Express,Morning Rush,Thursday,49.64,48.0,49.64,382.2,1,2024-04-18 08:00:00
SHP04720,Bhopal,Mumbai,,General Network,Bhopal_Mumbai,Rural,FTL Truck,2135,0.66,Fog,0.536,0,0.35,1200,Economy,Night,Saturday,122.375,63.229,122.375,4495.8,1,2024-03-16 22:00:00
SHP04721,Delhi,Surat,,General Network,Delhi_Surat,Rural,Container,1631,0.23,Cloudy,0.482,4,0.86,4800,Express,Afternoon,Thursday,53.404,48.0,53.404,645.8,1,2024-10-10 17:00:00
SHP04722,Pune,Coimbatore,,General Network,Pune_Coimbatore,City Road,FTL Truck,461,0.58,Rain,0.564,2,0.54,2800,Standard,Afternoon,Monday,28.415,20.317,28.415,914.6,0,2024-12-16 17:00:00
SHP04723,Vizag,Vadodara,,General Network,Vizag_Vadodara,Rural,Carting Vehicle,928,0.64,Storm,0.736,2,0.88,850,Same-Day,Evening Rush,Thursday,79.332,24.0,79.332,3110.2,1,2024-05-30 19:00:00
SHP04724,Bangalore,Chennai,Nagpur,Southern Corridor,Bangalore_Chennai,Highway,Express Van,1242,0.64,Storm,0.612,4,0.57,4200,Same-Day,Morning Rush,Tuesday,39.664,19.535,39.664,1569.8,1,2024-05-21 09:00:00
SHP04725,Kolkata,Patna,Bhopal,Eastern Corridor,Kolkata_Patna,City Road,Mini Truck,1419,,Fog,0.51,3,0.69,3200,Express,Evening Rush,Sunday,83.56,48.0,83.56,2310.7,1,2024-03-03 21:00:00
SHP04726,Jaipur,Bangalore,,General Network,Jaipur_Bangalore,Expressway,Mini Truck,1204,0.97,Heavy Rain,0.818,4,0.59,2200,Same-Day,Night,Sunday,39.435,20.067,39.435,1521.2,1,2024-07-07 22:00:00
SHP04727,Indore,Pune,Vizag,General Network,Indore_Pune,Expressway,FTL Truck,2032,0.47,Clear,0.542,4,0.65,1400,Express,Evening Rush,Tuesday,29.897,30.548,29.897,510.5,0,2024-12-24 20:00:00
SHP04728,Pune,Kochi,,General Network,Pune_Kochi,City Road,Mini Truck,188,0.64,Cloudy,0.496,6,0.28,2800,Express,Midday,Thursday,12.272,11.421,12.272,378.2,0,2024-02-15 12:00:00
SHP04729,Pune,Hyderabad,Chennai,General Network,Pune_Hyderabad,Expressway,FTL Truck,1816,0.59,Fog,0.73,1,0.94,2800,Standard,Morning Rush,Tuesday,43.555,26.04,43.555,1466.3,0,2024-07-23 07:00:00
SHP04730,Vadodara,Chennai,Bangalore,General Network,Vadodara_Chennai,City Road,FTL Truck,1986,0.46,Storm,0.448,2,0.43,750,Same-Day,Midday,Saturday,146.737,24.0,146.737,5399.7,1,2024-05-11 13:00:00
SHP04731,Patna,Jaipur,Bhopal,General Network,Patna_Jaipur,Mixed,Container,666,0.52,Storm,0.476,2,0.41,1100,Same-Day,Night,Saturday,35.602,19.212,35.602,1352.6,1,2024-09-21 22:00:00
SHP04732,Bangalore,Coimbatore,Surat,General Network,Bangalore_Coimbatore,Rural,Container,1276,0.31,Heavy Rain,0.394,3,0.52,4200,Express,Night,Thursday,70.602,47.992,70.602,2234.5,1,2024-05-23 22:00:00
SHP04733,Patna,Hyderabad,Chandigarh,General Network,Patna_Hyderabad,Rural,Mini Truck,1608,0.38,Rain,0.536,6,0.77,1100,Express,Midday,Sunday,70.128,48.0,70.128,1825.4,1,2024-09-22 10:00:00
SHP04734,Kochi,Chennai,Nagpur,General Network,Kochi_Chennai,City Road,Mini Truck,865,0.59,Storm,0.742,0,0.97,800,Standard,Morning Rush,Friday,89.882,36.837,89.882,3745.3,1,2024-05-10 08:00:00
SHP04735,Vadodara,Delhi,Coimbatore,General Network,Vadodara_Delhi,Expressway,Mini Truck,749,0.52,Storm,0.508,2,0.49,750,Standard,Morning Rush,Saturday,28.806,13.116,28.806,1202.7,0,2024-09-07 07:00:00
SHP04736,Coimbatore,Bangalore,,General Network,Coimbatore_Bangalore,City Road,Container,536,0.63,Storm,0.482,6,0.26,900,Express,Evening Rush,Sunday,57.319,25.136,57.319,2358.2,1,2024-11-24 20:00:00
SHP04737,Lucknow,Delhi,,UP Corridor,Lucknow_Delhi,Rural,Mini Truck,2247,0.31,Storm,0.51,4,0.81,2000,Express,Midday,Friday,141.957,48.0,141.957,5188.6,1,2024-10-25 11:00:00
SHP04738,Vizag,Nagpur,Vadodara,General Network,Vizag_Nagpur,Mixed,Express Van,891,0.82,Cloudy,0.864,0,0.93,850,Same-Day,Midday,Wednesday,21.01,21.098,21.01,485.8,0,2024-09-04 13:00:00
SHP04739,Surat,Chandigarh,,General Network,Surat_Chandigarh,Rural,Carting Vehicle,2130,0.75,Clear,0.642,1,0.48,1800,Express,Afternoon,Friday,93.893,48.0,93.893,1846.9,1,2024-03-15 14:00:00
SHP04740,Delhi,Lucknow,Vizag,UP Corridor,Delhi_Lucknow,City Road,FTL Truck,1525,0.85,Clear,0.602,5,0.23,4800,Economy,Evening Rush,Monday,83.72,59.735,83.72,2408.9,0,2024-01-22 21:00:00
SHP04741,Indore,Jaipur,Delhi,General Network,Indore_Jaipur,Rural,Carting Vehicle,852,,Fog,0.402,1,0.66,1400,Express,Midday,Tuesday,42.077,34.414,42.077,1009.9,0,2024-11-05 13:00:00
SHP04742,Lucknow,Vadodara,,General Network,Lucknow_Vadodara,Mixed,Mini Truck,934,0.61,Fog,0.534,3,0.42,2000,Standard,Morning Rush,Thursday,40.508,24.33,40.508,1392.7,0,2024-08-08 09:00:00
SHP04743,Vadodara,Kolkata,,General Network,Vadodara_Kolkata,Mixed,Express Van,1606,0.63,Cloudy,0.538,1,0.4,750,Express,Afternoon,Sunday,35.946,34.807,35.946,760.3,0,2024-07-07 15:00:00
SHP04744,Ahmedabad,Pune,Surat,General Network,Ahmedabad_Pune,Highway,Express Van,208,0.71,Fog,0.53,1,0.26,2600,Standard,Morning Rush,Monday,5.84,5.27,5.84,214.8,0,2024-11-18 09:00:00
SHP04745,Jaipur,Ahmedabad,Kochi,General Network,Jaipur_Ahmedabad,Rural,Express Van,1672,0.62,Storm,0.54,2,0.42,2200,Express,Evening Rush,Tuesday,98.601,43.79,98.601,3977.5,1,2024-01-09 20:00:00
SHP04746,Patna,Surat,Delhi,General Network,Patna_Surat,Expressway,FTL Truck,472,0.85,Rain,0.866,0,0.89,1100,Economy,Morning Rush,Tuesday,14.071,9.984,14.071,546.2,0,2024-10-22 06:00:00
SHP04747,Bangalore,Kolkata,Nagpur,General Network,Bangalore_Kolkata,Expressway,FTL Truck,2125,0.65,Cloudy,0.77,6,0.95,4200,Same-Day,Evening Rush,Saturday,34.252,24.0,34.252,713.0,1,2024-02-03 20:00:00
SHP04748,Vadodara,Vizag,,General Network,Vadodara_Vizag,Rural,Mini Truck,2015,0.42,Heavy Rain,0.484,3,0.58,750,Express,Evening Rush,Thursday,111.544,48.0,111.544,3707.5,1,2024-09-26 18:00:00
SHP04749,Pune,Ahmedabad,Vizag,General Network,Pune_Ahmedabad,Expressway,Express Van,1939,0.91,Cloudy,0.846,1,0.75,2800,Economy,Morning Rush,Monday,38.45,27.178,38.45,1242.1,0,2024-07-01 08:00:00
SHP04750,Vizag,Hyderabad,Chandigarh,General Network,Vizag_Hyderabad,Expressway,Express Van,519,0.15,Cloudy,0.206,1,0.29,850,Express,Night,Saturday,6.446,9.264,6.446,101.7,0,2024-11-02 22:00:00
SHP04751,Hyderabad,Kolkata,Indore,General Network,Hyderabad_Kolkata,Rural,Carting Vehicle,702,0.99,Cloudy,0.758,6,0.41,3800,Express,Morning Rush,Thursday,41.334,31.85,41.334,1232.0,0,2024-05-02 06:00:00
SHP04752,Pune,Mumbai,,Mumbai-Pune Expressway,Pune_Mumbai,Highway,Carting Vehicle,1218,0.82,Heavy Rain,0.664,4,0.43,2800,Express,Midday,Wednesday,58.442,31.029,58.442,2288.5,1,2024-02-21 12:00:00
SHP04753,Patna,Lucknow,Ahmedabad,General Network,Patna_Lucknow,Mixed,FTL Truck,131,0.42,Fog,0.412,4,0.4,1100,Economy,Afternoon,Thursday,6.967,7.107,6.967,287.0,0,2024-11-28 14:00:00
SHP04754,Delhi,Vadodara,Bangalore,General Network,Delhi_Vadodara,Mixed,Carting Vehicle,659,0.28,Fog,0.56,5,0.98,4800,Express,Midday,Wednesday,27.259,20.708,27.259,756.8,0,2024-04-03 12:00:00
SHP04755,Bangalore,Vizag,,General Network,Bangalore_Vizag,Expressway,Mini Truck,1666,0.25,Storm,0.434,2,0.71,4200,Standard,Midday,Friday,52.423,26.685,52.423,1976.3,0,2024-02-02 13:00:00
SHP04756,Vizag,Lucknow,,General Network,Vizag_Lucknow,Expressway,Express Van,2095,0.15,Storm,0.434,1,0.86,850,Standard,Midday,Sunday,48.296,28.665,48.296,1747.2,0,2024-01-28 13:00:00
SHP04757,Kolkata,Indore,,General Network,Kolkata_Indore,Rural,Carting Vehicle,1989,0.17,Cloudy,0.486,6,0.96,3200,Economy,Midday,Wednesday,85.104,78.969,85.104,1570.2,0,2024-08-14 10:00:00
SHP04758,Bhopal,Mumbai,,General Network,Bhopal_Mumbai,City Road,Mini Truck,1528,0.87,Cloudy,0.61,1,0.22,1200,Express,Evening Rush,Monday,84.334,48.0,84.334,2149.6,1,2024-07-15 20:00:00
SHP04759,Mumbai,Kolkata,,General Network,Mumbai_Kolkata,City Road,Mini Truck,486,0.79,Storm,0.57,4,0.24,5000,Standard,Midday,Sunday,56.994,24.9,56.994,2493.9,0,2024-03-31 10:00:00
SHP04760,Bhopal,Nagpur,Chennai,General Network,Bhopal_Nagpur,City Road,FTL Truck,1376,0.96,Cloudy,0.824,3,0.62,1200,Standard,Night,Tuesday,77.679,53.022,77.679,2301.9,1,2024-02-13 22:00:00
SHP04761,Indore,Kochi,,General Network,Indore_Kochi,Expressway,Carting Vehicle,385,0.39,Clear,0.382,3,0.37,1400,Economy,Evening Rush,Saturday,9.472,9.835,9.472,244.1,0,2024-07-13 21:00:00
SHP04762,Patna,Bangalore,,General Network,Patna_Bangalore,Highway,Container,742,0.32,Clear,0.336,5,0.36,1100,Standard,Afternoon,Tuesday,16.259,16.777,16.259,320.8,0,2024-04-02 17:00:00
SHP04763,Pune,Bangalore,Mumbai,General Network,Pune_Bangalore,Expressway,Mini Truck,2390,0.94,Fog,0.692,2,0.32,2800,Same-Day,Morning Rush,Sunday,64.202,24.0,64.202,2174.9,1,2024-01-14 08:00:00
SHP04764,Ahmedabad,Patna,Indore,General Network,Ahmedabad_Patna,Expressway,Container,1034,0.14,Heavy Rain,0.336,3,0.63,2600,Same-Day,Midday,Sunday,23.675,20.751,23.675,652.2,0,2024-08-18 12:00:00
SHP04765,Coimbatore,Pune,Chandigarh,General Network,Coimbatore_Pune,Expressway,Express Van,2235,0.68,Rain,0.596,3,0.47,900,Economy,Midday,Friday,51.097,29.499,51.097,1838.4,0,2024-06-07 13:00:00
SHP04766,Hyderabad,Ahmedabad,Chennai,General Network,Hyderabad_Ahmedabad,Rural,Carting Vehicle,531,0.63,Clear,0.77,4,0.98,3800,Same-Day,Evening Rush,Friday,22.693,24.0,22.693,417.6,0,2024-09-13 19:00:00
SHP04767,Chennai,Jaipur,,General Network,Chennai_Jaipur,Expressway,Express Van,242,0.55,Rain,0.554,1,0.56,3500,Economy,Morning Rush,Thursday,6.015,5.005,6.015,228.0,0,2024-09-19 08:00:00
SHP04768,Indore,Vadodara,,General Network,Indore_Vadodara,Rural,Container,211,,Storm,0.676,5,0.25,1400,Same-Day,Midday,Sunday,20.781,8.571,20.781,915.8,0,2024-02-18 10:00:00
SHP04769,Lucknow,Bhopal,,General Network,Lucknow_Bhopal,City Road,Carting Vehicle,2479,0.61,Cloudy,0.518,4,0.38,2000,Standard,Midday,Friday,156.706,72.0,156.706,3736.1,1,2024-04-12 13:00:00
SHP04770,Kolkata,Bangalore,,General Network,Kolkata_Bangalore,City Road,Container,278,0.88,Cloudy,0.892,6,0.91,3200,Express,Morning Rush,Sunday,20.036,15.274,20.036,641.5,0,2024-01-21 07:00:00
SHP04771,Bangalore,Nagpur,,General Network,Bangalore_Nagpur,Expressway,Express Van,1073,0.21,Cloudy,0.282,0,0.39,4200,Express,Midday,Sunday,12.184,17.697,12.184,141.7,0,2024-04-07 12:00:00
SHP04772,Pune,Surat,,General Network,Pune_Surat,City Road,FTL Truck,1280,0.6,Cloudy,0.68,6,0.8,2800,Same-Day,Morning Rush,Saturday,53.244,24.0,53.244,1000.3,1,2024-06-22 06:00:00
SHP04773,Lucknow,Kochi,Surat,General Network,Lucknow_Kochi,Rural,Express Van,121,0.42,Heavy Rain,0.52,5,0.67,2000,Same-Day,Evening Rush,Sunday,7.579,4.538,7.579,314.5,0,2024-06-23 21:00:00
SHP04774,Patna,Vadodara,,General Network,Patna_Vadodara,Expressway,Express Van,896,0.67,Rain,0.53,1,0.32,1100,Economy,Afternoon,Monday,20.765,15.501,20.765,753.8,0,2024-01-29 14:00:00
SHP04775,Kolkata,Delhi,Coimbatore,Northern-Eastern Corridor,Kolkata_Delhi,Expressway,Carting Vehicle,134,0.21,Clear,0.458,5,0.83,3200,Standard,Afternoon,Saturday,4.903,7.23,4.903,181.4,0,2024-10-12 15:00:00
SHP04776,Hyderabad,Lucknow,,General Network,Hyderabad_Lucknow,Highway,Express Van,2343,0.63,Storm,0.654,3,0.69,3800,Economy,Morning Rush,Tuesday,96.311,34.506,96.311,4250.6,0,2024-09-03 09:00:00
SHP04777,Lucknow,Hyderabad,Vadodara,General Network,Lucknow_Hyderabad,Highway,Express Van,406,1.0,Storm,0.996,2,0.99,2000,Economy,Morning Rush,Saturday,21.166,10.68,21.166,1005.2,0,2024-07-06 09:00:00
SHP04778,Bangalore,Patna,Coimbatore,General Network,Bangalore_Patna,Rural,Container,2049,0.5,,0.4,3,0.25,4200,Economy,Morning Rush,Saturday,186.314,72.455,186.314,7964.7,1,2024-04-20 08:00:00
SHP04779,Vadodara,Chandigarh,Surat,General Network,Vadodara_Chandigarh,Highway,Container,445,0.65,Heavy Rain,0.702,2,0.78,750,Economy,Midday,Saturday,21.405,11.986,21.405,891.7,0,2024-08-10 10:00:00
SHP04780,Ahmedabad,Patna,,General Network,Ahmedabad_Patna,Expressway,Carting Vehicle,510,0.6,Heavy Rain,0.64,3,0.7,2600,Standard,Morning Rush,Wednesday,20.805,11.79,20.805,818.8,0,2024-02-07 09:00:00
SHP04781,Chandigarh,Surat,,General Network,Chandigarh_Surat,Rural,Container,706,0.29,Fog,0.438,4,0.66,1000,Same-Day,Midday,Sunday,31.34,24.0,31.34,773.0,1,2024-07-14 10:00:00
SHP04782,Nagpur,Bhopal,,General Network,Nagpur_Bhopal,Expressway,FTL Truck,1300,0.56,Cloudy,0.52,5,0.46,1600,Express,Midday,Thursday,22.584,19.989,22.584,534.0,0,2024-05-23 13:00:00
SHP04783,Chandigarh,Vadodara,,General Network,Chandigarh_Vadodara,Highway,Mini Truck,1224,0.59,Storm,0.682,4,0.82,1000,Economy,Midday,Monday,63.671,25.909,63.671,2800.3,0,2024-07-22 10:00:00
SHP04784,Kochi,Lucknow,,General Network,Kochi_Lucknow,Mixed,Carting Vehicle,475,0.75,Clear,0.638,5,0.47,800,Economy,Evening Rush,Tuesday,21.314,17.861,21.314,645.5,0,2024-08-27 21:00:00
SHP04785,Vizag,Delhi,Mumbai,General Network,Vizag_Delhi,Mixed,Mini Truck,795,0.44,Cloudy,0.376,3,0.28,850,Economy,Morning Rush,Tuesday,25.92,20.587,25.92,671.9,0,2024-04-30 07:00:00
SHP04786,Bangalore,Lucknow,,General Network,Bangalore_Lucknow,Rural,Mini Truck,1342,0.22,Clear,0.504,6,0.93,4200,Standard,Midday,Tuesday,43.017,44.203,43.017,592.9,0,2024-08-27 10:00:00
SHP04787,Lucknow,Chandigarh,,General Network,Lucknow_Chandigarh,City Road,Express Van,1789,0.3,Rain,0.372,4,0.48,2000,Express,Evening Rush,Monday,72.162,48.0,72.162,1662.9,1,2024-01-15 18:00:00
SHP04788,Vadodara,Kolkata,,General Network,Vadodara_Kolkata,Mixed,Carting Vehicle,1502,0.62,Rain,0.556,2,0.46,750,Economy,Morning Rush,Sunday,78.95,45.956,78.95,2734.4,0,2024-12-08 09:00:00
SHP04789,Patna,Nagpur,Indore,General Network,Patna_Nagpur,Mixed,FTL Truck,128,0.84,Heavy Rain,0.84,4,0.84,1100,Standard,Morning Rush,Sunday,8.353,6.702,8.353,373.2,0,2024-06-02 07:00:00
SHP04790,Coimbatore,Lucknow,Kochi,General Network,Coimbatore_Lucknow,Mixed,Express Van,840,0.56,Fog,0.696,0,0.9,900,Express,Midday,Tuesday,25.696,17.572,25.696,811.3,0,2024-08-27 11:00:00
SHP04791,Chennai,Bangalore,,Southern Corridor,Chennai_Bangalore,Rural,Container,1541,0.61,Clear,0.458,3,0.23,3500,Economy,Midday,Wednesday,68.991,53.728,68.991,1722.2,0,2024-07-10 10:00:00
SHP04792,Jaipur,Hyderabad,,General Network,Jaipur_Hyderabad,Mixed,Mini Truck,274,0.52,Heavy Rain,0.6,6,0.72,2200,Economy,Midday,Friday,16.899,11.132,16.899,709.5,0,2024-07-12 10:00:00
SHP04793,Patna,Vizag,,General Network,Patna_Vizag,Highway,FTL Truck,727,0.55,Fog,0.598,3,0.67,1100,Economy,Morning Rush,Sunday,23.448,14.669,23.448,861.7,0,2024-11-24 07:00:00
SHP04794,Ahmedabad,Hyderabad,,General Network,Ahmedabad_Hyderabad,Expressway,Container,857,0.81,Heavy Rain,0.77,2,0.71,2600,Economy,Evening Rush,Monday,36.014,14.981,36.014,1524.1,0,2024-12-02 18:00:00
SHP04795,Mumbai,Lucknow,Hyderabad,General Network,Mumbai_Lucknow,City Road,Container,1250,0.64,Heavy Rain,0.568,0,0.46,5000,Economy,Afternoon,Saturday,128.369,56.535,128.369,5181.2,1,2024-07-20 14:00:00
SHP04796,Vadodara,Bhopal,,General Network,Vadodara_Bhopal,City Road,FTL Truck,1930,0.78,Rain,0.764,4,0.74,750,Economy,Evening Rush,Tuesday,142.998,72.782,142.998,5271.3,1,2024-10-01 19:00:00
SHP04797,Vizag,Bangalore,Nagpur,General Network,Vizag_Bangalore,City Road,Express Van,2487,0.53,Rain,0.642,5,0.81,850,Standard,Night,Friday,126.154,72.0,126.154,3861.9,1,2024-05-17 22:00:00
SHP04798,Bangalore,Bhopal,Indore,General Network,Bangalore_Bhopal,Highway,Express Van,1427,,Heavy Rain,0.476,1,0.98,4200,Standard,Evening Rush,Monday,31.788,22.051,31.788,976.6,0,2024-01-01 21:00:00
SHP04799,Hyderabad,Lucknow,,General Network,Hyderabad_Lucknow,Mixed,Container,1370,0.27,Cloudy,0.454,0,0.73,3800,Same-Day,Afternoon,Thursday,31.117,24.0,31.117,255.2,1,2024-10-31 16:00:00
SHP04800,Hyderabad,Lucknow,,General Network,Hyderabad_Lucknow,Highway,Container,2398,0.97,Clear,0.942,2,0.9,3800,Express,Night,Sunday,59.925,48.0,59.925,1479.6,1,2024-05-26 22:00:00
SHP04801,Mumbai,Vizag,,General Network,Mumbai_Vizag,Rural,Carting Vehicle,2067,0.59,Storm,0.486,4,0.33,5000,Express,Night,Friday,184.683,48.0,184.683,7406.3,1,2024-11-29 22:00:00
SHP04802,Surat,Nagpur,,General Network,Surat_Nagpur,Rural,Express Van,2235,0.74,Clear,0.792,3,0.87,1800,Standard,Evening Rush,Wednesday,70.755,60.184,70.755,1654.0,0,2024-01-03 18:00:00
SHP04803,Lucknow,Chandigarh,,General Network,Lucknow_Chandigarh,Highway,Carting Vehicle,360,0.13,Fog,0.37,0,0.73,2000,Standard,Morning Rush,Thursday,10.795,10.889,10.795,287.7,0,2024-12-19 07:00:00
SHP04804,Nagpur,Bhopal,,General Network,Nagpur_Bhopal,Rural,Carting Vehicle,1945,0.62,Clear,0.66,5,0.72,1600,Standard,Afternoon,Saturday,89.201,72.0,89.201,1894.3,1,2024-01-20 15:00:00
SHP04805,Kolkata,Chennai,,General Network,Kolkata_Chennai,Highway,FTL Truck,2422,0.69,Rain,0.526,5,,3200,Economy,Evening Rush,Thursday,75.937,42.295,75.937,2739.7,0,2024-02-01 20:00:00
SHP04806,Pune,Indore,,General Network,Pune_Indore,Mixed,Express Van,625,0.51,Fog,0.598,0,0.73,2800,Same-Day,Afternoon,Sunday,17.162,16.724,17.162,486.3,0,2024-11-17 17:00:00
SHP04807,Surat,Mumbai,Jaipur,General Network,Surat_Mumbai,Mixed,Mini Truck,118,0.13,,0.354,1,0.69,1800,Standard,Morning Rush,Sunday,4.441,7.381,4.441,135.3,0,2024-05-12 09:00:00
SHP04808,Indore,Chennai,,General Network,Indore_Chennai,City Road,FTL Truck,596,0.28,Storm,0.544,0,0.94,1400,Same-Day,Morning Rush,Wednesday,40.342,23.862,40.342,1398.8,1,2024-01-03 09:00:00
SHP04809,Delhi,Pune,Patna,General Network,Delhi_Pune,Rural,Mini Truck,1845,0.31,Clear,0.526,2,0.85,4800,Express,Morning Rush,Sunday,54.368,48.0,54.368,528.8,1,2024-10-27 09:00:00
SHP04810,Hyderabad,Bangalore,,General Network,Hyderabad_Bangalore,Expressway,Mini Truck,1057,0.91,Fog,0.798,1,0.63,3800,Economy,Midday,Thursday,37.013,20.442,37.013,1479.0,0,2024-01-04 12:00:00
SHP04811,Delhi,Bangalore,Lucknow,General Network,Delhi_Bangalore,Highway,Express Van,1135,0.5,Heavy Rain,0.472,0,0.43,4800,Standard,Afternoon,Friday,31.489,17.404,31.489,1149.1,0,2024-04-05 14:00:00
SHP04812,Patna,Lucknow,Surat,General Network,Patna_Lucknow,Mixed,Container,786,0.56,Rain,0.6,4,0.66,1100,Economy,Evening Rush,Tuesday,37.814,22.052,37.814,1344.1,0,2024-01-23 20:00:00
SHP04813,Bhopal,Kolkata,Mumbai,General Network,Bhopal_Kolkata,Rural,Container,1808,0.57,Fog,0.558,6,0.54,1200,Economy,Midday,Wednesday,118.772,64.383,118.772,4290.3,0,2024-09-18 10:00:00
SHP04814,Coimbatore,Ahmedabad,,General Network,Coimbatore_Ahmedabad,Rural,Carting Vehicle,2221,0.63,Cloudy,0.65,4,0.68,900,Express,Evening Rush,Monday,102.063,48.0,102.063,2175.4,1,2024-09-02 21:00:00
SHP04815,Mumbai,Kolkata,,General Network,Mumbai_Kolkata,Mixed,Container,825,0.79,Heavy Rain,0.81,6,0.84,5000,Same-Day,Evening Rush,Saturday,43.645,24.0,43.645,1648.1,1,2024-10-26 20:00:00
SHP04816,Vadodara,Chennai,,General Network,Vadodara_Chennai,City Road,Mini Truck,880,0.67,Cloudy,0.71,6,0.77,750,Standard,Evening Rush,Friday,49.886,40.774,49.886,1317.0,0,2024-10-25 18:00:00
SHP04817,Indore,Kochi,Coimbatore,General Network,Indore_Kochi,Rural,Mini Truck,523,0.19,Storm,0.386,3,0.68,1400,Economy,Evening Rush,Tuesday,38.261,19.277,38.261,1520.8,0,2024-12-03 19:00:00
SHP04818,Kolkata,Lucknow,Ahmedabad,General Network,Kolkata_Lucknow,Highway,Container,876,0.33,Rain,0.422,5,0.56,3200,Express,Morning Rush,Thursday,22.599,20.839,22.599,583.0,0,2024-07-11 09:00:00
SHP04819,Lucknow,Nagpur,Surat,General Network,Lucknow_Nagpur,Expressway,Mini Truck,885,0.17,Rain,0.49,2,0.97,2000,Economy,Morning Rush,Saturday,20.02,15.273,20.02,580.1,0,2024-05-11 08:00:00
SHP04820,Indore,Kolkata,Lucknow,General Network,Indore_Kolkata,Mixed,FTL Truck,1226,0.64,Clear,0.736,0,0.88,1400,Economy,Evening Rush,Thursday,35.413,31.448,35.413,898.8,0,2024-03-28 18:00:00
SHP04821,Delhi,Nagpur,,General Network,Delhi_Nagpur,Expressway,Carting Vehicle,1041,0.47,Clear,0.418,2,0.34,4800,Standard,Evening Rush,Tuesday,21.12,21.843,21.12,390.5,0,2024-07-09 19:00:00
SHP04822,Kochi,Bangalore,Vadodara,General Network,Kochi_Bangalore,Rural,Express Van,544,0.15,Fog,0.302,3,0.53,800,Express,Evening Rush,Tuesday,16.695,18.161,16.695,371.0,0,2024-05-21 21:00:00
SHP04823,Surat,Bhopal,,General Network,Surat_Bhopal,City Road,Mini Truck,1866,0.61,Storm,0.462,5,0.24,1800,Standard,Evening Rush,Sunday,195.576,72.0,195.576,8180.3,1,2024-09-22 20:00:00
SHP04824,Bhopal,Indore,Pune,General Network,Bhopal_Indore,Mixed,FTL Truck,877,0.77,Cloudy,0.566,5,,1200,Same-Day,Midday,Monday,23.982,20.465,23.982,561.9,0,2024-10-21 10:00:00
SHP04825,Vadodara,Pune,,General Network,Vadodara_Pune,Highway,Mini Truck,668,0.91,Fog,0.738,4,0.48,750,Standard,Afternoon,Tuesday,26.567,14.139,26.567,1037.3,0,2024-04-23 15:00:00
SHP04826,Bangalore,Kochi,Delhi,General Network,Bangalore_Kochi,Expressway,Express Van,464,0.62,Fog,0.664,6,0.73,4200,Same-Day,Morning Rush,Wednesday,11.45,9.262,11.45,432.2,0,2024-11-20 08:00:00
SHP04827,Vizag,Kochi,Chandigarh,General Network,Vizag_Kochi,Mixed,FTL Truck,166,0.25,Fog,0.238,5,0.22,850,Express,Evening Rush,Friday,7.059,7.865,7.059,257.6,0,2024-04-12 18:00:00
SHP04828,Nagpur,Bhopal,Surat,General Network,Nagpur_Bhopal,Mixed,Express Van,2358,0.26,Heavy Rain,0.424,2,0.67,1600,Same-Day,Afternoon,Monday,65.211,24.0,65.211,1862.2,1,2024-11-25 15:00:00
SHP04829,Indore,Chandigarh,,General Network,Indore_Chandigarh,Highway,Carting Vehicle,2369,0.7,Clear,0.772,6,0.88,1400,Economy,Morning Rush,Saturday,72.294,54.792,72.294,1968.6,0,2024-12-07 08:00:00
SHP04830,Nagpur,Vizag,,General Network,Nagpur_Vizag,Rural,Express Van,1634,0.36,Fog,0.416,6,0.5,1600,Standard,Afternoon,Monday,63.549,43.812,63.549,1918.4,0,2024-11-25 14:00:00
SHP04831,Coimbatore,Surat,Bangalore,General Network,Coimbatore_Surat,Highway,Container,1220,0.29,Cloudy,0.454,2,0.7,900,Standard,Afternoon,Tuesday,26.463,24.585,26.463,511.3,0,2024-06-11 14:00:00
SHP04832,Vizag,Lucknow,,General Network,Vizag_Lucknow,City Road,Carting Vehicle,1239,0.71,Storm,0.81,3,0.96,850,Express,Afternoon,Saturday,152.255,48.0,152.255,6303.3,1,2024-04-06 14:00:00
SHP04833,Mumbai,Hyderabad,,General Network,Mumbai_Hyderabad,Highway,Express Van,1636,0.61,Storm,0.714,1,0.87,5000,Economy,Afternoon,Wednesday,66.098,26.281,66.098,2898.9,0,2024-01-31 15:00:00
SHP04834,Bhopal,Chandigarh,,General Network,Bhopal_Chandigarh,Rural,Container,1641,0.92,Heavy Rain,0.676,0,0.31,1200,Same-Day,Midday,Saturday,114.09,24.0,114.09,4271.3,1,2024-05-11 11:00:00
SHP04835,Mumbai,Chennai,Kochi,General Network,Mumbai_Chennai,Mixed,Carting Vehicle,2149,0.83,Fog,0.858,6,0.9,5000,Economy,Afternoon,Monday,135.509,64.821,135.509,5265.2,1,2024-07-01 16:00:00
SHP04836,Vizag,Nagpur,Indore,General Network,Vizag_Nagpur,City Road,Express Van,1933,0.48,Clear,0.64,6,0.88,850,Express,Morning Rush,Tuesday,63.465,48.0,63.465,926.4,1,2024-12-03 06:00:00
SHP04837,Pune,Bhopal,Surat,General Network,Pune_Bhopal,Rural,Mini Truck,853,0.28,Storm,0.308,6,0.35,2800,Economy,Afternoon,Friday,65.248,32.185,65.248,2651.2,0,2024-09-20 14:00:00
SHP04838,Hyderabad,Indore,,General Network,Hyderabad_Indore,City Road,Mini Truck,1892,0.12,Storm,0.208,4,0.34,3800,Express,Evening Rush,Monday,135.176,48.0,135.176,4506.8,1,2024-06-10 21:00:00
SHP04839,Chandigarh,Pune,,General Network,Chandigarh_Pune,Rural,Express Van,825,0.47,Fog,0.438,2,0.39,1000,Same-Day,Morning Rush,Wednesday,29.174,24.0,29.174,793.9,1,2024-03-20 07:00:00
SHP04840,Bhopal,Surat,,General Network,Bhopal_Surat,City Road,Express Van,1547,0.74,Heavy Rain,0.732,2,0.72,1200,Express,Evening Rush,Saturday,102.98,48.0,102.98,3872.7,1,2024-02-10 21:00:00
SHP04841,Kochi,Indore,,General Network,Kochi_Indore,Expressway,FTL Truck,196,0.39,Heavy Rain,0.53,1,0.74,800,Economy,Evening Rush,Friday,6.801,6.871,6.801,284.3,0,2024-11-15 20:00:00
SHP04842,Indore,Bhopal,,General Network,Indore_Bhopal,Mixed,FTL Truck,483,0.25,Clear,0.298,6,0.37,1400,Standard,Midday,Tuesday,12.288,14.48,12.288,254.3,0,2024-02-06 10:00:00
SHP04843,Surat,Kochi,,General Network,Surat_Kochi,Rural,Express Van,286,,Heavy Rain,0.712,5,0.4,1800,Express,Midday,Sunday,17.806,8.427,17.806,736.8,0,2024-05-26 12:00:00
SHP04844,Bhopal,Chandigarh,Chennai,General Network,Bhopal_Chandigarh,Expressway,Express Van,1292,0.86,Storm,0.808,3,0.73,1200,Same-Day,Afternoon,Tuesday,38.604,19.664,38.604,1606.7,1,2024-01-23 17:00:00
SHP04845,Vizag,Kolkata,,General Network,Vizag_Kolkata,Expressway,Container,551,0.78,Cloudy,0.76,1,0.73,850,Economy,Morning Rush,Sunday,14.878,12.829,14.878,483.3,0,2024-08-25 08:00:00
SHP04846,Coimbatore,Indore,,General Network,Coimbatore_Indore,Expressway,Mini Truck,313,0.64,Fog,0.76,5,0.94,900,Same-Day,Morning Rush,Saturday,9.58,9.338,9.58,355.1,0,2024-10-05 09:00:00
SHP04847,Coimbatore,Vadodara,,General Network,Coimbatore_Vadodara,Rural,Mini Truck,120,0.78,Storm,0.688,4,0.55,900,Express,Morning Rush,Wednesday,11.347,7.197,11.347,503.1,0,2024-08-14 09:00:00
SHP04848,Bhopal,Chandigarh,,General Network,Bhopal_Chandigarh,Highway,Carting Vehicle,2149,0.53,Heavy Rain,0.706,0,0.97,1200,Standard,Afternoon,Friday,93.1,48.368,93.1,3437.0,1,2024-06-28 17:00:00
SHP04849,Chandigarh,Vizag,,General Network,Chandigarh_Vizag,Rural,Carting Vehicle,1609,0.5,Rain,0.604,0,0.76,1000,Standard,Evening Rush,Friday,94.497,65.687,94.497,2809.4,1,2024-08-16 20:00:00
SHP04850,Vadodara,Jaipur,,General Network,Vadodara_Jaipur,Highway,Mini Truck,2201,0.63,,0.678,5,0.75,750,Economy,Afternoon,Tuesday,75.121,42.603,75.121,2673.1,0,2024-03-05 16:00:00
SHP04851,Kochi,Vadodara,Chandigarh,General Network,Kochi_Vadodara,Expressway,Carting Vehicle,407,0.28,Heavy Rain,0.56,6,0.98,800,Express,Midday,Tuesday,14.159,11.856,14.159,506.8,0,2024-11-26 11:00:00
SHP04852,Vizag,Bhopal,Coimbatore,General Network,Vizag_Bhopal,Rural,Container,2012,0.65,Clear,0.566,2,0.44,850,Standard,Night,Thursday,81.107,71.489,81.107,1710.3,1,2024-07-25 22:00:00
SHP04853,Vizag,Bhopal,Surat,General Network,Vizag_Bhopal,City Road,Express Van,1797,0.45,Fog,0.526,0,0.64,850,Express,Evening Rush,Wednesday,84.48,48.0,84.48,2390.1,1,2024-11-20 21:00:00
SHP04854,Hyderabad,Kochi,,General Network,Hyderabad_Kochi,Highway,Express Van,474,0.85,Rain,0.906,5,0.99,3800,Standard,Morning Rush,Saturday,15.308,10.541,15.308,609.4,0,2024-12-21 09:00:00
SHP04855,Pune,Surat,,General Network,Pune_Surat,Rural,Container,873,0.4,Clear,0.484,0,0.61,2800,Express,Morning Rush,Thursday,28.094,33.661,28.094,316.2,0,2024-11-14 09:00:00
SHP04856,Surat,Vizag,Kochi,General Network,Surat_Vizag,Expressway,Container,1787,0.77,Cloudy,0.634,0,0.43,1800,Same-Day,Midday,Thursday,33.343,24.0,33.343,672.8,1,2024-02-29 10:00:00
SHP04857,Vizag,Chennai,,General Network,Vizag_Chennai,City Road,Container,2119,0.45,Storm,0.522,4,0.63,850,Economy,Midday,Friday,240.61,96.15,240.61,10163.0,1,2024-12-20 12:00:00
SHP04858,Patna,Surat,,General Network,Patna_Surat,City Road,Mini Truck,2210,0.32,Cloudy,0.42,0,0.57,1100,Same-Day,Evening Rush,Monday,82.941,24.0,82.941,767.0,1,2024-06-24 19:00:00
SHP04859,Pune,Mumbai,,Mumbai-Pune Expressway,Pune_Mumbai,Mixed,Express Van,1039,0.55,Rain,0.594,6,0.66,2800,Express,Morning Rush,Thursday,31.213,22.396,31.213,969.3,0,2024-03-07 09:00:00
SHP04860,Chennai,Bhopal,Jaipur,General Network,Chennai_Bhopal,City Road,Mini Truck,2196,0.84,Rain,0.848,2,0.86,3500,Same-Day,Morning Rush,Tuesday,139.946,24.0,139.946,4213.9,1,2024-05-28 09:00:00
SHP04861,Chennai,Kolkata,,General Network,Chennai_Kolkata,City Road,Mini Truck,2421,0.67,Storm,0.534,5,0.33,3500,Same-Day,Afternoon,Friday,223.589,24.0,223.589,8803.9,1,2024-03-08 14:00:00
SHP04862,Chennai,Delhi,,General Network,Chennai_Delhi,Highway,Container,427,0.32,Clear,0.536,1,0.86,3500,Express,Afternoon,Tuesday,9.283,12.781,9.283,180.2,0,2024-08-27 14:00:00
SHP04863,Surat,Kolkata,Chandigarh,General Network,Surat_Kolkata,Expressway,Container,1333,0.47,Storm,0.486,1,0.51,1800,Economy,Morning Rush,Tuesday,56.486,24.505,56.486,2398.7,0,2024-05-07 08:00:00
SHP04864,Bhopal,Coimbatore,,General Network,Bhopal_Coimbatore,Highway,Mini Truck,1010,0.58,Cloudy,0.604,2,0.64,1200,Express,Afternoon,Saturday,22.41,20.95,22.41,503.0,0,2024-12-28 14:00:00
SHP04865,Nagpur,Lucknow,,General Network,Nagpur_Lucknow,Mixed,Carting Vehicle,510,0.67,Cloudy,0.598,4,0.49,1600,Economy,Night,Sunday,22.766,18.518,22.766,686.0,0,2024-01-14 22:00:00
SHP04866,Kolkata,Patna,Nagpur,Eastern Corridor,Kolkata_Patna,Mixed,Container,363,0.21,Storm,0.414,2,0.72,3200,Express,Evening Rush,Tuesday,17.814,13.811,17.814,641.8,0,2024-06-25 18:00:00
SHP04867,Hyderabad,Indore,,General Network,Hyderabad_Indore,Mixed,Container,1265,,Storm,0.232,1,0.25,3800,Same-Day,Morning Rush,Wednesday,55.016,24.0,55.016,1812.7,1,2024-05-08 07:00:00
SHP04868,Patna,Ahmedabad,,General Network,Patna_Ahmedabad,Highway,FTL Truck,1811,0.7,Cloudy,0.548,2,0.32,1100,Express,Night,Friday,36.465,33.05,36.465,829.7,0,2024-05-10 22:00:00
SHP04869,Bhopal,Surat,Nagpur,General Network,Bhopal_Surat,Mixed,Express Van,1980,0.9,Rain,0.62,5,0.2,1200,Same-Day,Evening Rush,Friday,60.837,24.0,60.837,1928.5,1,2024-09-27 20:00:00
SHP04870,Chandigarh,Pune,,General Network,Chandigarh_Pune,Expressway,Express Van,105,0.64,Rain,0.636,2,0.63,1000,Standard,Midday,Monday,4.102,2.316,4.102,188.4,0,2024-12-02 11:00:00
SHP04871,Delhi,Pune,Kochi,General Network,Delhi_Pune,Highway,Container,1725,0.48,Clear,0.66,3,0.93,4800,Economy,Midday,Tuesday,40.487,37.869,40.487,907.2,0,2024-11-19 12:00:00
SHP04872,Kolkata,Chennai,,General Network,Kolkata_Chennai,City Road,Carting Vehicle,195,0.6,Storm,0.556,5,0.49,3200,Same-Day,Afternoon,Saturday,23.48,10.953,23.48,963.1,0,2024-04-20 16:00:00
SHP04873,Vizag,Ahmedabad,,General Network,Vizag_Ahmedabad,City Road,Container,2103,0.76,Fog,0.636,5,0.45,850,Express,Afternoon,Saturday,159.37,48.0,159.37,5320.9,1,2024-04-27 17:00:00
SHP04874,Coimbatore,Indore,Patna,General Network,Coimbatore_Indore,Highway,FTL Truck,931,0.12,Clear,0.364,4,0.73,900,Standard,Afternoon,Sunday,15.732,19.599,15.732,245.7,0,2024-02-18 16:00:00
SHP04875,Nagpur,Kolkata,,General Network,Nagpur_Kolkata,City Road,Express Van,524,0.53,Storm,0.63,4,0.78,1600,Express,Afternoon,Sunday,39.034,18.14,39.034,1560.9,0,2024-12-22 17:00:00
SHP04876,Chennai,Indore,,General Network,Chennai_Indore,City Road,FTL Truck,91,0.69,Heavy Rain,0.718,2,0.76,3500,Standard,Evening Rush,Saturday,8.223,7.462,8.223,337.4,0,2024-11-23 20:00:00
SHP04877,Bhopal,Jaipur,,General Network,Bhopal_Jaipur,City Road,Express Van,2483,0.91,Rain,0.758,0,0.53,1200,Same-Day,Morning Rush,Monday,127.077,24.0,127.077,3923.2,1,2024-03-25 09:00:00
SHP04878,Ahmedabad,Hyderabad,,General Network,Ahmedabad_Hyderabad,Rural,Mini Truck,641,0.46,Fog,0.572,4,0.74,2600,Standard,Evening Rush,Thursday,34.497,24.68,34.497,1120.2,0,2024-04-25 18:00:00
SHP04879,Chennai,Kolkata,Indore,General Network,Chennai_Kolkata,Highway,Carting Vehicle,737,0.86,Clear,0.9,4,0.96,3500,Express,Night,Friday,21.293,17.589,21.293,540.6,0,2024-11-15 22:00:00
SHP04880,Coimbatore,Patna,Nagpur,General Network,Coimbatore_Patna,Rural,Express Van,161,0.21,Heavy Rain,0.246,2,0.3,900,Same-Day,Night,Friday,5.997,7.897,5.997,173.2,0,2024-09-27 22:00:00
SHP04881,Bangalore,Chennai,Hyderabad,Southern Corridor,Bangalore_Chennai,Rural,Mini Truck,1573,0.77,Fog,0.594,5,0.33,4200,Express,Midday,Saturday,88.862,48.0,88.862,3001.3,1,2024-04-27 12:00:00
SHP04882,Bangalore,Lucknow,,General Network,Bangalore_Lucknow,Expressway,FTL Truck,2432,0.55,Clear,0.458,1,0.32,4200,Standard,Morning Rush,Tuesday,37.716,34.621,37.716,726.9,0,2024-10-29 06:00:00
SHP04883,Chennai,Delhi,,General Network,Chennai_Delhi,Expressway,Carting Vehicle,1523,0.31,Storm,0.554,2,0.92,3500,Economy,Afternoon,Wednesday,66.779,29.092,66.779,2724.2,0,2024-09-11 15:00:00
SHP04884,Ahmedabad,Delhi,,General Network,Ahmedabad_Delhi,City Road,FTL Truck,1899,0.85,Clear,0.718,1,0.52,2600,Express,Afternoon,Monday,84.55,48.0,84.55,1817.6,1,2024-09-23 15:00:00
SHP04885,Hyderabad,Vizag,Coimbatore,General Network,Hyderabad_Vizag,Expressway,Express Van,215,0.21,,0.33,1,0.51,3800,Economy,Midday,Monday,4.602,4.218,4.602,158.0,0,2024-03-18 13:00:00
SHP04886,Chandigarh,Coimbatore,,General Network,Chandigarh_Coimbatore,City Road,Container,961,0.68,Heavy Rain,0.764,1,0.89,1000,Same-Day,Afternoon,Friday,77.957,24.0,77.957,2739.2,1,2024-08-30 16:00:00
SHP04887,Surat,Coimbatore,Patna,General Network,Surat_Coimbatore,Mixed,Container,1651,0.14,Rain,0.284,5,0.5,1800,Economy,Evening Rush,Sunday,58.568,45.998,58.568,1571.7,0,2024-01-14 21:00:00
SHP04888,Pune,Kochi,,General Network,Pune_Kochi,Expressway,Carting Vehicle,269,0.28,Storm,0.424,0,0.64,2800,Express,Afternoon,Wednesday,10.506,7.3,10.506,403.8,0,2024-01-03 14:00:00
SHP04889,Nagpur,Patna,,General Network,Nagpur_Patna,Expressway,Express Van,2336,0.48,Clear,0.424,1,0.34,1600,Express,Afternoon,Tuesday,27.391,29.142,27.391,360.5,0,2024-10-29 15:00:00
SHP04890,Pune,Hyderabad,,General Network,Pune_Hyderabad,Mixed,Express Van,313,0.69,Rain,0.642,3,0.57,2800,Standard,Morning Rush,Wednesday,12.424,10.695,12.424,473.2,0,2024-07-24 09:00:00
SHP04891,Delhi,Lucknow,,UP Corridor,Delhi_Lucknow,City Road,Mini Truck,477,0.21,Rain,0.522,2,0.99,4800,Same-Day,Afternoon,Tuesday,23.064,22.807,23.064,475.3,0,2024-11-05 17:00:00
SHP04892,Vizag,Ahmedabad,Indore,General Network,Vizag_Ahmedabad,Mixed,Express Van,571,0.89,Heavy Rain,0.678,6,0.36,850,Standard,Morning Rush,Saturday,27.733,12.023,27.733,1167.5,0,2024-02-24 09:00:00
SHP04893,Delhi,Patna,,General Network,Delhi_Patna,Highway,Container,1231,0.63,Fog,0.538,5,0.4,4800,Economy,Evening Rush,Friday,47.938,26.777,47.938,1790.1,0,2024-06-07 21:00:00
SHP04894,Hyderabad,Kolkata,,General Network,Hyderabad_Kolkata,City Road,Container,2490,0.82,Fog,0.82,5,0.82,3800,Economy,Midday,Tuesday,234.67,110.507,234.67,9058.3,1,2024-04-02 12:00:00
SHP04895,Kochi,Vizag,,General Network,Kochi_Vizag,Mixed,Container,1009,0.42,Storm,0.572,6,0.8,800,Standard,Midday,Friday,60.879,29.366,60.879,2465.7,0,2024-01-26 12:00:00
SHP04896,Bangalore,Kochi,,General Network,Bangalore_Kochi,Highway,Carting Vehicle,1771,0.38,Storm,0.532,3,0.76,4200,Economy,Afternoon,Friday,96.508,42.853,96.508,4019.5,0,2024-04-12 14:00:00
SHP04897,Chandigarh,Nagpur,Bangalore,General Network,Chandigarh_Nagpur,Expressway,Express Van,1576,0.17,Rain,0.218,5,0.29,1000,Same-Day,Midday,Sunday,21.425,23.121,21.425,419.9,0,2024-03-10 12:00:00
SHP04898,Patna,Vadodara,,General Network,Patna_Vadodara,Highway,FTL Truck,879,0.85,Rain,0.798,2,0.72,1100,Standard,Midday,Monday,27.309,15.588,27.309,979.3,0,2024-01-08 10:00:00
SHP04899,Chandigarh,Kolkata,,General Network,Chandigarh_Kolkata,Expressway,Carting Vehicle,1288,0.62,Cloudy,0.568,2,0.49,1000,Standard,Midday,Monday,30.756,25.575,30.756,760.7,0,2024-09-23 12:00:00
SHP04900,Jaipur,Chennai,Bhopal,General Network,Jaipur_Chennai,Expressway,Carting Vehicle,362,0.29,,0.43,3,0.64,2200,Economy,Evening Rush,Monday,11.989,9.953,11.989,414.5,0,2024-05-20 18:00:00
SHP04901,Bangalore,Chandigarh,,General Network,Bangalore_Chandigarh,City Road,Carting Vehicle,694,0.36,Heavy Rain,0.512,4,0.74,4200,Express,Evening Rush,Thursday,58.01,37.097,58.01,1894.3,1,2024-04-11 21:00:00
SHP04902,Coimbatore,Hyderabad,,General Network,Coimbatore_Hyderabad,Mixed,Carting Vehicle,1238,0.68,Heavy Rain,0.588,4,0.45,900,Same-Day,Morning Rush,Friday,66.908,24.0,66.908,2363.8,1,2024-11-22 09:00:00
SHP04903,Vizag,Bangalore,Kolkata,General Network,Vizag_Bangalore,Rural,Container,1238,0.79,Fog,0.742,5,0.67,850,Standard,Evening Rush,Tuesday,81.576,44.938,81.576,2952.6,1,2024-05-14 19:00:00
SHP04904,Kolkata,Chennai,Chandigarh,General Network,Kolkata_Chennai,Expressway,Carting Vehicle,875,0.54,Fog,0.616,5,0.73,3200,Express,Afternoon,Friday,27.373,17.652,27.373,905.6,0,2024-07-19 17:00:00
SHP04905,Coimbatore,Kochi,Vadodara,General Network,Coimbatore_Kochi,City Road,Container,1208,0.77,Rain,0.57,6,0.27,900,Standard,Morning Rush,Tuesday,95.137,56.756,95.137,3271.9,1,2024-08-20 06:00:00
SHP04906,Vadodara,Pune,,General Network,Vadodara_Pune,Highway,Mini Truck,791,0.72,Fog,0.708,4,0.69,750,Express,Morning Rush,Saturday,26.206,19.238,26.206,913.2,0,2024-03-23 08:00:00
SHP04907,Lucknow,Jaipur,Hyderabad,General Network,Lucknow_Jaipur,Rural,Mini Truck,483,0.29,Fog,0.438,5,0.66,2000,Economy,Morning Rush,Tuesday,26.908,19.48,26.908,899.0,0,2024-01-16 07:00:00
SHP04908,Vadodara,Kolkata,Lucknow,General Network,Vadodara_Kolkata,Expressway,Carting Vehicle,2475,0.97,Clear,0.858,0,0.69,750,Express,Afternoon,Friday,57.756,47.535,57.756,1381.1,1,2024-09-06 17:00:00
SHP04909,Indore,Bangalore,Chandigarh,General Network,Indore_Bangalore,City Road,Express Van,1751,0.54,Storm,0.492,0,0.42,1400,Express,Morning Rush,Sunday,126.357,48.0,126.357,4971.2,1,2024-06-23 07:00:00
SHP04910,Bangalore,Surat,,General Network,Bangalore_Surat,Expressway,FTL Truck,2443,0.51,Storm,0.534,5,0.57,4200,Standard,Midday,Friday,81.838,34.88,81.838,3367.3,1,2024-11-08 12:00:00
SHP04911,Vadodara,Patna,Jaipur,General Network,Vadodara_Patna,City Road,Carting Vehicle,1315,0.51,Fog,0.622,3,0.79,750,Same-Day,Afternoon,Thursday,91.663,24.0,91.663,2494.1,1,2024-05-09 14:00:00
SHP04912,Pune,Vizag,,General Network,Pune_Vizag,City Road,Container,2092,0.1,,0.372,0,0.78,2800,Express,Morning Rush,Friday,126.305,48.0,126.305,3359.2,1,2024-12-13 09:00:00
SHP04913,Delhi,Patna,,General Network,Delhi_Patna,Highway,Express Van,2469,0.8,Fog,0.644,3,0.41,4800,Express,Midday,Tuesday,62.763,38.301,62.763,2155.6,1,2024-12-03 11:00:00
SHP04914,Nagpur,Surat,,General Network,Nagpur_Surat,Rural,Mini Truck,1631,0.25,Clear,0.458,5,0.77,1600,Standard,Midday,Monday,51.121,56.066,51.121,650.9,0,2024-11-04 11:00:00
SHP04915,Kochi,Hyderabad,,General Network,Kochi_Hyderabad,Highway,Mini Truck,2248,0.22,Rain,0.376,5,0.61,800,Economy,Morning Rush,Tuesday,60.386,42.38,60.386,1749.8,0,2024-02-20 07:00:00
SHP04916,Coimbatore,Lucknow,,General Network,Coimbatore_Lucknow,Expressway,Express Van,2448,0.62,Clear,0.508,2,0.34,900,Economy,Night,Saturday,38.835,33.23,38.835,985.6,0,2024-08-17 22:00:00
SHP04917,Coimbatore,Surat,,General Network,Coimbatore_Surat,Mixed,Container,1679,0.21,Fog,0.386,3,0.65,900,Express,Night,Saturday,54.557,47.582,54.557,1298.1,1,2024-01-13 22:00:00
SHP04918,Lucknow,Patna,,General Network,Lucknow_Patna,City Road,Container,419,0.86,Rain,0.712,3,0.49,2000,Standard,Midday,Sunday,34.766,23.092,34.766,1240.9,0,2024-11-24 11:00:00
SHP04919,Bangalore,Chennai,Delhi,Southern Corridor,Bangalore_Chennai,Mixed,Express Van,475,0.74,Heavy Rain,0.696,5,0.63,4200,Express,Afternoon,Saturday,20.488,12.06,20.488,816.2,0,2024-07-20 16:00:00
SHP04920,Indore,Bhopal,Patna,General Network,Indore_Bhopal,Expressway,Express Van,1148,0.82,Storm,0.68,4,0.47,1400,Same-Day,Morning Rush,Thursday,33.996,17.997,33.996,1409.3,1,2024-06-06 06:00:00
SHP04921,Bhopal,Ahmedabad,,General Network,Bhopal_Ahmedabad,City Road,Container,615,0.2,Cloudy,0.34,6,0.55,1200,Same-Day,Afternoon,Tuesday,24.111,24.0,24.111,206.3,1,2024-01-30 17:00:00
SHP04922,Kochi,Nagpur,Mumbai,General Network,Kochi_Nagpur,City Road,Carting Vehicle,2463,0.33,Storm,0.57,6,0.93,800,Express,Afternoon,Tuesday,243.667,48.0,243.667,8990.3,1,2024-11-12 15:00:00
SHP04923,Nagpur,Vizag,,General Network,Nagpur_Vizag,Rural,Mini Truck,584,0.52,Fog,0.648,6,0.84,1600,Express,Evening Rush,Wednesday,30.325,20.667,30.325,954.3,0,2024-10-16 21:00:00
SHP04924,Kolkata,Vadodara,Mumbai,General Network,Kolkata_Vadodara,Highway,FTL Truck,2159,0.8,Storm,0.772,3,0.73,3200,Same-Day,Afternoon,Monday,84.771,24.0,84.771,3467.0,1,2024-05-06 16:00:00
SHP04925,Indore,Patna,,General Network,Indore_Patna,Expressway,Express Van,568,0.14,Storm,0.42,4,0.84,1400,Same-Day,Morning Rush,Monday,13.718,9.638,13.718,511.1,0,2024-02-26 09:00:00
SHP04926,Ahmedabad,Kolkata,,General Network,Ahmedabad_Kolkata,Expressway,Carting Vehicle,792,0.39,Storm,0.45,3,0.54,2600,Express,Evening Rush,Sunday,30.961,16.192,30.961,1190.7,0,2024-02-04 18:00:00
SHP04927,Lucknow,Indore,Delhi,General Network,Lucknow_Indore,Expressway,Carting Vehicle,781,0.15,Rain,0.202,1,0.28,2000,Same-Day,Afternoon,Monday,15.203,15.673,15.203,254.5,0,2024-12-23 14:00:00
SHP04928,Chandigarh,Chennai,,General Network,Chandigarh_Chennai,City Road,Mini Truck,509,0.99,Heavy Rain,0.874,0,0.7,1000,Economy,Midday,Monday,58.189,24.121,58.189,2521.8,0,2024-12-02 10:00:00
SHP04929,Chennai,Pune,Ahmedabad,General Network,Chennai_Pune,Expressway,Express Van,1579,0.69,Cloudy,0.642,6,0.57,3500,Economy,Morning Rush,Monday,30.747,21.765,30.747,977.6,0,2024-04-15 07:00:00
SHP04930,Kochi,Pune,,General Network,Kochi_Pune,Highway,Container,450,0.82,Fog,0.812,5,0.8,800,Same-Day,Midday,Thursday,16.445,12.563,16.445,589.7,0,2024-07-11 10:00:00
SHP04931,Chennai,Patna,,General Network,Chennai_Patna,Rural,Carting Vehicle,2225,0.12,Fog,0.432,3,0.9,3500,Same-Day,Midday,Wednesday,93.715,24.0,93.715,1667.4,1,2024-06-26 12:00:00
SHP04932,Chandigarh,Kolkata,Lucknow,General Network,Chandigarh_Kolkata,Expressway,FTL Truck,1468,0.42,Fog,0.552,6,0.75,1000,Express,Morning Rush,Saturday,31.666,23.408,31.666,972.8,0,2024-03-09 06:00:00
SHP04933,Coimbatore,Lucknow,Pune,General Network,Coimbatore_Lucknow,Rural,FTL Truck,888,0.93,Clear,0.75,2,,900,Economy,Midday,Sunday,40.128,27.415,40.128,1223.7,0,2024-06-09 10:00:00
SHP04934,Chandigarh,Hyderabad,,General Network,Chandigarh_Hyderabad,Expressway,FTL Truck,588,1.0,Fog,0.864,6,0.66,1000,Same-Day,Midday,Friday,16.769,10.378,16.769,634.8,0,2024-06-14 12:00:00
SHP04935,Chandigarh,Jaipur,Coimbatore,General Network,Chandigarh_Jaipur,Mixed,Express Van,1746,0.57,Rain,0.666,3,0.81,1000,Standard,Morning Rush,Wednesday,53.435,34.717,53.435,1687.8,0,2024-01-03 09:00:00
SHP04936,Kolkata,Mumbai,Kochi,General Network,Kolkata_Mumbai,Highway,Container,2155,0.17,Fog,0.298,1,0.49,3200,Standard,Midday,Friday,54.41,43.517,54.41,1363.1,0,2024-08-23 13:00:00
SHP04937,Delhi,Patna,Jaipur,General Network,Delhi_Patna,Expressway,Express Van,1617,0.47,Rain,0.514,2,0.58,4800,Express,Evening Rush,Monday,27.103,20.798,27.103,738.1,0,2024-08-05 21:00:00
SHP04938,Jaipur,Nagpur,,General Network,Jaipur_Nagpur,Rural,FTL Truck,762,0.37,Heavy Rain,0.382,4,0.4,2200,Same-Day,Evening Rush,Wednesday,34.902,24.0,34.902,1078.1,1,2024-04-10 21:00:00
SHP04939,Coimbatore,Patna,,General Network,Coimbatore_Patna,Mixed,Express Van,1782,0.99,Storm,0.886,4,,900,Standard,Night,Sunday,104.215,37.945,104.215,4703.3,1,2024-06-02 22:00:00
SHP04940,Mumbai,Hyderabad,,General Network,Mumbai_Hyderabad,City Road,Container,852,0.92,Rain,0.644,1,0.23,5000,Express,Midday,Monday,64.69,40.62,64.69,2163.1,1,2024-07-15 12:00:00
SHP04941,Mumbai,Surat,Jaipur,General Network,Mumbai_Surat,Highway,Express Van,2059,0.96,Storm,0.884,0,0.77,5000,Express,Morning Rush,Tuesday,80.615,30.62,80.615,3494.1,1,2024-04-30 08:00:00
SHP04942,Coimbatore,Bhopal,Chandigarh,General Network,Coimbatore_Bhopal,Highway,Express Van,1414,0.26,Clear,0.276,3,0.3,900,Standard,Evening Rush,Sunday,20.276,24.035,20.276,294.4,0,2024-09-22 21:00:00
SHP04943,Lucknow,Surat,,General Network,Lucknow_Surat,City Road,Carting Vehicle,183,0.92,,0.688,2,0.34,2000,Express,Morning Rush,Monday,21.306,12.113,21.306,860.1,0,2024-12-30 09:00:00
SHP04944,Ahmedabad,Hyderabad,,General Network,Ahmedabad_Hyderabad,City Road,Mini Truck,2221,0.17,Heavy Rain,0.206,0,0.26,2600,Same-Day,Evening Rush,Tuesday,122.664,24.0,122.664,3129.4,1,2024-09-10 20:00:00
SHP04945,Lucknow,Hyderabad,Vadodara,General Network,Lucknow_Hyderabad,Expressway,Container,1643,0.57,Rain,0.674,1,0.83,2000,Economy,Midday,Saturday,47.718,27.902,47.718,1642.3,0,2024-05-11 11:00:00
SHP04946,Bangalore,Kochi,,General Network,Bangalore_Kochi,City Road,Carting Vehicle,1639,0.86,Storm,0.884,6,0.92,4200,Economy,Midday,Tuesday,263.111,85.053,263.111,12040.4,1,2024-07-23 12:00:00
SHP04947,Chennai,Chandigarh,Coimbatore,General Network,Chennai_Chandigarh,Mixed,Carting Vehicle,1832,0.32,,0.54,1,0.87,3500,Standard,Morning Rush,Friday,77.595,56.129,77.595,2213.0,1,2024-01-19 06:00:00
SHP04948,Jaipur,Nagpur,Ahmedabad,General Network,Jaipur_Nagpur,City Road,Carting Vehicle,1345,0.24,Fog,0.252,3,0.27,2200,Express,Afternoon,Thursday,85.123,48.0,85.123,2033.1,1,2024-07-25 14:00:00
SHP04949,Nagpur,Vadodara,,General Network,Nagpur_Vadodara,Highway,Container,307,0.17,Clear,0.186,0,0.21,1600,Standard,Morning Rush,Saturday,5.567,7.53,5.567,63.2,0,2024-12-21 06:00:00
SHP04950,Lucknow,Patna,,General Network,Lucknow_Patna,Mixed,Express Van,1721,0.66,Heavy Rain,0.696,5,0.75,2000,Same-Day,Morning Rush,Tuesday,60.099,24.0,60.099,2109.4,1,2024-03-26 08:00:00
SHP04951,Mumbai,Kochi,,General Network,Mumbai_Kochi,Rural,Express Van,1334,0.84,Fog,0.752,1,0.62,5000,Same-Day,Morning Rush,Saturday,56.039,24.0,56.039,1815.7,1,2024-07-20 06:00:00
SHP04952,Chennai,Delhi,Pune,General Network,Chennai_Delhi,Mixed,Express Van,2061,0.26,Fog,0.556,5,1.0,3500,Same-Day,Morning Rush,Saturday,48.622,24.0,48.622,1125.1,1,2024-12-28 06:00:00
SHP04953,Chandigarh,Jaipur,Bhopal,General Network,Chandigarh_Jaipur,City Road,Container,993,0.87,Rain,0.642,2,0.3,1000,Standard,Afternoon,Wednesday,79.858,47.515,79.858,2788.8,1,2024-05-29 17:00:00
SHP04954,Coimbatore,Pune,,General Network,Coimbatore_Pune,Highway,Container,1082,0.25,Fog,0.318,5,0.42,900,Same-Day,Evening Rush,Wednesday,26.59,23.634,26.59,640.7,1,2024-06-12 20:00:00
SHP04955,Mumbai,Patna,,General Network,Mumbai_Patna,City Road,Express Van,280,0.67,Fog,0.606,5,0.51,5000,Same-Day,Evening Rush,Tuesday,14.919,12.236,14.919,477.8,0,2024-11-05 21:00:00
SHP04956,Indore,Kolkata,,General Network,Indore_Kolkata,Rural,Mini Truck,2144,0.24,Storm,0.404,3,0.65,1400,Economy,Midday,Tuesday,158.027,73.077,158.027,6305.3,1,2024-10-08 10:00:00
SHP04957,Surat,Indore,,General Network,Surat_Indore,City Road,Carting Vehicle,790,0.35,Storm,0.338,0,0.32,1800,Economy,Evening Rush,Thursday,94.958,40.747,94.958,3891.7,0,2024-01-04 21:00:00
SHP04958,Chandigarh,Patna,,General Network,Chandigarh_Patna,Highway,Express Van,762,0.58,Fog,0.6,5,0.63,1000,Standard,Midday,Monday,20.994,12.591,20.994,762.7,0,2024-07-22 10:00:00
SHP04959,Nagpur,Vadodara,,General Network,Nagpur_Vadodara,Highway,Express Van,1977,0.27,Heavy Rain,0.438,3,0.69,1600,Same-Day,Morning Rush,Sunday,41.986,24.0,41.986,1229.8,1,2024-02-18 08:00:00
SHP04960,Hyderabad,Vizag,Coimbatore,General Network,Hyderabad_Vizag,Highway,FTL Truck,1069,0.6,Clear,0.452,0,0.23,3800,Standard,Evening Rush,Monday,20.308,20.94,20.308,416.7,0,2024-01-08 19:00:00
SHP04961,Hyderabad,Lucknow,,General Network,Hyderabad_Lucknow,City Road,FTL Truck,2385,0.33,Rain,0.502,4,0.76,3800,Same-Day,Afternoon,Friday,104.124,24.0,104.124,2158.9,1,2024-05-24 15:00:00
SHP04962,Hyderabad,Coimbatore,,General Network,Hyderabad_Coimbatore,Expressway,Carting Vehicle,796,0.62,Storm,0.488,1,0.29,3800,Same-Day,Midday,Saturday,31.604,17.307,31.604,1225.9,1,2024-03-02 10:00:00
SHP04963,Coimbatore,Patna,,General Network,Coimbatore_Patna,Highway,Container,2154,0.41,Rain,0.39,4,0.36,900,Same-Day,Evening Rush,Friday,52.792,24.0,52.792,1266.9,1,2024-08-09 21:00:00
SHP04964,Bangalore,Bhopal,,General Network,Bangalore_Bhopal,Mixed,Express Van,570,0.34,Heavy Rain,0.536,5,0.83,4200,Economy,Evening Rush,Tuesday,23.799,13.734,23.799,932.3,0,2024-03-26 20:00:00
SHP04965,Kochi,Jaipur,Indore,General Network,Kochi_Jaipur,Mixed,Mini Truck,91,0.75,Heavy Rain,0.686,0,0.59,800,Standard,Morning Rush,Monday,6.106,4.173,6.106,265.2,0,2024-01-08 07:00:00
SHP04966,Chandigarh,Ahmedabad,,General Network,Chandigarh_Ahmedabad,Highway,Carting Vehicle,919,0.27,Rain,0.27,0,0.27,1000,Same-Day,Afternoon,Wednesday,22.354,22.166,22.354,422.3,0,2024-09-04 15:00:00
SHP04967,Chandigarh,Indore,,General Network,Chandigarh_Indore,Expressway,Carting Vehicle,1652,,Rain,0.368,3,0.68,1000,Same-Day,Night,Wednesday,33.161,24.0,33.161,598.5,1,2024-02-28 22:00:00
SHP04968,Lucknow,Jaipur,,General Network,Lucknow_Jaipur,City Road,Carting Vehicle,474,0.71,Clear,0.694,0,0.67,2000,Standard,Morning Rush,Saturday,28.902,25.7,28.902,650.7,0,2024-07-13 08:00:00
SHP04969,Surat,Pune,,General Network,Surat_Pune,Mixed,Express Van,2417,0.11,Rain,0.314,4,0.62,1800,Express,Midday,Thursday,51.886,48.0,51.886,1011.4,1,2024-06-20 10:00:00
SHP04970,Jaipur,Bhopal,,General Network,Jaipur_Bhopal,City Road,Mini Truck,2079,1.0,Storm,0.692,0,0.23,2200,Same-Day,Midday,Sunday,222.251,24.0,222.251,9375.1,1,2024-10-06 13:00:00
SHP04971,Kochi,Chandigarh,Lucknow,General Network,Kochi_Chandigarh,Expressway,FTL Truck,622,0.64,Fog,0.764,5,0.95,800,Standard,Afternoon,Monday,17.19,10.159,17.19,638.6,0,2024-11-18 17:00:00
SHP04972,Vadodara,Chennai,Nagpur,General Network,Vadodara_Chennai,Rural,Container,1327,0.81,Rain,0.622,1,,750,Same-Day,Morning Rush,Wednesday,68.995,24.0,68.995,2058.1,1,2024-12-04 09:00:00
SHP04973,Hyderabad,Jaipur,,General Network,Hyderabad_Jaipur,Expressway,Mini Truck,845,0.78,Clear,0.648,2,0.45,3800,Express,Evening Rush,Tuesday,16.412,17.021,16.412,391.8,0,2024-05-07 18:00:00
SHP04974,Vizag,Bhopal,,General Network,Vizag_Bhopal,Rural,FTL Truck,1010,0.21,Cloudy,0.466,6,0.85,850,Express,Evening Rush,Monday,30.309,30.41,30.309,471.9,0,2024-11-18 21:00:00
SHP04975,Coimbatore,Pune,,General Network,Coimbatore_Pune,Mixed,FTL Truck,237,0.49,Rain,0.478,3,0.46,900,Same-Day,Afternoon,Thursday,8.439,10.105,8.439,269.3,0,2024-12-19 14:00:00
SHP04976,Pune,Delhi,Patna,General Network,Pune_Delhi,City Road,FTL Truck,447,0.76,Fog,0.64,2,0.46,2800,Economy,Afternoon,Friday,35.814,21.422,35.814,1382.5,0,2024-09-27 14:00:00
SHP04977,Indore,Coimbatore,Kolkata,General Network,Indore_Coimbatore,City Road,Express Van,823,0.61,Storm,0.45,4,0.21,1400,Standard,Midday,Monday,68.473,27.589,68.473,2881.6,0,2024-08-05 12:00:00
SHP04978,Nagpur,Kochi,,General Network,Nagpur_Kochi,City Road,Container,335,0.94,Heavy Rain,0.692,2,0.32,1600,Economy,Midday,Monday,40.581,18.593,40.581,1759.2,0,2024-11-18 13:00:00
SHP04979,Bhopal,Patna,Ahmedabad,General Network,Bhopal_Patna,Highway,Express Van,2259,0.93,Clear,0.906,1,0.87,1200,Economy,Afternoon,Monday,49.903,34.724,49.903,1520.9,0,2024-07-29 15:00:00
SHP04980,Bangalore,Pune,Chennai,General Network,Bangalore_Pune,Rural,Express Van,1976,0.44,Rain,0.52,0,0.64,4200,Economy,Morning Rush,Saturday,81.376,51.315,81.376,2591.5,0,2024-05-25 09:00:00
SHP04981,Vadodara,Vizag,,General Network,Vadodara_Vizag,Highway,Carting Vehicle,1404,0.38,Storm,0.464,4,0.59,750,Standard,Morning Rush,Wednesday,69.209,31.439,69.209,2748.6,0,2024-04-03 06:00:00
SHP04982,Hyderabad,Ahmedabad,Vadodara,General Network,Hyderabad_Ahmedabad,Mixed,Container,2105,0.19,Cloudy,0.326,3,0.53,3800,Economy,Evening Rush,Wednesday,59.807,56.763,59.807,1111.9,0,2024-10-09 18:00:00
SHP04983,Vizag,Chandigarh,,General Network,Vizag_Chandigarh,Mixed,Carting Vehicle,1196,0.56,Storm,0.688,4,0.88,850,Economy,Afternoon,Sunday,97.73,35.688,97.73,4269.1,0,2024-03-10 14:00:00
SHP04984,Hyderabad,Surat,,General Network,Hyderabad_Surat,Expressway,Carting Vehicle,2275,0.43,Fog,0.55,6,0.73,3800,Standard,Afternoon,Friday,66.403,42.547,66.403,2068.4,0,2024-09-06 14:00:00
SHP04985,Delhi,Vadodara,,General Network,Delhi_Vadodara,Highway,FTL Truck,2178,0.71,Clear,0.806,3,0.95,4800,Express,Evening Rush,Tuesday,41.624,39.74,41.624,863.9,0,2024-12-03 20:00:00
SHP04986,Bangalore,Surat,Vizag,General Network,Bangalore_Surat,Expressway,FTL Truck,2199,0.97,Storm,0.906,1,0.81,4200,Economy,Morning Rush,Wednesday,102.898,33.839,102.898,4785.1,0,2024-03-13 09:00:00
SHP04987,Surat,Kolkata,,General Network,Surat_Kolkata,Rural,Carting Vehicle,848,0.74,Cloudy,0.66,6,0.54,1800,Same-Day,Evening Rush,Thursday,41.834,24.0,41.834,1002.5,1,2024-01-25 20:00:00
SHP04988,Patna,Kochi,Ahmedabad,General Network,Patna_Kochi,Highway,Container,754,0.68,Rain,0.676,0,0.67,1100,Economy,Evening Rush,Thursday,27.384,17.504,27.384,977.7,0,2024-10-17 20:00:00
SHP04989,Hyderabad,Patna,Coimbatore,General Network,Hyderabad_Patna,Mixed,Mini Truck,1668,0.64,Heavy Rain,0.5,4,0.29,3800,Economy,Morning Rush,Wednesday,95.67,41.707,95.67,3886.9,0,2024-03-27 08:00:00
SHP04990,Bangalore,Hyderabad,,General Network,Bangalore_Hyderabad,Mixed,Mini Truck,211,0.81,Rain,0.678,1,0.48,4200,Express,Afternoon,Wednesday,9.453,9.164,9.453,332.7,0,2024-11-13 16:00:00
SHP04991,Jaipur,Coimbatore,Vadodara,General Network,Jaipur_Coimbatore,Rural,Container,1153,0.7,Rain,0.784,6,0.91,2200,Economy,Afternoon,Thursday,77.096,44.055,77.096,2817.2,0,2024-06-20 16:00:00
SHP04992,Patna,Coimbatore,,General Network,Patna_Coimbatore,Highway,Container,1322,0.35,Clear,0.378,3,0.42,1100,Standard,Evening Rush,Thursday,26.765,27.168,26.765,439.4,0,2024-07-25 20:00:00
SHP04993,Chennai,Bangalore,Coimbatore,Southern Corridor,Chennai_Bangalore,Rural,FTL Truck,822,0.39,Heavy Rain,0.47,2,0.59,3500,Same-Day,Night,Wednesday,38.13,24.0,38.13,1191.8,1,2024-02-28 22:00:00
SHP04994,Ahmedabad,Chennai,Kochi,General Network,Ahmedabad_Chennai,Rural,Container,794,0.84,Cloudy,0.904,5,1.0,2600,Standard,Morning Rush,Wednesday,41.995,30.2,41.995,1274.2,0,2024-08-07 09:00:00
SHP04995,Vadodara,Patna,Surat,General Network,Vadodara_Patna,Highway,Mini Truck,725,0.29,Storm,0.426,3,0.63,750,Express,Midday,Friday,27.183,15.284,27.183,1026.8,0,2024-05-03 10:00:00
SHP04996,Delhi,Lucknow,,UP Corridor,Delhi_Lucknow,Mixed,Carting Vehicle,408,0.81,Clear,0.582,4,0.24,4800,Standard,Midday,Monday,15.677,16.613,15.677,396.6,0,2024-08-26 10:00:00
SHP04997,Bangalore,Chandigarh,,General Network,Bangalore_Chandigarh,Rural,Mini Truck,2406,0.96,Cloudy,0.936,2,0.9,4200,Express,Morning Rush,Friday,108.6,48.0,108.6,2951.6,1,2024-11-29 09:00:00
SHP04998,Pune,Lucknow,,General Network,Pune_Lucknow,Highway,Express Van,1721,0.95,Heavy Rain,0.786,6,0.54,2800,Standard,Night,Wednesday,61.693,27.585,61.693,2579.2,0,2024-05-15 22:00:00
SHP04999,Nagpur,Ahmedabad,,General Network,Nagpur_Ahmedabad,Rural,Container,2500,0.9,Storm,0.792,3,0.63,1600,Same-Day,Midday,Sunday,211.684,24.0,211.684,8779.5,1,2024-06-02 11:00:00
SHP05000,Patna,Jaipur,,General Network,Patna_Jaipur,City Road,Express Van,1527,0.18,Cloudy,0.472,3,0.91,1100,Same-Day,Evening Rush,Friday,43.714,24.0,43.714,346.6,1,2024-11-01 19:00:00
SHP02078,Coimbatore,Lucknow,Vizag,General Network,Coimbatore_Lucknow,Highway,Mini Truck,1391,0.76,Rain,0.644,3,0.47,900,Same-Day,Afternoon,Friday,38.544,24.0,38.544,1153.5,1,2024-09-20 17:00:00
SHP03033,Hyderabad,Indore,,General Network,Hyderabad_Indore,City Road,Carting Vehicle,1120,0.13,Rain,0.434,2,0.89,3800,Same-Day,Evening Rush,Saturday,57.242,24.0,57.242,874.5,1,2024-07-13 19:00:00
SHP03965,Ahmedabad,Jaipur,,General Network,Ahmedabad_Jaipur,Highway,Carting Vehicle,2052,0.35,Clear,0.538,0,0.82,2600,Express,Evening Rush,Saturday,41.226,46.429,41.226,421.5,0,2024-12-28 21:00:00
SHP01883,Vizag,Kolkata,,General Network,Vizag_Kolkata,Expressway,Mini Truck,1000,0.22,Fog,0.296,6,0.41,850,Same-Day,Evening Rush,Sunday,20.061,17.645,20.061,501.9,0,2024-10-27 19:00:00
SHP01720,Nagpur,Mumbai,,General Network,Nagpur_Mumbai,Rural,Container,886,0.62,Clear,0.676,0,0.76,1600,Economy,Midday,Friday,39.124,32.438,39.124,957.6,0,2024-03-22 13:00:00
SHP01697,Indore,Vadodara,Mumbai,General Network,Indore_Vadodara,Mixed,Express Van,971,0.78,Fog,0.672,3,0.51,1400,Express,Afternoon,Sunday,33.884,21.945,33.884,1188.7,0,2024-11-17 16:00:00
SHP01031,Chennai,Mumbai,,General Network,Chennai_Mumbai,Mixed,Carting Vehicle,347,0.44,Clear,0.6,2,0.84,3500,Same-Day,Night,Monday,10.369,14.798,10.369,159.5,0,2024-10-28 22:00:00
SHP01203,Mumbai,Kochi,Bhopal,General Network,Mumbai_Kochi,Mixed,Express Van,1097,0.77,Heavy Rain,0.862,3,1.0,5000,Express,Morning Rush,Friday,43.362,24.781,43.362,1647.8,0,2024-02-16 09:00:00
SHP04701,Kochi,Jaipur,Vizag,General Network,Kochi_Jaipur,Highway,Express Van,1834,0.9,Storm,0.776,2,0.59,800,Express,Afternoon,Wednesday,70.549,29.83,70.549,3036.9,1,2024-01-03 14:00:00
SHP01744,Indore,Hyderabad,Coimbatore,General Network,Indore_Hyderabad,Highway,Carting Vehicle,1793,0.12,Clear,0.18,1,0.27,1400,Same-Day,Night,Friday,28.452,24.0,28.452,0.0,1,2024-03-15 22:00:00
SHP04985,Delhi,Vadodara,,General Network,Delhi_Vadodara,Highway,FTL Truck,2178,0.71,Clear,0.806,3,0.95,4800,Express,Evening Rush,Tuesday,41.624,39.74,41.624,863.9,0,2024-12-03 20:00:00
SHP04575,Mumbai,Vizag,Surat,General Network,Mumbai_Vizag,Expressway,Express Van,2400,0.37,Storm,0.554,4,,5000,Standard,Evening Rush,Friday,64.715,31.153,64.715,2564.8,0,2024-11-01 20:00:00
SHP03821,Chennai,Nagpur,,General Network,Chennai_Nagpur,City Road,FTL Truck,1853,0.54,Heavy Rain,0.7,6,0.94,3500,Express,Evening Rush,Sunday,128.466,48.0,128.466,4531.4,1,2024-09-15 19:00:00
SHP00094,Nagpur,Indore,Jaipur,General Network,Nagpur_Indore,Expressway,Container,1109,0.43,Clear,0.438,2,0.45,1600,Express,Morning Rush,Monday,17.481,20.925,17.481,224.8,0,2024-10-14 09:00:00
SHP02236,Kochi,Vadodara,Nagpur,General Network,Kochi_Vadodara,Mixed,Carting Vehicle,721,0.94,Fog,0.744,3,0.45,800,Economy,Midday,Wednesday,48.249,21.969,48.249,1933.6,0,2024-11-27 11:00:00
SHP03750,Chandigarh,Kolkata,,General Network,Chandigarh_Kolkata,Expressway,Mini Truck,459,0.31,Fog,0.582,4,0.99,1000,Same-Day,Afternoon,Tuesday,10.214,9.35,10.214,290.7,0,2024-04-16 14:00:00
SHP04878,Ahmedabad,Hyderabad,,General Network,Ahmedabad_Hyderabad,Rural,Mini Truck,641,0.46,Fog,0.572,4,0.74,2600,Standard,Evening Rush,Thursday,34.497,24.68,34.497,1120.2,0,2024-04-25 18:00:00
SHP03753,Vadodara,Pune,,General Network,Vadodara_Pune,Highway,Carting Vehicle,1966,,Clear,0.468,4,0.39,750,Economy,Night,Tuesday,53.692,46.251,53.692,1255.5,0,2024-01-09 22:00:00
SHP04922,Kochi,Nagpur,Mumbai,General Network,Kochi_Nagpur,City Road,Carting Vehicle,2463,0.33,Storm,0.57,6,0.93,800,Express,Afternoon,Tuesday,243.667,48.0,243.667,8990.3,1,2024-11-12 15:00:00
SHP03473,Hyderabad,Mumbai,,General Network,Hyderabad_Mumbai,City Road,Carting Vehicle,1741,0.44,Storm,0.5,0,0.59,3800,Express,Evening Rush,Tuesday,182.677,48.0,182.677,6981.2,1,2024-06-18 18:00:00
SHP01082,Mumbai,Vadodara,Chandigarh,General Network,Mumbai_Vadodara,Rural,Container,1752,0.18,Fog,0.296,6,0.47,5000,Same-Day,Evening Rush,Sunday,69.106,24.0,69.106,1398.1,1,2024-07-14 18:00:00
SHP02592,Hyderabad,Delhi,,General Network,Hyderabad_Delhi,City Road,Mini Truck,1322,0.51,Fog,0.442,2,0.34,3800,Same-Day,Midday,Thursday,76.34,24.0,76.34,2062.3,1,2024-09-19 11:00:00
SHP00605,Surat,Vadodara,Chandigarh,General Network,Surat_Vadodara,City Road,Express Van,1334,0.22,Storm,0.388,2,0.64,1800,Express,Morning Rush,Sunday,80.194,47.215,80.194,2823.1,1,2024-08-11 09:00:00
SHP04962,Hyderabad,Coimbatore,,General Network,Hyderabad_Coimbatore,Expressway,Carting Vehicle,796,0.62,Storm,0.488,1,0.29,3800,Same-Day,Midday,Saturday,31.604,17.307,31.604,1225.9,1,2024-03-02 10:00:00
SHP00026,Bangalore,Jaipur,,General Network,Bangalore_Jaipur,Rural,Carting Vehicle,407,0.12,Cloudy,0.232,3,0.4,4200,Express,Evening Rush,Sunday,14.763,17.455,14.763,162.2,0,2024-12-22 18:00:00
